event_date_local,city,event_ticker,revision_sequence,transition,delta_q,delta_p_later,delta_m_later,projection_numerator,raw_projection_numerator,projection_denominator,directional_dot_positive,directional_dot_zero,post1_midpoint_sum,post2_midpoint_sum,delta_midpoint_sum,post1_total_spread,post2_total_spread,delta_total_spread
2026-08-14,Chicago,KXHIGHCHI-26AUG14,1,prev18Z->00Z,"[-0.056345907383048066, -0.10907570513716991, 5.551115123125783e-17, 0.1090757051371698, -0.009244709419990116, 0.06559061680303824]","[0.005735925942330702, -0.005824511671169763, 0.0047171900606812756, -0.005425875891393872, 0.00019931788988794032, 0.0005979536696638227]","[0.0050000000000000044, -0.010000000000000009, 0.0, -0.010000000000000009, 0.0, 0.0]",-0.00024233695909195592,-0.0002817295369152396,0.0313574738460237,False,False,1.0699999999999998,1.0549999999999995,-0.015000000000000346,0.0999999999999997,0.0899999999999998,-0.009999999999999898
2026-08-14,Chicago,KXHIGHCHI-26AUG14,3,06Z->12Z,"[0.056345907383048066, 0.10907570513716991, -5.551115123125783e-17, -0.1090757051371698, 0.009244709419990116, -0.06559061680303824]","[-0.025696517412935216, 0.03833333333333333, -0.052014925373134346, 0.029577114427860596, -0.010024875621890549, 0.019825870646766178]","[-0.024999999999999883, 0.040000000000000036, -0.04999999999999999, 0.029999999999999895, -0.009999999999999998, 0.020000000000000004]",-0.0018858709852408318,-0.001722150063465141,0.0313574738460237,False,False,1.0,1.005,0.004999999999999893,0.0799999999999998,0.0699999999999997,-0.010000000000000092
2026-08-14,Denver,KXHIGHDEN-26AUG14,2,00Z->06Z,"[0.02382175367684003, 0.06173830238208006, 0.047211540304266664, -0.00016983221710664687, -0.06911444827812935, -0.06348731586795076]","[-0.017662620603797072, 0.07399626517273575, 0.05742296918767503, -0.01548397136632429, 0.0011671335200746959, -0.09943977591036415]","[-0.019999999999999997, 0.06, 0.02999999999999997, -0.03999999999999998, 0.0, -0.105]",0.013093804372201801,0.011317170733335097,0.0154154985470517,True,False,1.02,0.945,-0.07500000000000007,0.0999999999999997,0.1299999999999997,0.03
2026-08-14,Denver,KXHIGHDEN-26AUG14,3,06Z->12Z,"[0.0446227522738476, -5.551115123125783e-17, -0.04462275227384749, -0.047225182705221025, 0.0806558763892618, -0.033430693684040835]","[-0.010149253731343288, -0.05037313432835823, -0.0014179104477612392, 0.01761194029850749, 0.004950248756218906, 0.039378109452736426]","[-0.010000000000000002, -0.05, 0.0, 0.020000000000000073, 0.005, 0.040000000000000105]",-0.0021385145299450386,-0.002324679542258225,0.0138355795988438,False,False,0.9999999999999998,1.005,0.0050000000000001155,0.1199999999999996,0.0899999999999998,-0.02999999999999979
2026-08-15,Chicago,KXHIGHCHI-26AUG15,1,prev18Z->00Z,"[-0.0025887880304190647, -0.06173830238208011, -0.06844450595068752, -0.02929994919361023, 0.14431302447431926, 0.017758521082477663]","[0.011324570273003043, -0.010875182563756858, -0.007145264577013831, 0.0005392652510953829, 0.005797101449275366, 0.0003595101673969231]","[0.0, -0.01999999999999999, -0.010000000000000009, 0.0, -0.010000000000000009, 0.0]",0.001958333669227313,0.0004760808624052834,0.0305030713260317,True,False,1.0750000000000002,1.035,-0.04000000000000026,0.1099999999999998,0.09,-0.01999999999999981
2026-08-15,Chicago,KXHIGHCHI-26AUG15,3,06Z->12Z,"[0.07643507265583449, 0.09314289450124047, 0.025431946016108653, 0.002325009433237879, -0.1974126513658474, 7.772875942591018e-05]","[0.031572001421247664, -0.009771077610273599, -0.009974112989188369, 2.5379422364346475e-05, -0.011877569666514431, 2.5379422364346475e-05]","[0.030000000000000027, -0.010000000000000002, -0.010000000000000002, 0.0, -0.015000000000000013, 0.0]",0.003594284168163022,0.004068493544989259,0.0541418696360564,True,False,0.995,0.99,-0.0050000000000000044,0.0699999999999999,0.0799999999999998,0.009999999999999898
2026-08-15,Denver,KXHIGHDEN-26AUG15,1,prev18Z->00Z,"[-0.05121660336080147, -0.00029683863855456405, 0.11443267942113877, 0.06415611422476775, -0.030396744349762694, -0.09667860729678779]","[0.01766583086391611, 0.007909733302940494, -0.015545931160246246, -0.018258490996124976, 0.027011625256439475, -0.018782767266924932]","[0.019999999999999997, 0.009999999999999995, -0.0050000000000000044, 0.0, 0.03, -0.009999999999999898]",-0.002862661844389597,-0.0015445801082322823,0.0301047888608289,False,False,1.025,1.07,0.04500000000000015,0.1099999999999997,0.0799999999999999,-0.02999999999999979
2026-08-15,Denver,KXHIGHDEN-26AUG15,3,06Z->12Z,"[0.056345907383048066, 0.10907570513716991, -5.551115123125783e-17, -0.1090757051371698, 0.009244709419990116, -0.06559061680303824]","[0.010423404149460178, 0.032315040549281054, -0.005945569431315023, -0.05868451166724714, 0.0002238917359072591, 0.02166774466391362]","[0.010000000000000002, 0.03, -0.010000000000000009, -0.065, 0.0, 0.020000000000000004]",0.009094025566809247,0.00961383872580085,0.0313574738460237,True,False,1.01,0.995,-0.015000000000000013,0.0599999999999997,0.0899999999999998,0.030000000000000103
2026-08-15,NYC,KXHIGHNY-26AUG15,3,06Z->12Z,"[-0.11999362332322855, 0.25257628669909943, 0.006683972749989886, -0.08721903335915926, -0.039826527784781574, -0.012221074981919933]","[-0.051951219512195224, 0.042560975609756024, -0.006463414634146375, 0.0053658536585365815, 0.010365853658536582, 0.0001219512195121935]","[-0.06, 0.030000000000000027, -0.009999999999999981, 0.005000000000000001, 0.010000000000000002, 0.0]",0.016058176052858558,0.013875705828223192,0.0875805925018769,True,False,1.0249999999999997,1.0,-0.02499999999999969,0.0899999999999998,0.0799999999999998,-0.010000000000000009
2026-08-16,Chicago,KXHIGHCHI-26AUG16,3,06Z->12Z,"[-0.09314289450124047, -0.07643507265583449, 0.07643507265583449, 0.09314289450124047, -0.027834684208772442, 0.027834684208772442]","[-0.0039025318865410358, 0.013801637159718216, -0.03483723586521992, 0.024747763182943073, 9.518370454977831e-05, 9.518370454977831e-05]","[-0.0049999999999999906, 0.010000000000000009, -0.039999999999999925, 0.025, 0.0, 0.0]",-0.001049144382472686,-0.001027466797754506,0.0305853775459479,False,False,1.0299999999999998,1.02,-0.009999999999999787,0.0999999999999997,0.1399999999999999,0.0400000000000002
2026-08-16,Denver,KXHIGHDEN-26AUG16,1,prev18Z->00Z,"[0.047211540304266664, 0.06173830238208006, 0.02382175367684003, -0.017925233511610794, -0.06365714808505746, -0.0511892147665185]","[0.0055900326874792905, -0.006490122696480083, 0.026836894215737428, -0.0236155194466815, -0.0018238665971860302, -0.0004974181628689175]","[0.010000000000000009, 0.00500000000000006, 0.040000000000000036, -0.020000000000000004, 0.0, 0.0]",0.0010674050712657951,0.002092181732258889,0.013601905674344,True,False,1.01,1.045,0.03499999999999992,0.1199999999999996,0.1099999999999997,-0.009999999999999898
2026-08-16,NYC,KXHIGHNY-26AUG16,1,prev18Z->00Z,"[-0.06415611422476775, -0.11443267942113877, 0.00029683863855456405, 0.05121660336080147, 0.09667860729678779, 0.030396744349762694]","[0.010469397146801729, 0.005545329038196045, -0.005085135757017911, 0.0006442705936493369, -0.011734928670041403, 0.00016106764841233422]","[0.0, -0.010000000000000064, -0.009999999999999981, 0.0, -0.015, 0.0]",-0.002404375441065243,-0.0003088207016259672,0.0301047888608289,False,False,1.06,1.025,-0.03500000000000014,0.1399999999999996,0.0699999999999997,-0.0699999999999999
2026-08-17,Chicago,KXHIGHCHI-26AUG17,1,prev18Z->00Z,"[0.07643507265583449, -0.07643507265583449, -0.09314289450124047, -0.025431946016108653, 0.12097757871001291, -0.002402738192663789]","[0.03044459489957113, -0.007921462423832237, -0.01390205371248017, 0.004829609568946057, -0.01351839313924616, 6.770480704129667e-05]","[0.030000000000000027, -0.010000000000000009, -0.014999999999999888, 0.005000000000000001, -0.014999999999999902, 0.0]",0.0024689783845262925,0.002512722913021254,0.0356483710394007,True,False,1.0549999999999995,1.05,-0.004999999999999449,0.0899999999999996,0.0799999999999998,-0.0099999999999998
2026-08-17,Chicago,KXHIGHCHI-26AUG17,3,06Z->12Z,"[-5.551115123125783e-17, -0.1090757051371698, -0.05634590738304812, -0.008756101662800164, 0.1746663219402081, -0.0004886077571899516]","[-0.1150201707477248, -0.06583638239984987, -0.009921193357725865, -0.00011727178909841374, 0.19591425086781125, -0.005019232573412139]","[-0.10499999999999998, -0.065, -0.009999999999999998, 0.0, 0.21, -0.005]",0.04196326937043756,0.04433575055397617,0.0456576028039799,True,False,1.02,1.045,0.02499999999999991,0.08,0.07,-0.009999999999999995
2026-08-17,Denver,KXHIGHDEN-26AUG17,1,prev18Z->00Z,"[-0.09314289450124047, -0.07643507265583449, 0.07643507265583449, 0.09314289450124047, -0.027834684208772442, 0.027834684208772442]","[-6.520321669202522e-05, -0.00484677244077375, -0.057357096283416675, -0.030058682895022948, -6.520321669202522e-05, 0.09239295805259726]","[0.0, -0.0049999999999999975, -0.06, -0.030000000000000082, 0.0, 0.1]",-0.004233766210043266,-0.004214747410230875,0.0305853775459479,False,False,1.0699999999999998,1.075,0.0050000000000001155,0.0799999999999999,0.0899999999999997,0.0099999999999998
2026-08-17,NYC,KXHIGHNY-26AUG17,2,00Z->06Z,"[0.026158507459463465, 0.05134385445682066, 0.03661893573094177, 0.014339968380501111, -0.13236766522180732, 0.003906399194080312]","[-0.01953865100416821, 0.005399772641151955, 0.00011841606669192942, 0.00011841606669192942, 0.013783630162940597, 0.00011841606669192942]","[-0.024999999999999994, 0.005000000000000001, 0.0, 0.0, -0.0050000000000000044, 0.0]",-0.0020518668169871856,0.0002645949119065541,0.0224034988011465,False,False,1.04,1.015,-0.025000000000000133,0.0799999999999999,0.0699999999999999,-0.010000000000000009
2026-08-18,Chicago,KXHIGHCHI-26AUG18,2,00Z->06Z,"[-0.09343973313979503, 0.03799760676530428, 0.14059118688060224, 0.051047015818266095, -0.10944803191933661, -0.02674804440504097]","[0.008472247664407392, 0.019646455394760898, -0.024684008060084306, -0.0026103681993038946, -0.0004121633998900899, -0.0004121633998900899]","[0.009999999999999995, 0.02999999999999997, -0.010000000000000009, 0.0, 0.0, 0.0]",-0.0035925967334636865,-0.0012003809972448464,0.0452408110720837,False,False,1.0299999999999998,1.0599999999999998,0.030000000000000027,0.06,0.0799999999999998,0.019999999999999796
2026-08-18,NYC,KXHIGHNY-26AUG18,1,prev18Z->00Z,"[-5.551115123125783e-17, -0.1090757051371698, -0.05634590738304812, -0.008756101662800164, 0.1746663219402081, -0.0004886077571899516]","[0.003249830737982351, -0.014759647935003367, -6.77048070412984e-05, -2.2568269013766712e-05, 0.011622658542089881, -2.2568269013766712e-05]","[0.004999999999999893, -0.015, 0.0, 0.0, 0.015000000000000013, 0.0]",0.0036440295506767256,0.0042561304061606705,0.0456576028039799,True,False,1.0499999999999998,1.0549999999999995,0.004999999999999671,0.0999999999999999,0.1099999999999998,0.009999999999999912
2026-08-18,NYC,KXHIGHNY-26AUG18,3,06Z->12Z,"[-0.07643507265583449, -0.09314289450124047, -0.025431946016108653, -0.002325009433237879, 0.1974126513658474, -7.772875942591018e-05]","[0.10226504394861388, 0.0048778131942432135, -2.4147590070511954e-05, -2.4147590070511954e-05, -0.10707041437264575, -2.4147590070511954e-05]","[0.10499999999999998, 0.005, 0.0, 0.0, -0.10499999999999998, 0.0]",-0.02940735194771248,-0.029219725494782797,0.0541418696360564,False,False,1.015,1.02,0.0050000000000001155,0.1099999999999999,0.14,0.03000000000000011
2026-08-19,Denver,KXHIGHDEN-26AUG19,1,prev18Z->00Z,"[0.09844178606602244, 0.04491959091240216, -0.11443267942113883, -0.10877886649861523, 0.06382743803380353, 0.01602273090752593]","[-0.004797979797979798, 0.0015656565656565757, 0.004797979797979801, -0.0023737373737373613, 0.0001515151515151525, 0.0006565656565656608]","[-0.005000000000000001, 0.0, 0.0, -0.0050000000000000044, 0.0, 0.0]",-0.0006726354728111975,5.168540216296438e-05,0.0409669045595247,False,False,1.0,0.99,-0.010000000000000009,0.0599999999999999,0.0799999999999998,0.019999999999999893
2026-08-19,Denver,KXHIGHDEN-26AUG19,3,06Z->12Z,"[-0.09844178606602244, -0.04491959091240216, 0.11443267942113883, 0.10877886649861523, -0.06382743803380353, -0.01602273090752593]","[0.00914647650263543, 0.008017008459937108, -0.04462506090268864, 0.009035744341586605, 0.01862514948841742, -0.00019931788988793858]","[0.010000000000000002, 0.009999999999999995, -0.040000000000000036, 0.015000000000000013, 0.02, 0.0]",-0.006569785442396638,-0.005655786709826643,0.0409669045595247,False,False,1.055,1.0699999999999998,0.014999999999999902,0.07,0.1199999999999998,0.049999999999999795
2026-08-19,NYC,KXHIGHNY-26AUG19,2,00Z->06Z,"[0.2525762866990995, 0.11575967788715968, -0.030873125976111138, -0.0028879483168889886, -0.3344864730482182, -8.841724504082826e-05]","[-0.03549184832386887, 0.039476094522806315, 0.0043048177321853825, -0.00013738779996336388, -0.008014288331196287, -0.00013738779996336388]","[-0.020000000000000018, 0.04999999999999999, 0.005000000000000001, 0.0, -0.005000000000000102, 0.0]",-0.0018464824974675073,0.0022545248957365578,0.1900377822501081,False,False,1.0299999999999998,1.0599999999999998,0.030000000000000027,0.0999999999999999,0.0799999999999998,-0.0200000000000001
2026-08-20,Chicago,KXHIGHCHI-26AUG20,1,prev18Z->00Z,"[0.10907570513716991, -5.551115123125783e-17, -0.1090757051371698, -0.05634590738304812, 0.06559061680303818, -0.009244709419990116]","[0.013265404210323933, 0.009324233394213122, -0.014515043737383493, -0.009228107276747104, 0.0008651350571950295, 0.00028837835239834374]","[0.010000000000000009, 0.0, -0.020000000000000018, -0.010000000000000002, 0.0, 0.0]",0.00360421679480747,0.0038357302279455794,0.0313574738460237,True,False,1.0299999999999998,1.01,-0.019999999999999796,0.0599999999999999,0.0599999999999999,0.0
2026-08-20,Chicago,KXHIGHCHI-26AUG20,3,06Z->12Z,"[0.006683972749989775, 0.2525762866990995, -0.1199936233232286, -0.036846783539289496, -0.09944010834107914, -0.0029797442454920775]","[-0.028851574947910325, 0.0494178208113738, -0.011251378845446774, -0.009609020713322716, 0.00014707684765289698, 0.00014707684765289698]","[-0.035, 0.030000000000000027, -0.015, -0.009999999999999998, 0.0, 0.0]",0.013978018168792482,0.009511721739964674,0.0894928252125105,True,False,1.0249999999999997,0.995,-0.029999999999999694,0.07,0.1099999999999997,0.03999999999999969
2026-08-20,NYC,KXHIGHNY-26AUG20,1,prev18Z->00Z,"[-0.021232965646420965, 5.551115123125783e-17, 0.021232965646420854, 0.029469781410716878, -0.07519857619618991, 0.04572879478547309]","[-0.032086895394453405, -0.001156488809270051, -0.030272795301480748, 0.06324406449125841, 0.00022676251162157685, 4.535250232431606e-05]","[-0.035, -0.0050000000000000044, -0.034999999999999976, 0.0650000000000001, 0.0, 0.0]",0.001887329178299109,0.0019155357916966042,0.0095160942111457,True,False,1.0549999999999995,1.0449999999999997,-0.009999999999999787,0.1099999999999995,0.0899999999999997,-0.019999999999999796
2026-08-21,Chicago,KXHIGHCHI-26AUG21,2,00Z->06Z,"[-0.10907570513716991, 5.551115123125783e-17, 0.1090757051371698, 0.05634590738304812, -0.06559061680303818, 0.009244709419990116]","[-0.013368505767683087, 0.04468836627023165, -0.03637217204685678, 0.004873468657784142, 0.00011177680407762139, 6.706608244657145e-05]","[-0.015000000000000013, 0.044999999999999984, -0.03999999999999998, 0.0050000000000000044, 0.0, 0.0]",-0.0022412526095948763,-0.0024451630915139962,0.0313574738460237,False,False,1.0599999999999998,1.0549999999999995,-0.0050000000000003375,0.0799999999999998,0.0699999999999998,-0.009999999999999995
2026-08-21,Denver,KXHIGHDEN-26AUG21,1,prev18Z->00Z,"[-0.09314289450124047, 0.09314289450124047, 0.07643507265583449, -0.07643507265583449, -0.027834684208772442, 0.027834684208772442]","[-0.005821004123211265, 0.007981831411373, -0.015191938791259685, 0.014442264017815842, -0.0008819703216986739, -0.0005291821930192061]","[0.0, 0.009999999999999995, -0.0050000000000000044, 0.03500000000000003, 0.0, 0.0]",-0.0009696366446392704,-0.002125973961220978,0.0305853775459479,False,False,1.0449999999999997,1.0849999999999995,0.039999999999999813,0.0899999999999997,0.0899999999999997,0.0
2026-08-21,NYC,KXHIGHNY-26AUG21,3,06Z->12Z,"[-5.551115123125783e-17, -0.021232965646420854, -0.029469781410716878, -0.024043877135514924, 0.09643154184261088, -0.02168491764995817]","[0.008703481392557, -0.018107242897158857, -0.005302120848339335, -0.00020008003201280478, 0.015106042416966836, -0.00020008003201280478]","[0.024999999999999967, -0.015, -0.005, 0.0, 0.03500000000000003, 0.0]",0.002006571188933113,0.00384094735624128,0.0116666927898739,True,False,0.98,1.02,0.040000000000000036,0.0999999999999999,0.08,-0.019999999999999893
2026-08-22,Chicago,KXHIGHCHI-26AUG22,1,prev18Z->00Z,"[-0.23575330121038823, 0.0, 0.2357533012103883, 0.005973657563178358, -0.005977036246740619, 3.378683562260676e-06]","[0.009708737864077749, -0.009708737864077666, 0.01941747572815522, -1.3877787807814457e-17, -0.019417475728155345, -3.469446951953614e-18]","[0.010000000000000106, -0.009999999999999898, 0.019999999999999962, 0.0, -0.019999999999999997, 0.0]",0.002404925958289949,0.0024770737370386616,0.1112306476215845,True,False,1.0299999999999998,1.03,2.220446049250313e-16,0.0599999999999997,0.06,2.983724378680108e-16
2026-08-22,Chicago,KXHIGHCHI-26AUG22,2,00Z->06Z,"[0.23575330121038823, 0.0, -0.2357533012103883, -0.005973657563178358, 0.005977036246740619, -3.378683562260676e-06]","[0.012646854010827338, -0.0023137228474514604, -0.009075184760877764, -0.000359413257856548, -0.0006289732012489599, -0.0002695599433924084]","[0.015, 0.0050000000000000044, 0.0, 0.0, 0.0, 0.0]",0.005119430876311283,0.0035362995181558235,0.1112306476215845,True,False,1.045,1.0649999999999995,0.019999999999999574,0.0899999999999997,0.0899999999999997,0.0
2026-08-22,Denver,KXHIGHDEN-26AUG22,1,prev18Z->00Z,"[-0.01792523351161085, 0.02382175367684003, 0.06173830238208006, 0.047211540304266664, -0.0511892147665185, -0.0636571480850574]","[-0.012519561815336477, -0.02497391757955139, 0.004368805425143452, -0.01610589462702139, -0.008933229003651538, 0.058163797600417316]","[-0.015, -0.03, 0.0, -0.01999999999999999, -0.010000000000000002, 0.06]",-0.004106424405869401,-0.00469754165115463,0.013601905674344,False,False,1.08,1.0650000000000002,-0.014999999999999902,0.0799999999999998,0.1099999999999997,0.029999999999999902
2026-08-22,Denver,KXHIGHDEN-26AUG22,3,06Z->12Z,"[0.01792523351161085, -0.02382175367684003, -0.06173830238208006, -0.047211540304266664, 0.0511892147665185, 0.0636571480850574]","[-0.009803921568627437, -0.019607843137254957, 0.004901960784313764, 0.024509803921568762, 5.204170427930421e-18, 2.7755575615628914e-17]","[-0.010000000000000002, -0.020000000000000115, 0.004999999999999893, 0.024999999999999967, 0.0, 0.0]",-0.0011684287069572354,-0.001191797281096364,0.013601905674344,False,False,1.02,1.0199999999999996,-4.440892098500626e-16,0.0599999999999997,0.0999999999999996,0.039999999999999904
2026-08-22,NYC,KXHIGHNY-26AUG22,2,00Z->06Z,"[-0.0446227522738476, 5.551115123125783e-17, 0.04462275227384749, 0.047225182705221025, -0.0806558763892618, 0.033430693684040835]","[0.007981220657277008, -0.030248155600268223, 0.04205231388329983, -0.0006036217303822949, -0.009590878604963111, -0.009590878604963111]","[0.010000000000000009, -0.025000000000000022, 0.04999999999999999, 0.0, -0.009999999999999998, -0.009999999999999998]",0.0019447708006448093,0.0022571619180061057,0.0138355795988438,True,False,1.0499999999999998,1.0649999999999995,0.01499999999999968,0.0799999999999998,0.1099999999999999,0.03000000000000011
2026-08-22,NYC,KXHIGHNY-26AUG22,3,06Z->12Z,"[-0.09343973313979503, 0.03799760676530428, 0.14059118688060224, 0.051047015818266095, -0.10944803191933661, -0.02674804440504097]","[-0.17878048780487812, -0.007317073170731825, 0.19499999999999998, 0.0006097560975609692, -0.00963414634146342, 0.0001219512195121935]","[-0.185, -0.020000000000000018, 0.19000000000000003, 0.0, -0.009999999999999998, 0.0]",0.04492475387261197,0.04433320432206379,0.0452408110720837,True,False,1.0249999999999997,1.0,-0.02499999999999969,0.0899999999999997,0.0799999999999998,-0.009999999999999912
2026-08-23,Chicago,KXHIGHCHI-26AUG23,2,00Z->06Z,"[0.22906932846039846, -0.2525762866990995, -0.11575967788715968, 0.030873125976111138, 0.10541714458781976, 0.002976365561929817]","[-0.010283900059816872, 0.0013113698062853785, 0.010237887084157848, -0.0005751621957391963, -0.00034509731744351846, -0.00034509731744351846]","[-0.010000000000000002, 0.010000000000000009, 0.025000000000000022, 0.0, 0.0, 0.0]",-0.003927244872430924,-0.007710448098773977,0.1417426239010869,False,False,1.0299999999999998,1.0549999999999995,0.02499999999999969,0.0599999999999999,0.0699999999999998,0.009999999999999898
2026-08-23,Chicago,KXHIGHCHI-26AUG23,3,06Z->12Z,"[-0.22906932846039846, 0.2525762866990995, 0.11575967788715968, -0.030873125976111138, -0.10541714458781976, -0.002976365561929817]","[0.015072421145504005, 0.013136288998357892, 0.001004828076366815, -0.02931157022767935, 4.9016003725215265e-05, 4.9016003725215265e-05]","[0.015, 0.010000000000000009, -0.0050000000000000044, -0.03, 0.0, 0.0]",0.000881231064090238,-0.0005628816700674441,0.1417426239010869,True,False,1.0149999999999997,1.005,-0.009999999999999787,0.0899999999999998,0.0699999999999999,-0.019999999999999907
2026-08-23,Denver,KXHIGHDEN-26AUG23,2,00Z->06Z,"[0.025431946016108653, 0.09314289450124047, 0.07643507265583449, -0.07643507265583449, 0.002402738192663789, -0.12097757871001291]","[-0.006227321761302338, 0.007158968324016884, -0.017407080513876516, 0.018681965283907143, -0.0005884083553986431, -0.0016181229773463424]","[-0.0050000000000000044, 0.009999999999999995, -0.0050000000000000044, 0.034999999999999976, 0.0, 0.004999999999999893]",-0.0020556919085240864,-0.002858021584851569,0.0356483710394007,False,False,0.99,1.0299999999999998,0.039999999999999813,0.0799999999999999,0.0799999999999998,-1.1102230246251565e-16
2026-08-24,Chicago,KXHIGHCHI-26AUG24,1,prev18Z->00Z,"[0.09314289450124047, 0.07643507265583449, -0.07643507265583449, -0.09314289450124047, 0.027834684208772442, -0.027834684208772442]","[0.013608428446005294, 0.013901082821188293, -0.03577699736611051, -0.0009511267193444417, 0.009438103599648827, -0.00021949078138717645]","[0.015, 0.019999999999999962, -0.02999999999999997, 0.0, 0.010000000000000002, 0.0]",0.00542208286908227,0.005497243892398051,0.0305853775459479,True,False,1.005,1.0199999999999998,0.014999999999999902,0.0699999999999998,0.0799999999999998,0.009999999999999995
2026-08-24,Chicago,KXHIGHCHI-26AUG24,3,06Z->12Z,"[-0.11999362332322855, 0.25257628669909943, 0.006683972749989886, -0.08721903335915926, -0.039826527784781574, -0.012221074981919933]","[0.02020100502512563, -0.032914572864321645, 0.007386934673366818, 0.010276381909547744, -0.004974874371859297, 2.5125628140703488e-05]","[0.02, -0.03500000000000003, 0.0050000000000000044, 0.010000000000000002, -0.005, 0.0]",-0.011386529496399263,-0.011879680331850793,0.0875805925018769,False,False,1.0,0.995,-0.0050000000000000044,0.0999999999999998,0.0699999999999999,-0.029999999999999902
2026-08-24,Denver,KXHIGHDEN-26AUG24,3,06Z->12Z,"[0.0872190333591592, -0.006683972749989775, -0.2525762866990995, 0.1199936233232286, 0.012221074981919933, 0.039826527784781574]","[-0.015161161019546818, -0.0030652425078399395, -0.036617858574426454, 0.06573766239890605, -0.0052109122633279105, -0.005682488033764825]","[-0.015, 0.0, -0.015000000000000069, 0.09000000000000002, -0.005, -0.005000000000000001]",0.015545052517254628,0.013019546885356191,0.087580592501877,True,False,1.005,1.0549999999999995,0.0499999999999996,0.0899999999999998,0.0699999999999999,-0.019999999999999907
2026-08-24,NYC,KXHIGHNY-26AUG24,2,00Z->06Z,"[0.25257628669909943, 0.006683972749989886, -0.08721903335915926, -0.011644049979689153, -0.15982015110801012, -0.0005770250022307799]","[0.006930358350236698, -0.022264078045011126, 0.014947358253646292, 4.829518014102391e-05, 0.00031391867091665193, 2.4147590070511954e-05]","[0.0050000000000000044, -0.025000000000000078, 0.015, 0.0, 0.0, 0.0]",0.00024719073380821953,-0.00021250338564163834,0.0971250134325043,True,False,1.02,1.015,-0.0050000000000001155,0.0999999999999999,0.0899999999999997,-0.01000000000000019
2026-08-24,NYC,KXHIGHNY-26AUG24,3,06Z->12Z,"[-0.3290113593549339, 0.0697510999058446, 0.18036192786039973, 0.037075995995797806, 0.03884257239799721, 0.002979763194894569]","[0.17241379310344834, -0.15270935960591137, -0.029556650246305417, 0.0, 0.009852216748768471, 0.0]","[0.17500000000000004, -0.15500000000000003, -0.03, 0.0, 0.009999999999999998, 0.0]",-0.07232595121610975,-0.07341084048435138,0.1485363694424483,False,False,1.015,1.015,0.0,0.0699999999999998,0.0899999999999997,0.019999999999999907
2026-08-25,Chicago,KXHIGHCHI-26AUG25,2,00Z->06Z,"[0.22906932846039846, -0.2525762866990995, -0.11575967788715968, 0.030873125976111138, 0.10541714458781976, 0.002976365561929817]","[0.0019560492634629334, 0.019246558802221703, -0.017049021975368367, 0.00021733880705143878, -0.004443371166384935, 7.244626901714568e-05]","[0.0, 0.010000000000000009, -0.0200000000000001, 0.0, -0.0050000000000000044, 0.0]",-0.0029010461163787257,-0.000737655032186891,0.1417426239010869,False,False,1.025,1.0099999999999998,-0.015000000000000124,0.0899999999999999,0.0999999999999999,0.009999999999999995
2026-08-25,Chicago,KXHIGHCHI-26AUG25,3,06Z->12Z,"[-0.22906932846039846, 0.2525762866990995, 0.11575967788715968, -0.030873125976111138, -0.10541714458781976, -0.002976365561929817]","[0.0028254044916686816, 0.004032842308620999, -0.007075585607341256, 7.244626901714481e-05, 7.244626901714481e-05, 7.244626901714481e-05]","[0.0, -0.0050000000000000044, -0.010000000000000009, 0.0, 0.0, 0.0]",-0.0004577700333357564,-0.0024204782123670963,0.1417426239010869,False,False,1.0249999999999997,1.0099999999999998,-0.014999999999999902,0.07,0.06,-0.010000000000000009
2026-08-25,Denver,KXHIGHDEN-26AUG25,1,prev18Z->00Z,"[-0.03661893573094177, -0.05134385445682066, -0.026158507459463465, 0.026158507459463465, -0.018246367574581424, 0.10620915776234385]","[-0.005927301292580161, 0.02873193839415364, 0.004856102263800621, -0.003570663429265153, -0.0005713061486824263, -0.023518769787426508]","[-0.0049999999999999975, 0.035, 0.020000000000000018, 0.010000000000000009, 0.0, -0.020000000000000004]",-0.003966073080064603,-0.003999708457175526,0.0169589879918168,False,False,1.005,1.0450000000000002,0.04000000000000026,0.0899999999999999,0.0699999999999999,-0.020000000000000004
2026-08-25,Denver,KXHIGHDEN-26AUG25,2,00Z->06Z,"[-0.024510218999581168, -0.04722518270522097, -0.0446227522738476, 5.551115123125783e-17, -0.008920474684459667, 0.12527862866310935]","[0.0007070968958446285, 0.04153015768260779, 0.015532561812053647, -0.05102882598345382, 0.00042425813750677707, -0.00716524854455898]","[0.0, 0.04000000000000001, 0.0050000000000000044, -0.06499999999999989, 0.0, -0.010000000000000106]",-0.0035731431376943576,-0.0033649073562091875,0.0205964684057474,False,False,1.045,1.015,-0.030000000000000027,0.0899999999999996,0.0899999999999997,1.1102230246251565e-16
2026-08-25,Denver,KXHIGHDEN-26AUG25,3,06Z->12Z,"[0.024510218999581168, 0.04722518270522097, 0.0446227522738476, -5.551115123125783e-17, 0.008920474684459667, -0.12527862866310935]","[0.005907112450375465, 0.0770077007700771, 0.016310326684842336, -0.10066006600660066, 0.005070072224613765, -0.0036351461233079876]","[0.0049999999999999975, 0.07500000000000011, 0.0050000000000000044, -0.10999999999999999, 0.005, -0.0049999999999999975]",0.005009932597799075,0.004558549075996573,0.0205964684057474,True,False,1.035,1.01,-0.02499999999999991,0.1099999999999997,0.1199999999999996,0.009999999999999898
2026-08-25,NYC,KXHIGHNY-26AUG25,2,00Z->06Z,"[-5.551115123125783e-17, -0.1090757051371698, -0.05634590738304812, -0.008756101662800164, 0.1746663219402081, -0.0004886077571899516]","[-0.0030193236714975424, 0.01969528056484579, 6.967670011148383e-05, 2.3225566703827943e-05, -0.01679208472686733, 2.3225566703827943e-05]","[-0.0050000000000000044, 0.020000000000000004, 0.0, 0.0, -0.020000000000000018, 0.0]",-0.00508542900294174,-0.005674840541547561,0.0456576028039799,False,False,1.04,1.035,-0.0050000000000001155,0.0799999999999998,0.09,0.010000000000000203
2026-08-26,Chicago,KXHIGHCHI-26AUG26,3,06Z->12Z,"[-0.11999362332322855, 0.25257628669909943, 0.006683972749989886, -0.08721903335915926, -0.039826527784781574, -0.012221074981919933]","[-0.018682423937641447, -0.14908222278099076, 0.13213477495599701, 0.03507669097309529, 0.0002765903947699261, 0.0002765903947699261]","[-0.020000000000000004, -0.165, 0.09999999999999998, 0.03, 0.0, 0.0]",-0.037603428214107774,-0.04122338856466263,0.0875805925018769,False,False,1.025,0.97,-0.05499999999999994,0.0699999999999999,0.0599999999999999,-0.009999999999999995
2026-08-26,Denver,KXHIGHDEN-26AUG26,1,prev18Z->00Z,"[-0.002325009433237879, -0.025431946016108653, -0.09314289450124047, -0.07643507265583449, -7.772875942591018e-05, 0.1974126513658474]","[-0.013098351808029141, -0.016876323327936232, 0.009175073691202712, -0.007597459210362478, -0.013409723087142444, 0.04180678374226765]","[-0.014999999999999899, -0.019999999999999997, 0.0050000000000000044, -0.015000000000000013, -0.015, 0.03500000000000009]",0.008440001306002469,0.00813493440834812,0.0541418696360564,True,False,1.11,1.085,-0.025000000000000133,0.1599999999999995,0.0899999999999997,-0.0699999999999998
2026-08-27,Chicago,KXHIGHCHI-26AUG27,1,prev18Z->00Z,"[-0.11999362332322855, 0.25257628669909943, 0.006683972749989886, -0.08721903335915926, -0.039826527784781574, -0.012221074981919933]","[-0.004027323498653854, 0.01352824689050569, 0.00413857552900343, -0.004338829183632598, -0.009345170549362528, 4.450081213982181e-05]","[-0.0050000000000000044, 0.009999999999999898, 0.0, -0.0049999999999999975, -0.009999999999999998, 0.0]",0.004677899964193195,0.003960091428250724,0.0875805925018769,True,False,1.0649999999999995,1.0549999999999995,-0.010000000000000009,0.0699999999999998,0.0899999999999996,0.019999999999999796
2026-08-27,Denver,KXHIGHDEN-26AUG27,3,06Z->12Z,"[-0.056345907383048066, -0.10907570513716991, 5.551115123125783e-17, 0.1090757051371698, -0.009244709419990116, 0.06559061680303824]","[-0.004606253875453981, -0.01849145185578871, -0.016542652139250602, 0.0394410488085748, 2.214545132429857e-05, 0.00017716361059438857]","[-0.005000000000000001, -0.019999999999999893, -0.020000000000000018, 0.03999999999999998, 0.0, 0.0]",0.006589987456805616,0.0068262718451454155,0.0313574738460237,True,False,1.065,1.0599999999999998,-0.0050000000000001155,0.0899999999999998,0.0999999999999999,0.010000000000000092
2026-08-27,NYC,KXHIGHNY-26AUG27,3,06Z->12Z,"[0.25257628669909943, 0.006683972749989886, -0.08721903335915926, -0.011644049979689153, -0.15982015110801012, -0.0005770250022307799]","[-0.027729675537732423, -0.0004101348888078775, -6.83558148013132e-05, -6.83558148013132e-05, 0.028344877870944196, -6.83558148013132e-05]","[-0.024999999999999967, 0.0, 0.0, 0.0, 0.040000000000000036, 0.0]",-0.011529885163954728,-0.012707213211797887,0.0971250134325043,False,False,1.0399999999999998,1.055,0.015000000000000124,0.08,0.09,0.009999999999999995
2026-08-29,Chicago,KXHIGHCHI-26AUG29,1,prev18Z->00Z,"[-0.07643507265583449, 0.07643507265583449, 0.09314289450124047, 0.025431946016108653, -0.12097757871001291, 0.002402738192663789]","[-0.012373089109368823, 0.02150836050787497, 0.029186613936492578, -0.007770762506070894, -0.021392724161058294, -0.009158398667869282]","[-0.025000000000000022, 0.0, 0.020000000000000018, -0.009999999999999995, -0.02500000000000001, -0.009999999999999998]",0.007676665890108887,0.006519827332083275,0.0356483710394007,True,False,1.065,1.0149999999999997,-0.050000000000000266,0.0699999999999998,0.0699999999999998,0.0
2026-08-29,NYC,KXHIGHNY-26AUG29,1,prev18Z->00Z,"[-0.25257628669909943, -0.006683972749989886, 0.08721903335915926, 0.011644049979689153, 0.15982015110801012, 0.0005770250022307799]","[0.027609890109890067, -0.00874542124542134, -0.004532967032967031, 4.5787545787545625e-05, -0.014423076923076927, 4.5787545787545625e-05]","[0.024999999999999967, -0.010000000000000106, -0.0049999999999999975, 0.0, -0.020000000000000018, 0.0]",-0.009615049125957266,-0.00988006562893358,0.0971250134325043,False,False,1.0499999999999998,1.0399999999999998,-0.010000000000000009,0.08,0.0799999999999998,-2.0816681711721685e-16
2026-08-30,Denver,KXHIGHDEN-26AUG30,2,00Z->06Z,"[0.051047015818266095, 0.14059118688060224, 0.03799760676530428, -0.09343973313979503, -0.02674804440504097, -0.10944803191933661]","[0.006659295371161444, 0.05078655073629168, 0.014549932150575456, -0.009272754686636183, -0.06284867065386746, 0.00012564708247474448]","[0.0, 0.03999999999999987, 0.010000000000000009, -0.010000000000000002, -0.065, 0.0]",0.010566712133001022,0.008676643760602728,0.0452408110720837,True,False,1.0099999999999998,0.985,-0.0249999999999998,0.0799999999999998,0.1099999999999997,0.029999999999999902
2026-08-30,Denver,KXHIGHDEN-26AUG30,3,06Z->12Z,"[-0.09314289450124047, -0.07643507265583449, 0.07643507265583449, 0.09314289450124047, -0.027834684208772442, 0.027834684208772442]","[0.02105724939679743, 0.05220443079622722, -0.10649265189734589, 0.0004935292827374406, 0.03257293266067121, 0.00016450976091248164]","[0.014999999999999902, 0.034999999999999976, -0.11000000000000001, 0.0, 0.030000000000000002, 0.0]",-0.014947465676208294,-0.013315269478877772,0.0305853775459479,False,False,0.97,0.94,-0.030000000000000027,0.1399999999999999,0.1199999999999997,-0.020000000000000198
2026-08-30,NYC,KXHIGHNY-26AUG30,1,prev18Z->00Z,"[0.07643507265583449, -0.07643507265583449, -0.09314289450124047, -0.025431946016108653, 0.12097757871001291, -0.002402738192663789]","[-0.009050104893399025, -0.003927404010342958, -0.0005122700883056046, -0.0001707566961018682, 0.013831292384251404, -0.0001707566961018682]","[0.0, 0.0, 0.0, 0.0, 0.03500000000000003, 0.0]",0.001334189526390197,0.004234215254850455,0.0356483710394007,True,False,0.995,1.0299999999999998,0.03499999999999981,0.0899999999999999,0.0799999999999998,-0.010000000000000106
2026-08-30,NYC,KXHIGHNY-26AUG30,2,00Z->06Z,"[-5.551115123125783e-17, -0.1090757051371698, -0.05634590738304812, -0.008756101662800164, 0.1746663219402081, -0.0004886077571899516]","[-0.01449275362318847, -0.009661835748792272, 0.0, 0.0, 0.024154589371980673, 0.0]","[-0.015000000000000013, -0.009999999999999995, 0.0, 0.0, 0.025000000000000022, 0.0]",0.005272864830798938,0.005457415099876904,0.0456576028039799,True,False,1.035,1.035,0.0,0.1099999999999997,0.0899999999999999,-0.019999999999999796
2026-08-31,Chicago,KXHIGHCHI-26AUG31,2,00Z->06Z,"[-0.06415611422476775, 0.042095878682974375, 0.040029613645968354, 0.012260537361924118, -0.03252249307202004, 0.0022925776059209424]","[-0.0031444480838519473, -0.00275139207337044, -0.014477563052735017, -0.00013101867016049838, 0.020548094770171388, -4.367289005349946e-05]","[0.0, 0.0, -0.015, 0.0, 0.025000000000000022, 0.0]",-0.0011635997046210158,-0.001413506531490027,0.0087037292072605,False,False,1.065,1.075,0.010000000000000009,0.09,0.07,-0.01999999999999999
2026-08-31,Chicago,KXHIGHCHI-26AUG31,3,06Z->12Z,"[0.14059118688060224, 0.051047015818266095, -0.0145976676298597, -0.009935527928686239, -0.16489015829382736, -0.0022148488464950322]","[-0.08173366834170848, -0.130929648241206, -0.03525125628140703, -0.010075376884422109, 0.25801507537688445, -2.512562814070262e-05]","[-0.07999999999999996, -0.13, -0.035, -0.009999999999999998, 0.26, 0.0]",-0.060104001925576724,-0.06014457451688593,0.0498771561254765,False,False,0.995,1.0,0.0050000000000000044,0.0899999999999997,0.0799999999999998,-0.009999999999999912
2026-08-31,Denver,KXHIGHDEN-26AUG31,2,00Z->06Z,"[0.025431946016108653, 0.09314289450124047, 0.07643507265583449, -0.07643507265583449, 0.002402738192663789, -0.12097757871001291]","[-0.0012703021504400641, -0.03670265856092912, -0.02658560929135284, 0.07934851646856006, -0.0005444152073314553, -0.014245531258506472]","[0.0, -0.035, -0.010000000000000064, 0.09499999999999997, 0.0, -0.010000000000000009]",-0.009825898917280466,-0.010075908149305913,0.0356483710394007,False,False,1.03,1.0699999999999998,0.039999999999999813,0.0799999999999998,0.0599999999999998,-0.019999999999999997
2026-08-31,Denver,KXHIGHDEN-26AUG31,3,06Z->12Z,"[0.056345907383048066, 0.10907570513716991, -5.551115123125783e-17, -0.1090757051371698, 0.009244709419990116, -0.06559061680303824]","[0.001020408163265308, 0.01972789115646259, -0.01258503401360539, 0.02789115646258511, 0.0003401360544217696, -0.03639455782312924]","[0.0, 0.015, -0.03999999999999998, 0.0, 0.0, -0.04500000000000001]",0.0015573678592524266,0.004587713333194273,0.0313574738460237,True,False,1.05,0.98,-0.07000000000000006,0.0799999999999998,0.0999999999999998,0.020000000000000004
2026-08-31,NYC,KXHIGHNY-26AUG31,2,00Z->06Z,"[0.07107809837186563, -0.1405911868806023, -0.1601227209554359, -0.04174823975318842, 0.2684783818621698, 0.002905667355191155]","[0.012891986062717742, 0.030778164924506385, 0.0005807200929152136, 0.0003484320557491285, -0.04471544715447151, 0.00011614401858304254]","[0.0050000000000000044, 0.03, 0.0, 0.0, -0.05999999999999994, 0.0]",-0.015523127209953472,-0.019971048026288914,0.1242892636154272,False,False,1.0499999999999998,1.025,-0.02499999999999991,0.0599999999999998,0.0699999999999998,0.010000000000000002
2026-08-31,NYC,KXHIGHNY-26AUG31,3,06Z->12Z,"[-0.06173830238208011, -0.06844450595068752, -0.02929994919361023, 0.0024922993274520966, 0.1417242364439002, 0.015266221755025566]","[0.22540532784925182, 0.16911377875555977, 0.009636998421732273, -7.173944234540024e-05, -0.4040126261418528, -7.173944234540024e-05]","[0.24, 0.1749999999999999, 0.009999999999999998, 0.0, -0.41, 0.0]",-0.08303306982985117,-0.08519491754700471,0.0296797836768207,False,False,1.015,1.0299999999999996,0.01499999999999968,0.0899999999999998,0.0999999999999998,0.009999999999999995
2026-09-01,Chicago,KXHIGHCHI-26SEP01,2,00Z->06Z,"[-0.04722518270522097, -0.0446227522738476, 5.551115123125783e-17, 0.04462275227384749, -0.033430693684040835, 0.08065587638926186]","[-0.004806402575337569, -0.014374497004381655, 0.003688634534561447, 0.017191272467137586, -2.2355360815524104e-05, -0.0016766520611642965]","[-0.005000000000000001, -0.015, 0.005000000000000088, 0.020000000000000018, 0.0, 0.0]",0.0015010502650626952,0.0017979222431107698,0.0138355795988438,True,False,1.055,1.06,0.0050000000000001155,0.1099999999999997,0.08,-0.029999999999999694
2026-09-01,Chicago,KXHIGHCHI-26SEP01,3,06Z->12Z,"[-0.05121660336080147, -0.00029683863855456405, 0.11443267942113877, 0.06415611422476775, -0.030396744349762694, -0.09667860729678779]","[8.673617379884035e-19, 0.009661835748792272, -0.06763285024154586, 0.048309178743961345, 8.673617379884035e-19, 0.009661835748792424]","[0.0, 0.009999999999999998, -0.06999999999999999, 0.04999999999999988, 0.0, 0.010000000000000009]",-0.005577039910719577,-0.005772236307594759,0.0301047888608289,False,False,1.035,1.035,0.0,0.0699999999999997,0.1099999999999998,0.040000000000000105
2026-09-02,Chicago,KXHIGHCHI-26SEP02,1,prev18Z->00Z,"[0.07643507265583449, -0.07643507265583449, -0.09314289450124047, -0.025431946016108653, 0.12097757871001291, -0.002402738192663789]","[-0.01074584658890057, 0.005372923294450216, 0.00631554141628371, -0.0004713090609166984, -0.00032991634264169234, -0.00014139271827500952]","[-0.009999999999999898, 0.009999999999999898, 0.010000000000000009, 0.0, 0.0, 0.0]",-0.0018478735990428772,-0.0024601303981290797,0.0356483710394007,False,False,1.025,1.035,0.010000000000000009,0.0699999999999998,0.0699999999999997,-9.71445146547012e-17
2026-09-02,Chicago,KXHIGHCHI-26SEP02,2,00Z->06Z,"[-0.07643507265583449, 0.07643507265583449, 0.09314289450124047, 0.025431946016108653, -0.12097757871001291, 0.002402738192663789]","[-0.0067262549656916665, -0.00692939689418548, 0.010766522210184315, 0.004017695919104381, 0.003791982665222106, -0.004920548934633441]","[-0.005000000000000102, 0.0050000000000000044, 0.020000000000000018, 0.0050000000000000044, 0.0049999999999999975, -0.005]",0.0006189080278253649,0.002137466762150324,0.0356483710394007,True,False,1.04,1.0649999999999995,0.024999999999999467,0.1,0.0699999999999999,-0.03000000000000011
2026-09-02,Chicago,KXHIGHCHI-26SEP02,3,06Z->12Z,"[0.07643507265583449, -0.07643507265583449, -0.09314289450124047, -0.025431946016108653, 0.12097757871001291, -0.002402738192663789]","[-0.04387162854216457, 0.00799882943959429, 0.03565331902648397, 7.316002536214387e-05, 0.0001219333756035737, 2.4386675120714046e-05]","[-0.04500000000000001, 0.0050000000000000044, 0.035, 0.0, 0.0, 0.0]",-0.007272743549296808,-0.007081754940335142,0.0356483710394007,False,False,1.015,1.0099999999999998,-0.0050000000000001155,0.0899999999999996,0.0799999999999998,-0.0099999999999998
2026-09-02,Denver,KXHIGHDEN-26SEP02,3,06Z->12Z,"[-0.006683972749989775, -0.2525762866990995, 0.1199936233232286, 0.036846783539289496, 0.09944010834107914, 0.0029797442454920775]","[-0.003426562534766364, -0.009678926640411256, 0.01828983378946665, -0.00013350243641946716, -0.005006341365729933, -4.4500812139822675e-05]","[0.0, -0.0050000000000000044, 0.019999999999999997, 0.0, -0.0050000000000000044, 0.0]",0.004159350962838079,0.0031655533582546744,0.0894928252125105,True,False,1.0549999999999995,1.065,0.010000000000000453,0.1099999999999998,0.0699999999999999,-0.03999999999999991
2026-09-02,NYC,KXHIGHNY-26SEP02,1,prev18Z->00Z,"[-0.11443267942113877, 0.00029683863855456405, 0.05121660336080147, 0.02427549630918735, 0.03252249307202004, 0.0061212480405753444]","[0.07156638740797164, 0.0035288144199035337, -0.0008885503935008796, -0.0005331302361005277, -0.07349581111957337, -0.00017771007870017678]","[0.07999999999999999, 0.0049999999999999975, 0.0, 0.0, -0.050000000000000044, 0.0]",-0.01063829132869597,-0.010779254814099332,0.0174025486467473,False,False,0.975,1.0099999999999998,0.03499999999999981,0.0899999999999998,0.0799999999999998,-0.010000000000000009
2026-09-02,NYC,KXHIGHNY-26SEP02,2,00Z->06Z,"[-0.026158507459463465, -0.05134385445682066, -0.03661893573094177, -0.014339968380501111, 0.13236766522180732, -0.003906399194080312]","[-0.02375821018062399, -0.012520525451559933, 0.006337233169129718, -0.009569991789819376, 0.03922926929392434, 0.00028222495894909654]","[-0.035, -0.015, 0.005000000000000001, -0.009999999999999998, 0.0, 0.0]",0.006361086301718592,0.0016460105830838334,0.0224034988011465,True,False,1.015,0.96,-0.05499999999999994,0.0699999999999998,0.0799999999999998,0.009999999999999995
2026-09-03,NYC,KXHIGHNY-26SEP03,3,06Z->12Z,"[-0.07643507265583449, 0.07643507265583449, 0.09314289450124047, 0.025431946016108653, -0.12097757871001291, 0.002402738192663789]","[-0.013000460193281271, -0.026115968706856924, 0.008950759318913945, -0.00016106764841233422, 0.030487804878048752, -0.00016106764841233422]","[0.0050000000000000044, -0.020000000000000018, 0.010000000000000002, 0.0, 0.04000000000000001, 0.0]",-0.0038616092966652395,-0.0058185510197839765,0.0356483710394007,False,False,1.025,1.06,0.03500000000000014,0.07,0.0599999999999998,-0.01000000000000021
2026-09-04,Chicago,KXHIGHCHI-26SEP04,1,prev18Z->00Z,"[0.02382175367684003, 0.06173830238208006, 0.047211540304266664, -0.00016983221710664687, -0.06911444827812935, -0.06348731586795076]","[0.0057876689890143385, -0.01806189529779198, -0.013344399065236934, 0.01220870552776987, 0.0006552078100770936, 0.01275471203616746]","[0.0049999999999999975, -0.024999999999999994, -0.025000000000000022, 0.0050000000000000044, 0.0, 0.010000000000000009]",-0.002464368152447518,-0.0032403596185395104,0.0154154985470517,False,False,1.085,1.0550000000000002,-0.029999999999999805,0.0899999999999998,0.1299999999999998,0.04000000000000001
2026-09-04,Chicago,KXHIGHCHI-26SEP04,2,00Z->06Z,"[-0.05134385445682066, -0.026158507459463465, 0.026158507459463465, 0.05134385445682066, -0.054865303305523194, 0.054865303305523194]","[-0.004783417486048365, -0.009854725839312586, 0.03660643103906461, -0.025422978120294037, -0.00011072725662148938, 0.0035654176632120005]","[-0.005000000000000001, -0.009999999999999995, 0.04000000000000001, -0.025000000000000022, 0.0, 0.0050000000000000044]",0.0003573327275426198,0.0005553748003643753,0.012661320819594,True,False,1.06,1.065,0.004999999999999893,0.0799999999999997,0.0899999999999998,0.010000000000000106
2026-09-04,Chicago,KXHIGHCHI-26SEP04,3,06Z->12Z,"[0.09596660673066826, 0.02615850745946341, -0.07078125973331095, -0.09856903716204168, 0.135521179694785, -0.08829599698956403]","[-0.009495619228036933, 0.03961638645512672, 0.39116741652853426, -0.25188254795169307, 0.02448496329623491, -0.19389059910016576]","[-0.010000000000000002, 0.04000000000000001, 0.39999999999999997, -0.26, 0.024999999999999998, -0.2]",0.01770353577063026,0.018449348890160748,0.0507818721666392,True,False,1.03,1.025,-0.0050000000000001155,0.14,0.13,-0.010000000000000009
2026-09-04,Denver,KXHIGHDEN-26SEP04,1,prev18Z->00Z,"[0.09314289450124047, 0.07643507265583449, -0.07643507265583449, -0.09314289450124047, 0.027834684208772442, -0.027834684208772442]","[0.0002773925104022166, 0.008645399907535795, 0.018862690707350804, -0.028710124826629713, 9.246417013407133e-05, 0.0008321775312066446]","[0.0, 0.0050000000000000044, 0.010000000000000009, -0.034999999999999976, 0.0, 0.0]",0.00189843221673593,0.0028778259442642415,0.0305853775459479,True,False,1.0499999999999998,1.03,-0.019999999999999796,0.0599999999999998,0.0799999999999998,0.019999999999999997
2026-09-04,Denver,KXHIGHDEN-26SEP04,3,06Z->12Z,"[-0.09314289450124047, -0.07643507265583449, 0.07643507265583449, 0.09314289450124047, -0.027834684208772442, 0.027834684208772442]","[-0.000272133526850505, 0.012880986937590613, 0.008254716981132115, -0.029934687953555805, -9.071117561683557e-05, 0.009161828737300442]","[0.0, 0.014999999999999888, 0.020000000000000018, -0.024999999999999967, 0.0, 0.010000000000000002]",-0.0028589239312462097,-0.001668050157164102,0.0305853775459479,False,False,1.0399999999999998,1.0599999999999996,0.019999999999999796,0.0799999999999998,0.0599999999999998,-0.019999999999999997
2026-09-04,NYC,KXHIGHNY-26SEP04,3,06Z->12Z,"[0.006683972749989775, 0.2525762866990995, -0.1199936233232286, -0.036846783539289496, -0.09944010834107914, -0.0029797442454920775]","[0.05280159327714754, 0.11619265052340122, -0.16986860321084216, 0.0002914531367643842, 0.0002914531367643842, 0.0002914531367643842]","[0.04999999999999989, 0.07999999999999996, -0.19000000000000003, 0.0, 0.0, 0.0]",0.05004299211172662,0.043339090004840874,0.0894928252125105,True,False,1.0449999999999997,0.9849999999999998,-0.05999999999999994,0.07,0.0699999999999997,-3.0531133177191805e-16
2026-09-05,Chicago,KXHIGHCHI-26SEP05,1,prev18Z->00Z,"[-5.551115123125783e-17, -0.04462275227384749, -0.047225182705221025, -0.024510218999581168, 0.1252786286631094, -0.008920474684459667]","[-0.12339013275212998, -0.06791163067168612, -0.061967505448781456, -0.0007430156528630844, 0.2542599564097485, -0.0002476718842876948]","[-0.11000000000000001, -0.06, -0.06, 0.0, 0.28, 0.0]",0.03783059012868206,0.04058889212441475,0.0205964684057474,True,False,0.98,1.0299999999999998,0.04999999999999982,0.0599999999999999,0.06,9.71445146547012e-17
2026-09-05,Chicago,KXHIGHCHI-26SEP05,3,06Z->12Z,"[-0.04491959091240205, -0.0984417860660225, -0.04878571530876852, -0.01273947367658168, 0.20718881501222808, -0.002302249048453331]","[-0.015291262135922357, 0.08490291262135932, -0.0004368932038834941, 0.009563106796116506, -0.07859223300970875, -0.0001456310679611647]","[0.0, 0.0900000000000001, 0.0, 0.009999999999999998, -0.07, 0.0]",-0.024054728268263423,-0.023490372533563817,0.0571834005162029,False,False,1.0,1.0299999999999998,0.029999999999999805,0.0999999999999999,0.16,0.06000000000000011
2026-09-05,Denver,KXHIGHDEN-26SEP05,1,prev18Z->00Z,"[0.00016983221710670238, -0.047211540304266664, -0.06173830238208006, -0.02382175367684003, 0.06348731586795076, 0.06911444827812929]","[-0.010302905419328247, 0.011653730796529066, 0.030130274515190958, -0.025642786821439223, -0.0002747441445154191, -0.005563568926437251]","[-0.009999999999999995, 0.014999999999999986, 0.039999999999999925, -0.020000000000000018, 0.0, -0.0049999999999999975]",-0.002203241959185081,-0.0030485406898721093,0.0154154985470517,False,False,1.035,1.055,0.020000000000000018,0.0699999999999999,0.0699999999999998,-9.71445146547012e-17
2026-09-05,Denver,KXHIGHDEN-26SEP05,2,00Z->06Z,"[-0.00016983221710670238, 0.047211540304266664, 0.06173830238208006, 0.02382175367684003, -0.06348731586795076, -0.06911444827812929]","[-0.0006871907641561245, 0.006826094923950907, 0.008566978193146502, 0.006734469488730299, -0.0006871907641561245, -0.020753161077515105]","[0.0, 0.010000000000000002, 0.029999999999999916, 0.030000000000000082, 0.0, -0.019999999999999997]",0.002489695901252925,0.004421206050372852,0.0154154985470517,True,False,1.02,1.0699999999999996,0.0499999999999996,0.0799999999999998,0.0799999999999998,0.0
2026-09-05,Denver,KXHIGHDEN-26SEP05,3,06Z->12Z,"[-0.04722518270522097, -0.0446227522738476, 5.551115123125783e-17, 0.04462275227384749, -0.033430693684040835, 0.08065587638926186]","[6.900993743098882e-05, 0.00011501656238498137, -0.007614096429885975, 0.007246043430253923, 2.3003312476996274e-05, 0.00016102318733897392]","[0.0, 0.0, -0.010000000000000009, 0.0050000000000000044, 0.0, 0.0]",0.00032716548808009216,0.0002231137613692371,0.0138355795988438,True,False,1.0449999999999997,1.0399999999999998,-0.004999999999999893,0.0699999999999999,0.0799999999999998,0.009999999999999898
2026-09-05,NYC,KXHIGHNY-26SEP05,2,00Z->06Z,"[0.25257628669909943, 0.006683972749989886, -0.08721903335915926, -0.011644049979689153, -0.15982015110801012, -0.0005770250022307799]","[-0.027716694154297228, 0.01342312625984983, -0.010949239508887671, -0.00022906358805204353, 0.025700934579439227, -0.00022906358805204353]","[0.0, 0.020000000000000115, -0.010000000000000002, 0.0, 0.03999999999999998, 0.0]",-0.010060605637761271,-0.00538693625572901,0.0971250134325043,False,False,1.0199999999999998,1.0699999999999998,0.050000000000000044,0.0799999999999998,0.0599999999999999,-0.019999999999999893
2026-09-05,NYC,KXHIGHNY-26SEP05,3,06Z->12Z,"[-0.25257628669909943, -0.006683972749989886, 0.08721903335915926, 0.011644049979689153, 0.15982015110801012, 0.0005770250022307799]","[-0.05365393682225372, -0.12640264026402642, -0.0001885902876001891, -0.0001885902876001891, 0.1806223479490806, -0.0001885902876001891]","[-0.030000000000000027, -0.125, 0.0, 0.0, 0.195, 0.0]",0.04324492143647905,0.0395777146607837,0.0971250134325043,True,False,1.01,1.05,0.040000000000000036,0.06,0.08,0.020000000000000004
2026-09-06,Denver,KXHIGHDEN-26SEP06,1,prev18Z->00Z,"[-0.00029683863855456405, 0.11443267942113877, 0.06415611422476775, -0.042095878682974375, -0.08161334771056417, -0.054582728613813414]","[-0.011006289308176181, 0.0016172506738544312, 0.010017969451931785, -0.00013477088948786985, -0.00044923629829290296, -4.4923629829290816e-05]","[-0.010000000000000092, 0.0050000000000000044, 0.015000000000000069, 0.0, 0.0, 0.0]",0.000875836443822934,0.0015374734968627607,0.0286230090146462,True,False,1.0499999999999998,1.0599999999999998,0.010000000000000009,0.0999999999999995,0.0999999999999998,2.914335439641036e-16
2026-09-06,NYC,KXHIGHNY-26SEP06,3,06Z->12Z,"[0.11443267942113877, 0.06415611422476775, -0.042095878682974375, -0.040029613645968354, -0.08191018634911873, -0.01455311496784506]","[0.298806314978822, -0.26713515594917203, -0.029745860608394292, -0.0003850596842510578, -0.0011551790527531709, -0.0003850596842510578]","[0.34, -0.235, -0.025, 0.0, 0.0, 0.0]",0.018422670351671975,0.02488282112744113,0.0275063498656744,True,False,0.98,1.0599999999999996,0.07999999999999963,0.0999999999999997,0.08,-0.0199999999999997
2026-09-07,Denver,KXHIGHDEN-26SEP07,2,00Z->06Z,"[0.005129304022246595, 0.10877886649861535, 0.11443267942113872, -0.04491959091240205, -0.02115203492977258, -0.16226922409982603]","[0.0010470954998691023, 0.06530068299183733, 0.03348325837081456, -0.10040217986244977, 0.00028557149996430095, 0.00028557149996430095]","[0.0, 0.06, 0.025000000000000078, -0.10500000000000001, 0.0, 0.0]",0.015397929081787443,0.014104106021247613,0.0537504689953447,True,False,1.0349999999999997,1.015,-0.019999999999999796,0.0899999999999997,0.0899999999999997,0.0
2026-09-07,NYC,KXHIGHNY-26SEP07,1,prev18Z->00Z,"[-0.23575330121038823, 0.0, 0.2357533012103883, 0.005973657563178358, -0.005977036246740619, 3.378683562260676e-06]","[-0.006038647342995085, 0.01059611703582175, -0.003304165527299202, -0.0005696837116033124, -0.0005696837116033124, -0.00011393674232066265]","[0.0, 0.02499999999999991, 0.0, 0.0, 0.0, 0.0]",0.0006446646549748742,0.0,0.1112306476215845,True,False,1.035,1.0599999999999996,0.02499999999999969,0.0699999999999995,0.0599999999999997,-0.009999999999999794
2026-09-08,Chicago,KXHIGHCHI-26SEP08,1,prev18Z->00Z,"[0.14059118688060224, 0.03799760676530428, -0.09343973313979503, -0.07664854937691012, 0.024298971413225123, -0.032799482542426484]","[0.02689188516841623, 0.04415642569282041, 0.0005224140504502608, 0.0002238917359072539, -0.07186924722623023, 7.46305786357513e-05]","[0.020000000000000073, 0.03999999999999998, 0.0, 0.0, -0.07499999999999998, 0.0]",0.0036438287184830777,0.0025093051522323416,0.0374819298659995,True,False,1.0099999999999998,0.995,-0.014999999999999791,0.0799999999999998,0.0899999999999999,0.010000000000000106
2026-09-08,Denver,KXHIGHDEN-26SEP08,2,00Z->06Z,"[0.09314289450124047, 0.07643507265583449, -0.07643507265583449, -0.09314289450124047, 0.027834684208772442, -0.027834684208772442]","[-0.004807692307692332, 0.0288461538461538, 0.009615384615384526, -0.03365384615384607, -3.469446951953614e-18, -3.469446951953614e-18]","[-0.0050000000000000044, 0.030000000000000027, 0.010000000000000009, -0.03499999999999989, 0.0, 0.0]",0.004156719507840286,0.004322988288153895,0.0305853775459479,True,False,1.0399999999999998,1.04,2.220446049250313e-16,0.0799999999999997,0.0799999999999997,0.0
2026-09-08,NYC,KXHIGHNY-26SEP08,3,06Z->12Z,"[-0.11999362332322855, 0.25257628669909943, 0.006683972749989886, -0.08721903335915926, -0.039826527784781574, -0.012221074981919933]","[0.12155535941943724, -0.08267137393350982, 0.00892419339021281, -0.00019613611846621467, -0.047415906639207604, -0.00019613611846621467]","[0.14500000000000002, -0.07, 0.009999999999999998, 0.0, -0.045, 0.0]",-0.03349913287002153,-0.033220381972990036,0.0875805925018769,False,False,0.99,1.0299999999999998,0.039999999999999813,0.0799999999999998,0.0799999999999998,0.0
2026-09-09,Chicago,KXHIGHCHI-26SEP09,2,00Z->06Z,"[0.10877886649861535, 0.11443267942113872, -0.04491959091240205, -0.0984417860660225, -0.016022730907525984, -0.06382743803380353]","[0.0036645726251665067, -0.006615267466209884, 0.0005235103750237877, 0.0001427755568246692, 0.0022368170569198043, 4.759185227488916e-05]","[0.0, -0.010000000000000009, 0.0, 0.0, 0.0, 0.0]",-0.0004348232613776542,-0.0011443267942113883,0.0409669045595248,False,False,1.0299999999999998,1.02,-0.009999999999999787,0.0599999999999998,0.0599999999999998,0.0
2026-09-09,Denver,KXHIGHDEN-26SEP09,2,00Z->06Z,"[0.051047015818266095, 0.14059118688060224, 0.03799760676530428, -0.09343973313979503, -0.02674804440504097, -0.10944803191933661]","[0.0100433330324095, -0.028279317504739554, 0.01722036652523251, 0.0006093707682585589, 0.00020312358941951963, 0.00020312358941951963]","[0.009999999999999995, -0.03500000000000003, 0.010000000000000009, 0.0, 0.0, 0.0]",-0.002893411994268142,-0.004030245314985379,0.0452408110720837,False,False,1.0599999999999998,1.0449999999999997,-0.015000000000000124,0.0799999999999998,0.0699999999999999,-0.009999999999999898
2026-09-10,Chicago,KXHIGHCHI-26SEP10,1,prev18Z->00Z,"[-0.09314289450124047, -0.07643507265583449, 0.07643507265583449, 0.09314289450124047, -0.027834684208772442, 0.027834684208772442]","[-0.008958038661008964, 0.014238566713814321, -0.01357850070721367, 0.01555869872701554, 0.00018859028760018735, -0.0074493163602074655]","[-0.010000000000000002, 0.010000000000000106, -0.039999999999999925, 0.010000000000000009, 0.0, -0.010000000000000002]",-5.523840490894645e-05,-0.002237242584854641,0.0305853775459479,False,False,1.0499999999999998,1.01,-0.039999999999999813,0.0799999999999996,0.0799999999999998,1.942890293094024e-16
2026-09-10,NYC,KXHIGHNY-26SEP10,1,prev18Z->00Z,"[0.03799760676530428, 0.14059118688060224, 0.051047015818266095, -0.0145976676298597, -0.20288776505913164, -0.01215037677518127]","[0.017630592803286826, -0.00011287191295311638, 0.005937062621337308, 0.00047406203440336116, -0.024086866224208747, 0.000158020678134454]","[0.004999999999999949, -0.015000000000000013, 0.0049999999999999975, 0.0, -0.03, 0.0]",0.005835211110432615,0.004422988261482764,0.0653396665390375,True,False,1.07,1.035,-0.03500000000000014,0.0599999999999999,0.0899999999999998,0.029999999999999902
2026-09-10,NYC,KXHIGHNY-26SEP10,3,06Z->12Z,"[-0.11999362332322855, 0.25257628669909943, 0.006683972749989886, -0.08721903335915926, -0.039826527784781574, -0.012221074981919933]","[0.0409125188536954, -0.014046003016591202, -0.004336349924585217, 9.426847662141746e-05, -0.022718702865761678, 9.426847662141746e-05]","[0.030000000000000027, -0.019999999999999962, -0.0049999999999999975, 0.0, -0.024999999999999994, 0.0]",-0.007590479722771043,-0.007689091102809249,0.0875805925018769,False,False,1.04,1.02,-0.020000000000000018,0.08,0.0999999999999999,0.019999999999999893
2026-09-11,Chicago,KXHIGHCHI-26SEP11,1,prev18Z->00Z,"[0.09314289450124047, 0.07643507265583449, -0.07643507265583449, -0.09314289450124047, 0.027834684208772442, -0.027834684208772442]","[-0.008764665286404426, -0.04064872325741892, -0.01249137336093864, 0.07087646652864044, -0.009454796411318151, 0.0004830917874396115]","[-0.010000000000000002, -0.044999999999999984, -0.020000000000000018, 0.07, -0.009999999999999998, 0.0]",-0.00984683260345584,-0.009640655218582822,0.0305853775459479,False,False,1.0499999999999998,1.035,-0.014999999999999902,0.0599999999999998,0.0699999999999999,0.010000000000000099
2026-09-11,Chicago,KXHIGHCHI-26SEP11,2,00Z->06Z,"[-0.09314289450124047, -0.07643507265583449, 0.07643507265583449, 0.09314289450124047, -0.027834684208772442, 0.027834684208772442]","[-0.0008622813500862268, 0.025991623552599166, 0.004212860310421451, -0.026927814732692762, 0.008548903670854889, -0.01096329145109633]","[0.0, 0.03, 0.025000000000000022, -0.01999999999999999, 0.009999999999999995, -0.010000000000000002]",-0.004635596366184215,-0.0028017269374794275,0.0305853775459479,False,False,0.99,1.025,0.03499999999999992,0.0599999999999999,0.0699999999999998,0.009999999999999898
2026-09-11,Denver,KXHIGHDEN-26SEP11,3,06Z->12Z,"[-0.0872190333591592, 0.006683972749989775, 0.2525762866990995, -0.1199936233232286, -0.012221074981919933, -0.039826527784781574]","[0.0, 0.03381642512077293, -0.033816425120772875, 0.0, 0.0, 0.0]","[0.0, 0.034999999999999976, -0.03499999999999992, 0.0, 0.0, 0.0]",-0.008315199022433642,-0.00860623098821882,0.087580592501877,False,False,1.0349999999999997,1.0349999999999997,0.0,0.0899999999999998,0.0899999999999997,-9.71445146547012e-17
2026-09-11,NYC,KXHIGHNY-26SEP11,1,prev18Z->00Z,"[-5.551115123125783e-17, -0.1090757051371698, -0.05634590738304812, -0.008756101662800164, 0.1746663219402081, -0.0004886077571899516]","[0.011561913696060022, -0.020520637898686717, -0.013578799249530961, 0.00021106941838648988, 0.022256097560975602, 7.035647279549691e-05]","[0.0050000000000000044, -0.025000000000000022, -0.015, 0.0, 0.01999999999999999, 0.0]",0.006888920993265226,0.007065407677979129,0.0456576028039799,True,False,1.0399999999999998,1.025,-0.014999999999999902,0.0599999999999999,0.1099999999999999,0.05
2026-09-11,NYC,KXHIGHNY-26SEP11,2,00Z->06Z,"[5.551115123125783e-17, 0.1090757051371698, 0.05634590738304812, 0.008756101662800164, -0.1746663219402081, 0.0004886077571899516]","[0.010165533347070488, 0.019529729605971102, 0.0004579069075257014, -0.009387091604276851, -0.02085765963779565, 9.158138150514028e-05]","[0.0, 0.014999999999999958, 0.0, -0.009999999999999998, -0.024999999999999994, 0.0]",0.005717001320293912,0.005915232608934742,0.0456576028039799,True,False,1.055,1.035,-0.020000000000000018,0.0899999999999996,0.0699999999999998,-0.019999999999999796
2026-09-12,Chicago,KXHIGHCHI-26SEP12,3,06Z->12Z,"[-0.10907570513716991, 5.551115123125783e-17, 0.1090757051371698, 0.05634590738304812, -0.06559061680303818, 0.009244709419990116]","[0.011591403042743226, -0.03854141511712139, -0.0018111567254286282, 0.009683651291958468, 0.019149963776865495, -7.244626901714481e-05]","[0.014999999999999902, -0.030000000000000027, 0.0, 0.009999999999999998, 0.019999999999999997, 0.0]",-0.0021729872191160577,-0.002384488839287822,0.0313574738460237,False,False,1.0099999999999998,1.0249999999999997,0.014999999999999902,0.0799999999999998,0.09,0.010000000000000203
2026-09-12,Denver,KXHIGHDEN-26SEP12,1,prev18Z->00Z,"[-0.05121660336080147, -0.00029683863855456405, 0.11443267942113877, 0.06415611422476775, -0.030396744349762694, -0.09667860729678779]","[0.0032224920605266882, 0.08780123295348397, -0.058144965439940244, 0.001634597422006348, -0.035213898748365446, 0.0007005417522884336]","[-0.005000000000000088, 0.07500000000000001, -0.07499999999999996, 0.0, -0.04500000000000001, 0.0]",-0.005737262190526781,-0.006980777341933662,0.0301047888608289,False,False,1.0599999999999998,1.01,-0.04999999999999982,0.1399999999999998,0.1399999999999997,-8.326672684688674e-17
2026-09-12,Denver,KXHIGHDEN-26SEP12,2,00Z->06Z,"[0.09844178606602244, 0.04491959091240216, -0.11443267942113883, -0.10877886649861523, 0.06382743803380353, 0.01602273090752593]","[0.00584158415841593, -0.019108910891089126, 0.01722772277227716, 0.0003465346534653399, -0.004455445544554466, 0.00014851485148514518]","[0.005000000000000102, -0.02499999999999991, 0.014999999999999986, 0.0, -0.0049999999999999975, 0.0]",-0.002574418666869437,-0.0026664082239660266,0.0409669045595247,False,False,1.0099999999999998,1.0,-0.009999999999999787,0.0999999999999997,0.1399999999999997,0.04000000000000001
2026-09-12,NYC,KXHIGHNY-26SEP12,3,06Z->12Z,"[0.09314289450124047, 0.07643507265583449, -0.07643507265583449, -0.09314289450124047, 0.027834684208772442, -0.027834684208772442]","[0.04026558149496673, 0.07565264986554365, -0.10673234811165852, -0.009376264248827966, 9.519049998810234e-05, 9.519049998810234e-05]","[0.0399999999999999, 0.06500000000000006, -0.11500000000000007, -0.010000000000000002, 0.0, 0.0]",0.018564395772682797,0.018415457803112233,0.0305853775459479,True,False,1.0349999999999997,1.0149999999999997,-0.020000000000000018,0.0899999999999997,0.0899999999999996,-1.1102230246251565e-16
2026-09-13,Chicago,KXHIGHCHI-26SEP13,2,00Z->06Z,"[0.051047015818266095, 0.14059118688060224, 0.03799760676530428, -0.09343973313979503, -0.02674804440504097, -0.10944803191933661]","[0.00017075669610186646, -0.043567351319705516, 0.05088549543835674, 0.0018783236571205328, 0.00017075669610186646, -0.009537981167975808]","[0.0, -0.06, 0.03500000000000009, 0.0, 0.0, -0.009999999999999998]",-0.0033191061674328684,-0.006011074656857115,0.0452408110720837,False,False,1.0299999999999996,0.995,-0.03499999999999959,0.0799999999999998,0.0699999999999999,-0.009999999999999898
2026-09-13,Denver,KXHIGHDEN-26SEP13,1,prev18Z->00Z,"[0.09314289450124047, 0.07643507265583449, -0.07643507265583449, -0.09314289450124047, 0.027834684208772442, -0.027834684208772442]","[-0.0027186541500139327, -0.015266288688539797, 0.036736685565573024, -0.0027186541500139327, -0.015405706850079004, -0.0006273817269262932]","[0.0, 0.0, 0.06000000000000005, 0.0, -0.015, 0.0]",-0.004386201128370128,-0.00500362462248166,0.0305853775459479,False,False,1.015,1.0599999999999998,0.04499999999999993,0.0699999999999999,0.06,-0.009999999999999898
2026-09-13,Denver,KXHIGHDEN-26SEP13,3,06Z->12Z,"[-0.09314289450124047, -0.07643507265583449, 0.07643507265583449, 0.09314289450124047, -0.027834684208772442, 0.027834684208772442]","[0.007717980809345017, 0.04224030037546936, -0.005944931163954892, -0.04067584480600753, -0.0012515644555694608, -0.002085940759282437]","[0.010000000000000002, 0.05499999999999999, 0.04500000000000004, -0.030000000000000013, 0.0, 0.0]",-0.008213807268381444,-0.004490066506607962,0.0305853775459479,False,False,0.94,1.02,0.08000000000000007,0.0999999999999996,0.0599999999999998,-0.03999999999999981
2026-09-13,NYC,KXHIGHNY-26SEP13,1,prev18Z->00Z,"[0.06415611422476775, 0.11443267942113877, -0.00029683863855456405, -0.05121660336080147, -0.09667860729678779, -0.030396744349762694]","[0.04095977287817393, -0.028871030519495355, 0.020697392220161676, 0.00045790690752570487, -0.033335622867870895, 9.158138150514115e-05]","[0.034999999999999976, -0.03500000000000003, 0.020000000000000004, 0.0, -0.03999999999999998, 0.0]",0.002514492081606066,0.0021015277372274273,0.0301047888608289,True,False,1.055,1.0349999999999997,-0.02000000000000024,0.0899999999999996,0.0699999999999998,-0.019999999999999796
2026-09-13,NYC,KXHIGHNY-26SEP13,3,06Z->12Z,"[-0.06415611422476775, -0.11443267942113877, 0.00029683863855456405, 0.05121660336080147, 0.09667860729678779, 0.030396744349762694]","[-0.041457910178289314, 0.005258406680207536, 6.770480704130014e-05, 2.256826901376758e-05, 0.03608666215301304, 2.256826901376758e-05]","[-0.044999999999999984, 0.004999999999999893, 0.0, 0.0, 0.03500000000000003, 0.0]",0.005548715063348321,0.0056986129983964415,0.0301047888608289,True,False,1.055,1.0499999999999998,-0.0050000000000001155,0.0899999999999999,0.0799999999999998,-0.010000000000000106
2026-09-14,Denver,KXHIGHDEN-26SEP14,3,06Z->12Z,"[-0.025431946016108653, -0.09314289450124047, -0.07643507265583449, 0.07643507265583449, -0.002402738192663789, 0.12097757871001291]","[-0.005548380925049022, 0.01669297364519061, -0.011120677285119784, 0.0010522791409576238, -0.005070072224613765, 0.003993877648634431]","[-0.0049999999999999975, 0.020000000000000004, 0.0, 0.010000000000000009, -0.005, 0.0049999999999999975]",1.2066753649687826e-05,-0.0003544458488725378,0.0356483710394007,True,False,1.01,1.035,0.02499999999999991,0.0999999999999998,0.1099999999999998,0.010000000000000009
2026-09-14,NYC,KXHIGHNY-26SEP14,2,00Z->06Z,"[0.25257628669909943, -0.2290693284603984, -0.09319269092233762, -0.011647428623123401, 0.08191018634911873, -0.0005770250423587919]","[-0.037863566781477065, 0.04468044393417528, -0.006314580941446608, -0.00016743207041714468, -0.00016743207041714468, -0.00016743207041714468]","[-0.014999999999999902, 0.05499999999999999, -0.0049999999999999975, 0.0, 0.0, 0.0]",-0.019221553222684304,-0.01592149391119669,0.1317976896645275,False,False,1.005,1.0399999999999998,0.03499999999999992,0.07,0.0799999999999998,0.009999999999999787
2026-09-14,NYC,KXHIGHNY-26SEP14,3,06Z->12Z,"[-0.2525762866990995, 0.1199936233232286, 0.036846783539289496, 0.002891326960323237, 0.09275613559108936, 8.841728516884029e-05]","[0.08793222436400872, -0.08736108136407988, -0.00028557149996430095, -9.51904999881006e-05, -9.51904999881006e-05, -9.51904999881006e-05]","[0.10499999999999998, -0.08500000000000002, 0.0, 0.0, 0.0, 0.0]",-0.032712002938877355,-0.03671996808587988,0.0881630039771342,False,False,1.0149999999999997,1.0349999999999997,0.020000000000000018,0.07,0.0699999999999998,-2.0816681711721685e-16
2026-09-15,Chicago,KXHIGHCHI-26SEP15,1,prev18Z->00Z,"[-0.0280079927795856, -0.027352268562873927, -0.011631745381650072, 0.011631745381650072, -0.03248444293611619, 0.08784470427857571]","[-0.0063461538461538625, -0.012115384615384639, -0.011730769230769267, -0.0059615384615384626, 0.01788461538461538, 0.018269230769230767]","[0.0, 0.0, 0.0, 0.0, 0.019999999999999997, 0.019999999999999997]",0.0016001159146236115,0.0011072052268491905,0.0105751203589841,True,False,1.0,1.04,0.040000000000000036,0.0599999999999999,0.0599999999999999,0.0
2026-09-15,Chicago,KXHIGHCHI-26SEP15,2,00Z->06Z,"[-0.02653617646296702, -0.00016983221710670238, 0.047211540304266664, 0.06173830238208006, -0.036951139404983735, -0.04529269460128926]","[0.008691029285994967, -0.0020802995631370447, 0.025056052516006788, -0.0011557219795205742, -0.02034070683956264, -0.01017035341978132]","[0.009999999999999995, 0.0, 0.02999999999999997, 0.0, -0.020000000000000004, -0.010000000000000002]",0.0020935641407470148,0.002342934178610896,0.0101615599107504,True,False,1.035,1.045,0.010000000000000009,0.0699999999999999,0.0699999999999997,-1.942890293094024e-16
2026-09-15,Denver,KXHIGHDEN-26SEP15,2,00Z->06Z,"[0.06112915473052294, 0.09856903716204163, 0.07078125973331106, -0.02615850745946352, 0.02716684225904109, -0.2314877864254532]","[-0.004095441595441562, -0.014601139601139568, -0.02083333333333326, 0.04237891737891744, -0.0016025641025640969, -0.0012464387464387466]","[0.0, -0.0050000000000000044, -0.010000000000000009, 0.05499999999999999, 0.0, 0.0]",-0.0040277512189444975,-0.0026393756934138136,0.0734715154695452,False,False,1.0399999999999998,1.0799999999999996,0.039999999999999813,0.0799999999999997,0.0799999999999998,9.71445146547012e-17
2026-09-15,NYC,KXHIGHNY-26SEP15,2,00Z->06Z,"[-0.07643507265583449, 0.07643507265583449, 0.09314289450124047, 0.025431946016108653, -0.12097757871001291, 0.002402738192663789]","[-0.006934331877123723, 0.01999399024570636, -0.013383260522848661, 0.00013868663754246918, 0.00013868663754246918, 4.622887918082335e-05]","[-0.010000000000000009, 0.015000000000000013, -0.015, 0.0, 0.0, 0.0]",0.0007985728083593499,0.000513733398877257,0.0356483710394007,True,False,1.0449999999999997,1.0349999999999997,-0.010000000000000009,0.07,0.0899999999999997,0.0199999999999997
2026-09-16,Chicago,KXHIGHCHI-26SEP16,2,00Z->06Z,"[-0.05134385445682066, -0.026158507459463465, 0.026158507459463465, 0.05134385445682066, -0.054865303305523194, 0.054865303305523194]","[-9.426847662141746e-05, 0.02309577677224739, -0.00838989441930621, -0.013480392156862725, -9.426847662141746e-05, -0.001036953242835599]","[0.0, 0.030000000000000027, 0.0, -0.009999999999999981, 0.0, 0.0]",-0.0015626340363296162,-0.0012981937683521102,0.012661320819594,False,False,1.02,1.04,0.020000000000000018,0.0599999999999998,0.0599999999999999,1.0408340855860843e-16
2026-09-16,Chicago,KXHIGHCHI-26SEP16,3,06Z->12Z,"[-0.09844178606602244, -0.04491959091240216, 0.11443267942113883, 0.10877886649861523, -0.06382743803380353, -0.01602273090752593]","[2.5379422364346475e-05, -0.18828993452109033, 0.18813765798690418, 7.61382670930403e-05, 2.5379422364346475e-05, 2.5379422364346475e-05]","[0.0, -0.18999999999999995, 0.185, 0.0, 0.0, 0.0]",0.029990760422630887,0.02970476796626709,0.0409669045595247,True,False,0.995,0.99,-0.0050000000000000044,0.1099999999999999,0.08,-0.029999999999999902
2026-09-16,Denver,KXHIGHDEN-26SEP16,2,00Z->06Z,"[-0.05134385445682066, -0.026158507459463465, 0.026158507459463465, 0.05134385445682066, -0.054865303305523194, 0.054865303305523194]","[-0.001178010471204187, -0.011125654450261785, -0.034738219895287914, 0.049869109947644014, -0.0007068062827225129, -0.002120418848167535]","[0.0, -0.0050000000000000044, -0.010000000000000009, 0.060000000000000026, 0.0, 0.0]",0.0019257281697347148,0.002949838730111924,0.012661320819594,True,False,0.955,1.0,0.04500000000000004,0.0899999999999997,0.0599999999999999,-0.029999999999999805
2026-09-16,NYC,KXHIGHNY-26SEP16,1,prev18Z->00Z,"[0.056345907383048066, 0.10907570513716991, -5.551115123125783e-17, -0.1090757051371698, 0.009244709419990116, -0.06559061680303824]","[0.00085354896675649, -0.005256064690027096, -0.015318957771787989, 0.019541778975741234, 4.492362982928995e-05, 0.00013477088948786638]","[0.0, -0.010000000000000064, -0.019999999999999962, 0.019999999999999997, 0.0, 0.0]",-0.002665172692561963,-0.0032722711541151002,0.0313574738460237,False,False,1.0599999999999996,1.0499999999999998,-0.009999999999999787,0.0599999999999999,0.0799999999999998,0.019999999999999893
2026-09-17,Denver,KXHIGHDEN-26SEP17,1,prev18Z->00Z,"[0.007388193337233784, 0.024510218999581168, 0.04722518270522097, 0.0446227522738476, 0.0015322813472258834, -0.12527862866310935]","[0.00040057861355291373, 0.010771113831089363, -0.004895960832313279, 0.02621564482029598, 0.005185267608768227, -0.03767664404139309]","[0.0, 0.010000000000000002, -0.009999999999999981, 0.019999999999999962, 0.005000000000000001, -0.05500000000000005]",0.005933587077775878,0.007563291391627702,0.0205738268240667,True,False,1.0750000000000002,1.045,-0.03000000000000025,0.0699999999999998,0.0699999999999997,-9.71445146547012e-17
2026-09-17,Denver,KXHIGHDEN-26SEP17,3,06Z->12Z,"[-0.021728161717734895, -0.06112915473052294, -0.09856903716204163, -0.07078125973331106, -0.005438680541306196, 0.25764629388491667]","[-0.009285714285714286, -0.008809523809523809, -0.030476190476190476, -0.05690476190476193, 0.00023809523809523864, 0.10523809523809524]","[-0.009999999999999998, -0.010000000000000002, -0.035, -0.07000000000000003, 0.0, 0.07499999999999996]",0.03488499001943227,0.028556649687854554,0.0853459203848498,True,False,1.05,1.0,-0.050000000000000044,0.0599999999999999,0.1399999999999998,0.07999999999999989
2026-09-17,NYC,KXHIGHNY-26SEP17,3,06Z->12Z,"[-0.07643507265583449, 0.07643507265583449, 0.09314289450124047, 0.025431946016108653, -0.12097757871001291, 0.002402738192663789]","[-0.0990099009900991, 0.1138613861386138, 0.06435643564356434, -1.734723475976807e-18, -0.07920792079207914, -1.734723475976807e-18]","[-0.09999999999999998, 0.11500000000000005, 0.065, 0.0, -0.07999999999999989, 0.0]",0.03184755946572878,0.03216603506038607,0.0356483710394007,True,False,1.0099999999999996,1.0099999999999998,2.220446049250313e-16,0.0599999999999998,0.0999999999999998,0.04
2026-09-18,Chicago,KXHIGHCHI-26SEP18,3,06Z->12Z,"[-0.10907570513716991, 5.551115123125783e-17, 0.1090757051371698, 0.05634590738304812, -0.06559061680303818, 0.009244709419990116]","[0.25382302628168585, -0.0805816183712611, -0.1712456585972733, -0.0014255352236794278, -0.0002851070447358857, -0.0002851070447358857]","[0.265, -0.050000000000000044, -0.16, 0.0, 0.0, 0.0]",-0.046428924995449705,-0.0463571746832972,0.0313574738460237,False,False,0.955,1.0099999999999998,0.05499999999999983,0.0699999999999998,0.0599999999999999,-0.009999999999999898
2026-09-18,Denver,KXHIGHDEN-26SEP18,3,06Z->12Z,"[-0.002325009433237879, -0.025431946016108653, -0.09314289450124047, -0.07643507265583449, -7.772875942591018e-05, 0.1974126513658474]","[0.00044563279857397567, 0.05184194890077244, 0.07382650029708848, -0.11779560308972076, 0.00044563279857397567, -0.008764111705288166]","[0.0, 0.05, 0.06, -0.13, 0.0, -0.009999999999999995]",-0.0009223573612336033,0.0011022619607201512,0.0541418696360564,False,False,1.02,0.99,-0.030000000000000027,0.06,0.06,0.0
2026-09-18,NYC,KXHIGHNY-26SEP18,1,prev18Z->00Z,"[0.0, 0.2357533012103883, 0.005973657563178358, 3.3786434342486515e-06, -0.24173033745712885, 4.012801202435412e-11]","[0.02162519369246202, 0.02189864187403151, 0.0010254306808859734, 0.00011393674232066438, -0.04477713973202077, 0.00011393674232066438]","[0.010000000000000009, 0.014999999999999902, 0.0, 0.0, -0.05, 0.0]",0.01599279616831195,0.015622816391012245,0.1140488596748308,True,False,1.06,1.035,-0.025000000000000133,0.06,0.0699999999999998,0.0099999999999998
2026-09-19,Chicago,KXHIGHCHI-26SEP19,1,prev18Z->00Z,"[0.007655701711437202, 0.014834620615459815, 0.018603541846965166, 0.01729622410400189, -0.036358776837718376, -0.022031311440145696]","[-0.00563289979849782, -0.019738047261403047, 0.006319838798314825, 0.007373145264700426, 0.01263967759662945, -0.000961714599743535]","[0.0, -0.010000000000000009, 0.015000000000000013, 0.009999999999999898, 0.015000000000000006, 0.0]",-0.0005292066682135748,-0.0002417124899758793,0.0027312662119144,False,False,1.03,1.0599999999999996,0.029999999999999583,0.0599999999999995,0.0799999999999998,0.020000000000000295
2026-09-19,Chicago,KXHIGHCHI-26SEP19,3,06Z->12Z,"[0.006121796841769944, 0.01866571487060381, 0.025826181930435566, 0.02330249536029605, -0.04399260821840267, -0.029923580784702697]","[0.02752065293122319, -0.008684184333631884, -0.0003234796456653144, -0.042002587837165324, 0.02943664775554894, -0.005947048870309536]","[0.03499999999999989, 0.0050000000000000044, 0.0050000000000000044, -0.04, 0.034999999999999976, -0.0049999999999999975]",-0.0020977779295049508,-0.0018855008246652766,0.0044266535361596,False,False,0.985,1.0199999999999998,0.03499999999999981,0.1499999999999996,0.0999999999999997,-0.049999999999999906
2026-09-19,Denver,KXHIGHDEN-26SEP19,3,06Z->12Z,"[-0.09343973313979503, 0.03799760676530428, 0.14059118688060224, 0.051047015818266095, -0.10944803191933661, -0.02674804440504097]","[0.006542882404951371, 0.020032840722496018, 0.008816470885436356, -0.05873436907919655, 0.0006062902614626751, 0.022735884804850323]","[0.0049999999999999975, 0.01500000000000011, -0.00500000000000006, -0.0749999999999999, 0.0, 0.019999999999999997]",-0.002283359075535175,-0.004963677573093198,0.0452408110720837,False,False,1.015,0.975,-0.039999999999999925,0.0899999999999996,0.0899999999999997,1.1102230246251565e-16
2026-09-20,Chicago,KXHIGHCHI-26SEP20,1,prev18Z->00Z,"[-0.25257628669909943, 0.2290693284603984, 0.09319269092233762, 0.011647428623123401, -0.08191018634911873, 0.0005770250423587919]","[-0.0142399267399268, -0.025686813186813207, -0.009844322344322351, -4.578754578754649e-05, 0.04986263736263735, -4.578754578754649e-05]","[-0.010000000000000009, -0.024999999999999994, -0.010000000000000002, 0.0, 0.05499999999999999, 0.0]",-0.00728962976369147,-0.008637957502943869,0.1317976896645275,False,False,1.04,1.05,0.010000000000000009,0.0599999999999999,0.0799999999999998,0.019999999999999893
2026-09-20,Chicago,KXHIGHCHI-26SEP20,2,00Z->06Z,"[-5.551115123125783e-17, -0.1090757051371698, -0.05634590738304812, -0.008756101662800164, 0.1746663219402081, -0.0004886077571899516]","[-0.018958605033086773, 0.01021591073757433, -0.0006037772303530836, 0.009587982418007058, -0.00012075544607061638, -0.00012075544607061638]","[0.0, 0.015000000000000013, 0.0, 0.009999999999999998, 0.0, 0.0]",-0.0011852735477827763,-0.00172369659368555,0.0456576028039799,False,False,1.005,1.0299999999999996,0.02499999999999969,0.0699999999999998,0.0799999999999998,0.009999999999999995
2026-09-20,Chicago,KXHIGHCHI-26SEP20,3,06Z->12Z,"[5.551115123125783e-17, 0.1090757051371698, 0.05634590738304812, 0.008756101662800164, -0.1746663219402081, 0.0004886077571899516]","[-0.020689820130118552, 0.016551856104094917, 0.004640260237275164, -0.00016743207041714468, -0.00016743207041714468, -0.00016743207041714468]","[0.010000000000000009, 0.020000000000000004, 0.005, 0.0, 0.0, 0.0]",0.00209456193252187,0.0024632436396586376,0.0456576028039799,True,False,1.005,1.0399999999999998,0.03499999999999992,0.1099999999999999,0.08,-0.029999999999999902
2026-09-20,Denver,KXHIGHDEN-26SEP20,1,prev18Z->00Z,"[-0.09844178606602244, -0.04491959091240216, 0.11443267942113883, 0.10877886649861523, -0.06382743803380353, -0.01602273090752593]","[0.00032909170688898495, 0.0008556384379113588, 0.012461605967529682, 0.005331285651601569, 0.00019745502413339062, -0.01917507678806496]","[0.0, 0.0, 0.010000000000000092, 0.0, 0.0, -0.025000000000000022]",0.0022297489140998264,0.0015448950668995474,0.0409669045595247,True,False,1.075,1.06,-0.014999999999999902,0.0899999999999996,0.1599999999999998,0.07000000000000021
2026-09-20,Denver,KXHIGHDEN-26SEP20,3,06Z->12Z,"[0.0145976676298597, -0.051047015818266095, -0.14059118688060224, -0.03799760676530428, 0.01215037677518127, 0.20288776505913164]","[-6.900993743098882e-05, -0.00029904306220095156, -0.020679977916820025, -0.03595417740154583, -2.3003312476996274e-05, 0.0570252116304749]","[0.0, 0.0, -0.020000000000000018, -0.03500000000000003, 0.0, 0.060000000000000095]",0.01585729144707842,0.016315005877945616,0.0653396665390375,True,False,1.04,1.045,0.004999999999999893,0.0599999999999999,0.0899999999999999,0.03
2026-09-20,NYC,KXHIGHNY-26SEP20,2,00Z->06Z,"[0.03557979492261659, -0.02752210077998063, -0.054544169242552565, -0.041342486707534376, 0.11592205744101652, -0.028093095633565546]","[0.009812255604400938, -0.0008743594102931518, -0.0002914531367643842, -0.0002914531367643842, -0.008063536783814662, -0.0002914531367643842]","[0.01999999999999999, 0.0, 0.0, 0.0, 0.039999999999999925, 0.0]",-0.0005254252367958951,0.005348478196092983,0.0209348008672367,False,False,0.985,1.045,0.05999999999999994,0.07,0.0699999999999999,-1.1102230246251565e-16
2026-09-20,NYC,KXHIGHNY-26SEP20,3,06Z->12Z,"[0.026158507459463465, 0.05134385445682066, 0.03661893573094177, 0.014339968380501111, -0.13236766522180732, 0.003906399194080312]","[0.009756097560975632, 0.00975609756097561, 0.0, 0.0, -0.019512195121951237, 0.0]","[0.010000000000000009, 0.009999999999999998, 0.0, 0.0, -0.020000000000000018, 0.0]",0.0033389043157063323,0.0034223769235989902,0.0224034988011465,True,False,1.025,1.025,0.0,0.0699999999999999,0.09,0.0200000000000001
2026-09-21,Denver,KXHIGHDEN-26SEP21,1,prev18Z->00Z,"[-0.0872190333591592, 0.006683972749989775, 0.2525762866990995, -0.1199936233232286, -0.012221074981919933, -0.039826527784781574]","[0.013373682155408038, -0.003977938305349385, 0.015887348691917158, -0.005002928543537677, 0.001610698945724319, -0.021890862944162447]","[0.010000000000000009, -0.009999999999999898, -0.010000000000000009, -0.019999999999999962, 0.0, -0.025]",0.004272211588672633,-6.925726699838052e-05,0.087580592501877,True,False,1.0399999999999998,0.985,-0.05499999999999983,0.1199999999999997,0.1099999999999999,-0.0099999999999998
2026-09-21,Denver,KXHIGHDEN-26SEP21,2,00Z->06Z,"[0.0872190333591592, -0.006683972749989775, -0.2525762866990995, 0.1199936233232286, 0.012221074981919933, 0.039826527784781574]","[-0.0036061781315914754, -0.019799959175341886, 0.015377287881880641, 0.005851534326733354, 0.0012247397428046536, 0.0009525753555147329]","[-0.0049999999999999975, -0.024999999999999994, 0.0, 0.0, 0.0, 0.0]",-0.0033110710449292826,-0.0002689958480460515,0.087580592501877,False,False,1.065,1.035,-0.030000000000000027,0.0699999999999998,0.0699999999999998,0.0
2026-09-21,Denver,KXHIGHDEN-26SEP21,3,06Z->12Z,"[-0.056345907383048066, -0.10907570513716991, 5.551115123125783e-17, 0.1090757051371698, -0.009244709419990116, 0.06559061680303824]","[-0.00050724637681159, -0.01753623188405795, -0.04096618357487902, 0.05968599033816435, -0.00016908212560386333, -0.00050724637681159]","[0.0, -0.015, -0.020000000000000018, 0.07, 0.0, 0.0]",0.008419942110909476,0.009271434936659434,0.0313574738460237,True,False,1.0,1.0349999999999997,0.0349999999999997,0.0799999999999998,0.0699999999999999,-0.009999999999999898
2026-09-21,NYC,KXHIGHNY-26SEP21,2,00Z->06Z,"[-0.04722518270522097, -0.0446227522738476, 5.551115123125783e-17, 0.04462275227384749, -0.033430693684040835, 0.08065587638926186]","[-0.00042016806722688926, -0.06344537815126047, -0.056862745098039125, 0.14089635854341748, -0.00014005602240896222, -0.020028011204481794]","[0.0, -0.06, -0.044999999999999984, 0.15500000000000003, 0.0, -0.020000000000000004]",0.007527438583428404,0.007980774211091978,0.0138355795988438,True,False,1.02,1.0499999999999998,0.029999999999999805,0.0799999999999998,0.06,-0.019999999999999796
2026-09-21,NYC,KXHIGHNY-26SEP21,3,06Z->12Z,"[-0.08540465103971029, -0.1497856405228431, -0.07107809837186563, 0.1405911868806023, -0.033288090299616435, 0.19896529335343316]","[0.0001428027418126426, -0.051456587966488956, 0.08392041127189631, -0.013661462300076144, 0.0001428027418126426, -0.019087966488956592]","[0.0, -0.05499999999999999, 0.06499999999999995, -0.01999999999999999, 0.0, -0.02]",-0.003992918960295271,-0.0031729957700956006,0.0952429553377232,False,False,1.0399999999999998,1.0099999999999998,-0.030000000000000027,0.0799999999999997,0.0999999999999999,0.020000000000000198
2026-09-22,Chicago,KXHIGHCHI-26SEP22,3,06Z->12Z,"[-0.1855107777930044, 0.07643507265583455, 0.20221859963841027, 0.08177785339915677, -0.1865681955130511, 0.011647447612653905]","[0.04247996228194251, -0.03092880716643087, -0.0005657708628005638, -0.00018859028760018735, -0.010608203677510586, -0.00018859028760018735]","[0.06499999999999995, -0.020000000000000018, 0.0, 0.0, -0.0050000000000000044, 0.0]",-0.008397411544695716,-0.012654061032096712,0.1227799029684473,False,False,1.01,1.0499999999999998,0.039999999999999813,0.06,0.0799999999999998,0.019999999999999796
2026-09-22,NYC,KXHIGHNY-26SEP22,3,06Z->12Z,"[-0.12212511419013172, 5.551115123125783e-17, 0.12212511419013161, 0.13518797289298345, -0.24173033745712885, 0.10654236456414545]","[-0.0366903956120902, 0.09366320457462962, -0.047870229898471256, -0.009289298634613143, 9.335978527249406e-05, 9.335978527249406e-05]","[-0.040000000000000105, 0.08500000000000008, -0.05499999999999999, -0.010000000000000002, 0.0, 0.0]",-0.0026337611109826485,-0.0031837564417817868,0.117889706540876,False,False,1.0449999999999997,1.0249999999999997,-0.020000000000000018,0.0699999999999999,0.0899999999999998,0.019999999999999907
2026-09-23,Chicago,KXHIGHCHI-26SEP23,1,prev18Z->00Z,"[0.09314289450124047, 0.07643507265583449, -0.07643507265583449, -0.09314289450124047, 0.027834684208772442, -0.027834684208772442]","[0.006730769230769235, 0.022303001876172623, -0.01278142589118203, -0.005651969981238285, -0.010389305816135098, -0.00021106941838649335]","[0.010000000000000009, 0.030000000000000082, -0.010000000000000009, -0.0049999999999999975, -0.010000000000000002, 0.0]",0.0035517369616129535,0.0041761994816642695,0.0305853775459479,True,False,1.0249999999999997,1.0399999999999998,0.015000000000000124,0.0699999999999996,0.0599999999999999,-0.009999999999999704
2026-09-23,Chicago,KXHIGHCHI-26SEP23,3,06Z->12Z,"[-0.09827219852348706, -0.18521393915444984, -0.037997606765304226, 0.13806248541364252, -0.006682649278999864, 0.19010390830859847]","[0.0459770114942529, 0.13546798029556661, -0.15369458128078822, -0.028078817733990152, 0.00016420361247947504, 0.00016420361247947504]","[0.03999999999999998, 0.12, -0.16500000000000004, -0.03, 0.0, 0.0]",-0.02761530692994682,-0.024028830085607536,0.1006508500138209,False,False,1.0499999999999998,1.0149999999999997,-0.03500000000000014,0.0999999999999998,0.0899999999999998,-0.009999999999999995
2026-09-23,Denver,KXHIGHDEN-26SEP23,2,00Z->06Z,"[0.10907570513716991, -5.551115123125783e-17, -0.1090757051371698, -0.05634590738304812, 0.06559061680303818, -0.009244709419990116]","[0.00646900269541778, 0.007053009883198513, -0.01491464510332427, -0.00013477088948787332, 0.0015723270440251014, -4.4923629829291684e-05]","[0.010000000000000009, 0.010000000000000009, -0.014999999999999888, 0.0, 0.0050000000000000044, 0.0]",0.0024435754566472603,0.0030548457124444255,0.0313574738460237,True,False,1.0499999999999998,1.06,0.010000000000000231,0.1199999999999996,0.0799999999999999,-0.03999999999999969
2026-09-23,Denver,KXHIGHDEN-26SEP23,3,06Z->12Z,"[-0.20221859963841038, -0.07643507265583444, 0.1855107777930043, 0.1494888018842886, -0.09342530101181062, 0.03707939362876256]","[-0.06691181772297933, -0.05818732424832361, -0.010382868267358862, -0.0004326195111399537, 0.13605883625351506, -0.0001442065037133176]","[-0.06, -0.05499999999999999, -0.010000000000000002, 0.0, 0.15500000000000003, 0.0]",0.0032708758733622284,1.0155396148233548e-06,0.113599001238812,True,False,1.005,1.035,0.030000000000000027,0.0699999999999998,0.1099999999999999,0.040000000000000105
2026-09-23,NYC,KXHIGHNY-26SEP23,3,06Z->12Z,"[-0.20221859963841038, -0.07643507265583444, 0.1855107777930043, 0.1494888018842886, -0.09342530101181062, 0.03707939362876256]","[-0.02946601941747562, 0.0909223300970875, -0.060728155339805724, -0.00014563106796116384, -0.00043689320388349065, -0.00014563106796116384]","[-0.019999999999999962, 0.10999999999999999, -0.059999999999999894, 0.0, 0.0, 0.0]",-0.012243158300987586,-0.015494132666953825,0.113599001238812,False,False,1.0,1.0299999999999996,0.029999999999999583,0.0599999999999998,0.0599999999999999,1.0408340855860843e-16
2026-09-24,Chicago,KXHIGHCHI-26SEP24,3,06Z->12Z,"[-0.18656479788008634, -0.3658727056534041, 0.0066839727499898305, 0.5312299589933442, -0.04005915682365713, 0.054582728613813414]","[-5.000125003125008e-05, -0.046526163154078815, 0.12270306757668947, -0.0659766494162354, -5.000125003125008e-05, -0.010100252506312656]","[0.0, -0.044999999999999984, 0.1299999999999999, -0.065, 0.0, -0.009999999999999998]",-0.017745943467488538,-0.017742586408803652,0.4555032156823242,False,False,0.995,1.005,0.009999999999999898,0.0699999999999999,0.1299999999999999,0.06
2026-09-24,Denver,KXHIGHDEN-26SEP24,3,06Z->12Z,"[-0.034580197414169234, -0.07277455718028308, -0.10852416965285061, -0.09598024913162256, -0.016730097216580364, 0.3285892705955059]","[0.0, 0.0, 0.0, -0.015000000000000013, 0.0, 0.015000000000000013]","[0.0, 0.0, 0.0, -0.015000000000000013, 0.0, 0.015000000000000013]",0.006368542795906933,0.006368542795906933,0.135732434751561,True,False,1.0,1.0,0.0,0.1199999999999999,0.08,-0.0399999999999999
2026-09-24,NYC,KXHIGHNY-26SEP24,3,06Z->12Z,"[-0.04491959091240216, 0.11443267942113883, 0.10877886649861523, 0.00512930402224665, -0.16226922409982597, -0.02115203492977258]","[0.03960396039603953, -0.004950495049504962, -8.673617379884035e-19, -8.673617379884035e-19, -0.034653465346534684, -8.673617379884035e-19]","[0.040000000000000036, -0.0049999999999999975, 0.0, 0.0, -0.034999999999999976, 0.0]",0.003277698821675382,0.0033104758098921228,0.0537504689953447,True,False,1.0099999999999998,1.01,2.220446049250313e-16,0.0599999999999998,0.0799999999999998,0.019999999999999997
2026-09-25,Chicago,KXHIGHCHI-26SEP25,3,06Z->12Z,"[-0.2894376329975696, -0.06975109990584466, 0.4380870644921038, 0.029495178561059987, -0.10564637599373056, -0.0027471341560190154]","[-0.02483583489681046, 0.07568011257035656, -0.027087242026266403, -0.019160412757973738, -0.004666979362101312, 7.035647279549778e-05]","[-0.030000000000000027, 0.06999999999999995, -0.03, -0.02, -0.004999999999999999, 0.0]",-0.010029199789029471,-0.009403731629497689,0.2925983044736482,False,False,1.0399999999999998,1.0249999999999997,-0.015000000000000124,0.0999999999999999,0.0699999999999999,-0.03
2026-09-25,Denver,KXHIGHDEN-26SEP25,2,00Z->06Z,"[-0.00029683863855456405, 0.11443267942113877, 0.06415611422476775, -0.042095878682974375, -0.08161334771056417, -0.054582728613813414]","[0.010164762157852752, -0.00779519886615293, 0.020705996988218622, -0.01862432456373462, 0.004783417486048365, -0.009234653202232261]","[0.009999999999999981, -0.010000000000000009, 0.020000000000000018, -0.019999999999999997, 0.005000000000000001, -0.009999999999999995]",0.001331042683312961,0.0011155052251432221,0.0286230090146462,True,False,1.0649999999999995,1.0599999999999998,-0.004999999999999671,0.0699999999999999,0.0999999999999999,0.03
2026-09-25,Denver,KXHIGHDEN-26SEP25,3,06Z->12Z,"[-0.09314289450124047, -0.07643507265583449, 0.07643507265583449, 0.09314289450124047, -0.027834684208772442, 0.027834684208772442]","[0.02117647058823538, 0.04205882352941176, -0.04617647058823532, -0.005588235294117658, -0.0013725490196078577, -0.010098039215686276]","[0.025000000000000105, 0.050000000000000044, -0.03999999999999998, -0.0050000000000000044, 0.0, -0.009999999999999998]",-0.009480084557222601,-0.009951790216150055,0.0305853775459479,False,False,1.0,1.02,0.020000000000000018,0.1,0.0999999999999999,-1.1102230246251565e-16
2026-09-25,NYC,KXHIGHNY-26SEP25,1,prev18Z->00Z,"[0.011408656477781554, 0.03816873203685511, 0.044151320533212135, 0.02939342063520134, -0.11775058587347631, -0.005371543809573831]","[0.00687212684116717, 0.007200487850642645, -0.011609907120743113, -0.0017590768364762338, -0.0005863589454920756, -0.00011727178909841547]","[0.010000000000000106, 0.015000000000000013, 0.0, 0.0, 0.0, 0.0]",-0.00014138875040789324,0.000686617545330644,0.0182943757858386,False,False,1.0199999999999996,1.0449999999999997,0.025000000000000133,0.0599999999999997,0.0699999999999998,0.010000000000000099
2026-09-25,NYC,KXHIGHNY-26SEP25,2,00Z->06Z,"[-0.02752210077998063, 0.03557979492261659, 0.07337004776373013, 0.05117402223971401, -0.12397975158365254, -0.008622012562427561]","[0.02897716369218971, 0.05230693313594864, -0.08789099980809828, 0.005948954135482635, 0.0005482907037311184, 0.00010965814074622403]","[0.02500000000000012, 0.03999999999999998, -0.09000000000000002, 0.0050000000000000044, 0.0, 0.0]",-0.005149499827247606,-0.005612294910132,0.0254706502024925,False,False,0.965,0.945,-0.020000000000000018,0.0699999999999998,0.0899999999999997,0.019999999999999907
2026-09-25,NYC,KXHIGHNY-26SEP25,3,06Z->12Z,"[-0.09844178606602244, -0.04491959091240216, 0.11443267942113883, 0.10877886649861523, -0.06382743803380353, -0.01602273090752593]","[-0.003888299752562732, 0.06381524684812068, -0.055567338282078466, 0.005207965123129495, -0.009614704842700602, 4.713090609166984e-05]","[-0.0049999999999999906, 0.05999999999999994, -0.06, 0.0049999999999999975, -0.009999999999999998, 0.0]",-0.007663059663314858,-0.007886758576851234,0.0409669045595247,False,False,1.0349999999999997,1.0249999999999997,-0.010000000000000009,0.1099999999999998,0.1299999999999999,0.020000000000000087
2026-09-26,Chicago,KXHIGHCHI-26SEP26,1,prev18Z->00Z,"[-0.06415611422476775, -0.11443267942113877, 0.00029683863855456405, 0.05121660336080147, 0.09667860729678779, 0.030396744349762694]","[0.0072930566419730225, 0.03471679013481804, -0.03844384116320809, -0.002415681222104643, -0.000805227074034888, -0.0003450973174435202]","[0.009999999999999995, 0.04500000000000004, -0.02999999999999997, 0.0, 0.0, 0.0]",-0.004664102162478553,-0.005799936875355563,0.0301047888608289,False,False,1.0299999999999998,1.055,0.025000000000000133,0.0599999999999998,0.0699999999999997,0.009999999999999905
2026-09-26,Chicago,KXHIGHCHI-26SEP26,2,00Z->06Z,"[0.06415611422476775, 0.11443267942113877, -0.00029683863855456405, -0.05121660336080147, -0.09667860729678779, -0.030396744349762694]","[-0.004807692307692291, 0.014423076923076983, -0.04807692307692313, -0.00961538461538462, 0.04807692307692307, 0.0]","[-0.0049999999999999906, 0.015000000000000013, -0.050000000000000044, -0.010000000000000002, 0.05, 0.0]",-0.0027992430568369183,-0.0029112127791104015,0.0301047888608289,False,False,1.04,1.04,0.0,0.0599999999999998,0.0799999999999998,0.019999999999999997
2026-09-26,Chicago,KXHIGHCHI-26SEP26,3,06Z->12Z,"[-0.10907570513716991, 5.551115123125783e-17, 0.1090757051371698, 0.05634590738304812, -0.06559061680303818, 0.009244709419990116]","[0.02469504605426942, 0.07114762260393315, -0.06808563604680115, -0.008887229275578798, -0.019143639531989054, 0.00027383619616629194]","[0.015000000000000097, 0.039999999999999925, -0.08000000000000002, -0.010000000000000002, -0.02, 0.0]",-0.009362702660115118,-0.00961383872580086,0.0313574738460237,False,False,1.0299999999999998,0.975,-0.05499999999999983,0.0799999999999997,0.0899999999999999,0.010000000000000203
2026-09-26,Denver,KXHIGHDEN-26SEP26,3,06Z->12Z,"[-0.18036192786039967, -0.06975109990584472, 0.329011359354934, -0.026850728821988135, -0.040055759190692375, -0.011991843576009131]","[0.030710361067503855, -0.04111067503924626, 0.017562794348508826, 0.0036302982731554294, -0.01049843014128728, -0.0002943485086342205]","[0.03499999999999989, -0.010000000000000009, 0.040000000000000036, 0.005000000000000001, -0.009999999999999998, 0.0]",0.0034334699335259204,0.0078116018459388325,0.1481133453391428,True,False,0.98,1.0399999999999996,0.05999999999999961,0.1399999999999998,0.1199999999999998,-0.01999999999999999
2026-09-26,NYC,KXHIGHNY-26SEP26,2,00Z->06Z,"[0.03557979492261659, -0.02752210077998063, -0.054544169242552565, -0.041342486707534376, 0.11592205744101652, -0.028093095633565546]","[0.04121545929798362, 0.00014002987303958492, 4.6676624346528306e-05, 4.6676624346528306e-05, -0.04149551904406257, 4.6676624346528306e-05]","[0.03999999999999998, 0.0, 0.0, 0.0, -0.050000000000000044, 0.0]",-0.0033534492252761568,-0.004372911075146169,0.0209348008672367,False,False,1.04,1.0299999999999998,-0.010000000000000231,0.06,0.06,0.0
2026-09-26,NYC,KXHIGHNY-26SEP26,3,06Z->12Z,"[-0.03557979492261654, 0.04875506642640148, 0.08401395065326944, 0.0653863638430493, -0.2123535992836274, 0.049778013283523714]","[0.08569004524886878, 9.426847662141746e-05, 9.426847662141746e-05, 9.426847662141746e-05, -0.08606711915535437, 9.426847662141746e-05]","[0.08499999999999999, 0.0, 0.0, 0.0, -0.10499999999999998, 0.0]",0.015251200599123249,0.019272845356358467,0.0625486005251299,True,False,1.04,1.02,-0.020000000000000018,0.06,0.0799999999999999,0.019999999999999907
2026-09-27,Chicago,KXHIGHCHI-26SEP27,1,prev18Z->00Z,"[-0.006683972749989775, -0.2525762866990995, 0.1199936233232286, 0.036846783539289496, 0.09944010834107914, 0.0029797442454920775]","[-0.008841209249265139, -0.0032688341889342, 0.020556359966653504, -0.0086657013733491, 0.0001535693914264391, 6.581545346847663e-05]","[-0.010000000000000106, -0.0050000000000000044, 0.019999999999999962, -0.010000000000000009, 0.0, 0.0]",0.003047520365130563,0.003361125792067069,0.0894928252125105,True,False,1.0699999999999998,1.0649999999999995,-0.0050000000000003375,0.0599999999999999,0.0699999999999999,0.009999999999999995
2026-09-27,Chicago,KXHIGHCHI-26SEP27,2,00Z->06Z,"[0.006683972749989775, 0.2525762866990995, -0.1199936233232286, -0.036846783539289496, -0.09944010834107914, -0.0029797442454920775]","[-0.008345688459515027, -0.004184800803481714, 0.006097852599359188, 0.00571524224018366, 0.0005021760964178112, 0.0002152183270362068]","[-0.009999999999999995, -0.010000000000000009, 0.0, 0.0049999999999999975, 0.0, 0.0]",-0.002105633264354448,-0.002776836512187342,0.0894928252125105,False,False,1.03,1.015,-0.015000000000000124,0.0599999999999998,0.11,0.050000000000000204
2026-09-27,Chicago,KXHIGHCHI-26SEP27,3,06Z->12Z,"[-0.23575330121038823, 0.0, 0.2357533012103883, 0.005973657563178358, -0.005977036246740619, 3.378683562260676e-06]","[0.0029908515130190882, 0.03342716396903578, -0.018121041520056336, -0.0038705137227304856, -0.014602392681210422, 0.00017593244194229283]","[1.1102230246251565e-16, 0.015000000000000013, -0.02999999999999997, -0.0050000000000000044, -0.015, 0.0]",-0.004913039976156519,-0.00701281178042645,0.1112306476215845,False,False,1.0149999999999997,0.98,-0.0349999999999997,0.0699999999999998,0.12,0.0500000000000002
2026-09-27,Denver,KXHIGHDEN-26SEP27,1,prev18Z->00Z,"[0.10907570513716991, -5.551115123125783e-17, -0.1090757051371698, -0.05634590738304812, 0.06559061680303818, -0.009244709419990116]","[0.0028431372549019285, 0.008921568627450915, -0.013235294117647067, 0.0008823529411764591, 0.0002941176470588197, 0.0002941176470588197]","[0.0, 0.0, -0.019999999999999962, 0.0, 0.0, 0.0]",0.0017206215880585817,0.0021815141027433918,0.0313574738460237,True,False,1.0199999999999998,1.0,-0.019999999999999796,0.0599999999999998,0.0599999999999999,1.0408340855860843e-16
2026-09-27,Denver,KXHIGHDEN-26SEP27,2,00Z->06Z,"[-0.22906932846039846, 0.2525762866990995, 0.11575967788715968, -0.030873125976111138, -0.10541714458781976, -0.002976365561929817]","[0.01196340605207602, -0.007741027445460791, -0.001583391977480586, -0.0015833919774806415, -0.0005277973258268794, -0.0005277973258268794]","[0.015, 0.010000000000000009, 0.010000000000000009, 0.0, 0.0, 0.0]",-0.004772848238356339,0.0002473197189566184,0.1417426239010869,False,False,0.98,1.015,0.03499999999999992,0.0799999999999998,0.09,0.010000000000000203
2026-09-27,Denver,KXHIGHDEN-26SEP27,3,06Z->12Z,"[0.02685072882198808, -0.3290113593549339, 0.0697510999058446, 0.18036192786039973, 0.011991843576009131, 0.040055759190692375]","[-0.012711437776882814, 0.08852698348771637, -0.07881091421667341, 0.0012837293596455867, 0.0012837293596455867, 0.0004279097865485292]","[-0.015000000000000003, 0.039999999999999925, -0.10999999999999999, 0.0, 0.0, 0.0]",-0.034700772061571336,-0.021235836296170058,0.1481133453391427,False,False,1.0399999999999998,0.955,-0.08499999999999985,0.06,0.0699999999999999,0.009999999999999898
2026-09-27,NYC,KXHIGHNY-26SEP27,3,06Z->12Z,"[-0.1855107777930044, 0.07643507265583455, 0.20221859963841027, 0.08177785339915677, -0.1865681955130511, 0.011647447612653905]","[-0.03634801189149017, 0.005179301374953552, 6.967670011148036e-05, 2.3225566703827076e-05, 0.031052582683017416, 2.3225566703827076e-05]","[-0.03999999999999998, 0.0050000000000000044, 0.0, 0.0, 0.02999999999999997, 0.0]",0.0013616636972148195,0.0022055606096078174,0.1227799029684473,True,False,1.0399999999999998,1.035,-0.004999999999999893,0.0599999999999999,0.0899999999999998,0.029999999999999902
2026-09-28,Chicago,KXHIGHCHI-26SEP28,3,06Z->12Z,"[-0.060368304537171125, -0.32232738660494414, 0.3223273866049441, 0.060368304537171125, -0.00022923140591080138, 0.00022923140591080138]","[0.037756131806414725, 0.10980211486990488, -0.1198060637971129, -0.018494142424641313, -0.009279978939054892, 2.193848448949192e-05]","[0.0399999999999999, 0.11500000000000005, -0.13, -0.020000000000000004, -0.010000000000000002, 0.0]",-0.07740260556633204,-0.08259001567638248,0.2150786577906064,False,False,1.0699999999999998,1.0649999999999995,-0.0050000000000003375,0.0999999999999999,0.0699999999999999,-0.03
2026-09-28,Denver,KXHIGHDEN-26SEP28,2,00Z->06Z,"[-0.02382175367684003, -0.06173830238208006, -0.047211540304266664, 0.00016983221710664687, 0.06911444827812935, 0.06348731586795076]","[0.0197094516786252, 0.005624944636371698, -0.02763752325272388, 0.0003764726725130757, 0.015878288599521728, -0.013951634334307728]","[0.01999999999999999, 0.0050000000000000044, -0.03, 0.0, 0.015000000000000013, -0.015]",0.0006997530846086812,0.0007156266098334789,0.0154154985470517,True,False,1.065,1.0599999999999998,-0.0050000000000001155,0.0899999999999996,0.0999999999999996,0.010000000000000009
2026-09-28,Denver,KXHIGHDEN-26SEP28,3,06Z->12Z,"[-0.02752210077998063, 0.03557979492261659, 0.07337004776373013, 0.05117402223971401, -0.12397975158365254, -0.008622012562427561]","[-0.0520611098849898, -0.08489663797542853, -0.05951592731553006, -0.05542068221388459, 0.2734250472056696, -0.021530689815836578]","[-0.044999999999999984, -0.08, -0.05500000000000001, -0.04999999999999999, 0.3, -0.019999999999999997]",-0.04250409106104713,-0.04522342802154827,0.0254706502024925,False,False,0.985,1.035,0.04999999999999993,0.0699999999999998,0.0699999999999997,-9.71445146547012e-17
2026-09-28,NYC,KXHIGHNY-26SEP28,2,00Z->06Z,"[-5.551115123125783e-17, -0.04462275227384749, -0.047225182705221025, -0.024510218999581168, 0.1252786286631094, -0.008920474684459667]","[-0.002029702970296976, 0.009752475247524761, -4.950495049504868e-05, -4.950495049504868e-05, -0.00757425742574247, -4.950495049504868e-05]","[0.0, 0.010000000000000002, 0.0, 0.0, 0.0, 0.0]",-0.0013800820052977314,-0.00044622752273847495,0.0205964684057474,False,False,1.0,1.0099999999999998,0.009999999999999787,0.0599999999999999,0.0599999999999998,-1.0408340855860843e-16
2026-09-28,NYC,KXHIGHNY-26SEP28,3,06Z->12Z,"[0.11443267942113883, 0.10877886649861523, 0.00512930402224665, -0.015519394646387186, -0.20718881501222813, -0.005632640283385393]","[0.004462761547090688, -0.009925376774130613, -2.438667512071318e-05, -2.438667512071318e-05, 0.005535775252402231, -2.438667512071318e-05]","[0.0050000000000000044, -0.009999999999999998, 0.0, 0.0, 0.010000000000000009, 0.0]",-0.0017155454471964441,-0.0025875134180027405,0.0681537729889009,False,False,1.01,1.015,0.004999999999999893,0.06,0.07,0.010000000000000009
