event_date_local,city,event_ticker,revision_sequence,transition,old_state_label,new_state_label,old_txn,new_txn,old_xnd,new_xnd,delta_txn,delta_xnd,pre_snapshot_utc,post1_snapshot_utc,post2_snapshot_utc,market_tickers,bucket_labels,bucket_bounds,q_old,q_new,delta_q,delta_q_norm_sq
2026-08-14,Chicago,KXHIGHCHI-26AUG14,1,prev18Z->00Z,prev18Z,00Z,80.0,81.0,2.0,2.0,1.0,0.0,2026-08-14T01:00:00+00:00,2026-08-14T03:00:00+00:00,2026-08-14T04:00:00+00:00,"[""KXHIGHCHI-26AUG14-B76.5"", ""KXHIGHCHI-26AUG14-B78.5"", ""KXHIGHCHI-26AUG14-B80.5"", ""KXHIGHCHI-26AUG14-B82.5"", ""KXHIGHCHI-26AUG14-T76"", ""KXHIGHCHI-26AUG14-T83""]","[""76\u00b0 to 77\u00b0"", ""78\u00b0 to 79\u00b0"", ""80\u00b0 to 81\u00b0"", ""82\u00b0 to 83\u00b0"", ""75\u00b0 or below"", ""84\u00b0 or above""]","[[76, 77], [78, 79], [80, 81], [82, 83], [null, 75], [84, null]]","[0.09342530101181062, 0.295643900650221, 0.37207897330605544, 0.18656819551305115, 0.012224472655044671, 0.040059156863817114]","[0.03707939362876256, 0.1865681955130511, 0.3720789733060555, 0.29564390065022095, 0.0029797632350545555, 0.10564977366685535]","[-0.056345907383048066, -0.10907570513716991, 5.551115123125783e-17, 0.1090757051371698, -0.009244709419990116, 0.06559061680303824]",0.03135747384602373
2026-08-14,Chicago,KXHIGHCHI-26AUG14,3,06Z->12Z,06Z,12Z,81.0,80.0,2.0,2.0,-1.0,0.0,2026-08-14T13:00:00+00:00,2026-08-14T15:00:00+00:00,2026-08-14T16:00:00+00:00,"[""KXHIGHCHI-26AUG14-B76.5"", ""KXHIGHCHI-26AUG14-B78.5"", ""KXHIGHCHI-26AUG14-B80.5"", ""KXHIGHCHI-26AUG14-B82.5"", ""KXHIGHCHI-26AUG14-T76"", ""KXHIGHCHI-26AUG14-T83""]","[""76\u00b0 to 77\u00b0"", ""78\u00b0 to 79\u00b0"", ""80\u00b0 to 81\u00b0"", ""82\u00b0 to 83\u00b0"", ""75\u00b0 or below"", ""84\u00b0 or above""]","[[76, 77], [78, 79], [80, 81], [82, 83], [null, 75], [84, null]]","[0.03707939362876256, 0.1865681955130511, 0.3720789733060555, 0.29564390065022095, 0.0029797632350545555, 0.10564977366685535]","[0.09342530101181062, 0.295643900650221, 0.37207897330605544, 0.18656819551305115, 0.012224472655044671, 0.040059156863817114]","[0.056345907383048066, 0.10907570513716991, -5.551115123125783e-17, -0.1090757051371698, 0.009244709419990116, -0.06559061680303824]",0.03135747384602373
2026-08-14,Denver,KXHIGHDEN-26AUG14,2,00Z->06Z,00Z,06Z,84.0,84.0,4.0,3.0,0.0,-1.0,2026-08-14T06:00:00+00:00,2026-08-14T08:00:00+00:00,2026-08-14T09:00:00+00:00,"[""KXHIGHDEN-26AUG14-B81.5"", ""KXHIGHDEN-26AUG14-B83.5"", ""KXHIGHDEN-26AUG14-B85.5"", ""KXHIGHDEN-26AUG14-B87.5"", ""KXHIGHDEN-26AUG14-T81"", ""KXHIGHDEN-26AUG14-T88""]","[""81\u00b0 to 82\u00b0"", ""83\u00b0 to 84\u00b0"", ""85\u00b0 to 86\u00b0"", ""87\u00b0 to 88\u00b0"", ""80\u00b0 or below"", ""89\u00b0 or above""]","[[81, 82], [83, 84], [85, 86], [87, 88], [null, 80], [89, null]]","[0.16304328047476563, 0.19590799150283666, 0.18427624612118654, 0.1356910119118917, 0.19078695285251063, 0.13029451713680884]","[0.18686503415160566, 0.2576462938849167, 0.2314877864254532, 0.13552117969478505, 0.12167250457438128, 0.06680720126885809]","[0.02382175367684003, 0.06173830238208006, 0.047211540304266664, -0.00016983221710664687, -0.06911444827812935, -0.06348731586795076]",0.015415498547051727
2026-08-14,Denver,KXHIGHDEN-26AUG14,3,06Z->12Z,06Z,12Z,84.0,83.0,3.0,3.0,-1.0,0.0,2026-08-14T13:00:00+00:00,2026-08-14T15:00:00+00:00,2026-08-14T16:00:00+00:00,"[""KXHIGHDEN-26AUG14-B81.5"", ""KXHIGHDEN-26AUG14-B83.5"", ""KXHIGHDEN-26AUG14-B85.5"", ""KXHIGHDEN-26AUG14-B87.5"", ""KXHIGHDEN-26AUG14-T81"", ""KXHIGHDEN-26AUG14-T88""]","[""81\u00b0 to 82\u00b0"", ""83\u00b0 to 84\u00b0"", ""85\u00b0 to 86\u00b0"", ""87\u00b0 to 88\u00b0"", ""80\u00b0 or below"", ""89\u00b0 or above""]","[[81, 82], [83, 84], [85, 86], [87, 88], [null, 80], [89, null]]","[0.18686503415160566, 0.2576462938849167, 0.2314877864254532, 0.13552117969478505, 0.12167250457438128, 0.06680720126885809]","[0.23148778642545326, 0.25764629388491667, 0.1868650341516057, 0.08829599698956403, 0.20232838096364308, 0.03337650758481725]","[0.0446227522738476, -5.551115123125783e-17, -0.04462275227384749, -0.047225182705221025, 0.0806558763892618, -0.033430693684040835]",0.013835579598843888
2026-08-15,Chicago,KXHIGHCHI-26AUG15,1,prev18Z->00Z,prev18Z,00Z,84.0,83.0,3.0,4.0,-1.0,1.0,2026-08-15T01:00:00+00:00,2026-08-15T03:00:00+00:00,2026-08-15T04:00:00+00:00,"[""KXHIGHCHI-26AUG15-B81.5"", ""KXHIGHCHI-26AUG15-B83.5"", ""KXHIGHCHI-26AUG15-B85.5"", ""KXHIGHCHI-26AUG15-B87.5"", ""KXHIGHCHI-26AUG15-T81"", ""KXHIGHCHI-26AUG15-T88""]","[""81\u00b0 to 82\u00b0"", ""83\u00b0 to 84\u00b0"", ""85\u00b0 to 86\u00b0"", ""87\u00b0 to 88\u00b0"", ""80\u00b0 or below"", ""89\u00b0 or above""]","[[81, 82], [83, 84], [85, 86], [87, 88], [null, 80], [89, null]]","[0.18686503415160566, 0.2576462938849167, 0.2314877864254532, 0.13552117969478505, 0.12167250457438128, 0.06680720126885809]","[0.1842762461211866, 0.1959079915028366, 0.16304328047476568, 0.10622123050117482, 0.26598552904870054, 0.08456572235133575]","[-0.0025887880304190647, -0.06173830238208011, -0.06844450595068752, -0.02929994919361023, 0.14431302447431926, 0.017758521082477663]",0.030503071326031715
2026-08-15,Chicago,KXHIGHCHI-26AUG15,3,06Z->12Z,06Z,12Z,80.0,81.0,2.0,2.0,1.0,0.0,2026-08-15T13:00:00+00:00,2026-08-15T15:00:00+00:00,2026-08-15T16:00:00+00:00,"[""KXHIGHCHI-26AUG15-B81.5"", ""KXHIGHCHI-26AUG15-B83.5"", ""KXHIGHCHI-26AUG15-B85.5"", ""KXHIGHCHI-26AUG15-B87.5"", ""KXHIGHCHI-26AUG15-T81"", ""KXHIGHCHI-26AUG15-T88""]","[""81\u00b0 to 82\u00b0"", ""83\u00b0 to 84\u00b0"", ""85\u00b0 to 86\u00b0"", ""87\u00b0 to 88\u00b0"", ""80\u00b0 or below"", ""89\u00b0 or above""]","[[81, 82], [83, 84], [85, 86], [87, 88], [null, 80], [89, null]]","[0.29564390065022095, 0.09342530101181068, 0.011647447612653905, 0.0005663365166158618, 0.5987063256829237, 1.0688525774904534e-05]","[0.37207897330605544, 0.18656819551305115, 0.03707939362876256, 0.002891345949853741, 0.4012936743170763, 8.841728520081471e-05]","[0.07643507265583449, 0.09314289450124047, 0.025431946016108653, 0.002325009433237879, -0.1974126513658474, 7.772875942591018e-05]",0.054141869636056474
2026-08-15,Denver,KXHIGHDEN-26AUG15,1,prev18Z->00Z,prev18Z,00Z,82.0,82.0,3.0,2.0,0.0,-1.0,2026-08-15T01:00:00+00:00,2026-08-15T03:00:00+00:00,2026-08-15T04:00:00+00:00,"[""KXHIGHDEN-26AUG15-B77.5"", ""KXHIGHDEN-26AUG15-B79.5"", ""KXHIGHDEN-26AUG15-B81.5"", ""KXHIGHDEN-26AUG15-B83.5"", ""KXHIGHDEN-26AUG15-T77"", ""KXHIGHDEN-26AUG15-T84""]","[""77\u00b0 to 78\u00b0"", ""79\u00b0 to 80\u00b0"", ""81\u00b0 to 82\u00b0"", ""83\u00b0 to 84\u00b0"", ""76\u00b0 or below"", ""85\u00b0 or above""]","[[77, 78], [79, 80], [81, 82], [83, 84], [null, 76], [85, null]]","[0.08829599698956403, 0.18686503415160566, 0.2576462938849167, 0.2314877864254532, 0.03337650758481725, 0.20232838096364314]","[0.03707939362876256, 0.1865681955130511, 0.3720789733060555, 0.29564390065022095, 0.0029797632350545555, 0.10564977366685535]","[-0.05121660336080147, -0.00029683863855456405, 0.11443267942113877, 0.06415611422476775, -0.030396744349762694, -0.09667860729678779]",0.0301047888608289
2026-08-15,Denver,KXHIGHDEN-26AUG15,3,06Z->12Z,06Z,12Z,82.0,81.0,2.0,2.0,-1.0,0.0,2026-08-15T13:00:00+00:00,2026-08-15T15:00:00+00:00,2026-08-15T16:00:00+00:00,"[""KXHIGHDEN-26AUG15-B77.5"", ""KXHIGHDEN-26AUG15-B79.5"", ""KXHIGHDEN-26AUG15-B81.5"", ""KXHIGHDEN-26AUG15-B83.5"", ""KXHIGHDEN-26AUG15-T77"", ""KXHIGHDEN-26AUG15-T84""]","[""77\u00b0 to 78\u00b0"", ""79\u00b0 to 80\u00b0"", ""81\u00b0 to 82\u00b0"", ""83\u00b0 to 84\u00b0"", ""76\u00b0 or below"", ""85\u00b0 or above""]","[[77, 78], [79, 80], [81, 82], [83, 84], [null, 76], [85, null]]","[0.03707939362876256, 0.1865681955130511, 0.3720789733060555, 0.29564390065022095, 0.0029797632350545555, 0.10564977366685535]","[0.09342530101181062, 0.295643900650221, 0.37207897330605544, 0.18656819551305115, 0.012224472655044671, 0.040059156863817114]","[0.056345907383048066, 0.10907570513716991, -5.551115123125783e-17, -0.1090757051371698, 0.009244709419990116, -0.06559061680303824]",0.03135747384602373
2026-08-15,NYC,KXHIGHNY-26AUG15,3,06Z->12Z,06Z,12Z,83.0,83.0,2.0,1.0,0.0,-1.0,2026-08-15T13:00:00+00:00,2026-08-15T15:00:00+00:00,2026-08-15T16:00:00+00:00,"[""KXHIGHNY-26AUG15-B80.5"", ""KXHIGHNY-26AUG15-B82.5"", ""KXHIGHNY-26AUG15-B84.5"", ""KXHIGHNY-26AUG15-B86.5"", ""KXHIGHNY-26AUG15-T80"", ""KXHIGHNY-26AUG15-T87""]","[""80\u00b0 to 81\u00b0"", ""82\u00b0 to 83\u00b0"", ""84\u00b0 to 85\u00b0"", ""86\u00b0 to 87\u00b0"", ""79\u00b0 or below"", ""88\u00b0 or above""]","[[80, 81], [82, 83], [84, 85], [86, 87], [null, 79], [88, null]]","[0.1865681955130511, 0.3720789733060555, 0.29564390065022095, 0.09342530101181068, 0.040059156863817114, 0.012224472655044671]","[0.06657457218982255, 0.6246552600051549, 0.30232787340021083, 0.0062062676526514204, 0.0002326290790355401, 3.3976731247387093e-06]","[-0.11999362332322855, 0.25257628669909943, 0.006683972749989886, -0.08721903335915926, -0.039826527784781574, -0.012221074981919933]",0.08758059250187697
2026-08-16,Chicago,KXHIGHCHI-26AUG16,3,06Z->12Z,06Z,12Z,85.0,86.0,2.0,2.0,1.0,0.0,2026-08-16T13:00:00+00:00,2026-08-16T15:00:00+00:00,2026-08-16T16:00:00+00:00,"[""KXHIGHCHI-26AUG16-B82.5"", ""KXHIGHCHI-26AUG16-B84.5"", ""KXHIGHCHI-26AUG16-B86.5"", ""KXHIGHCHI-26AUG16-B88.5"", ""KXHIGHCHI-26AUG16-T82"", ""KXHIGHCHI-26AUG16-T89""]","[""82\u00b0 to 83\u00b0"", ""84\u00b0 to 85\u00b0"", ""86\u00b0 to 87\u00b0"", ""88\u00b0 to 89\u00b0"", ""81\u00b0 or below"", ""90\u00b0 or above""]","[[82, 83], [84, 85], [86, 87], [88, 89], [null, 81], [90, null]]","[0.1865681955130511, 0.3720789733060555, 0.29564390065022095, 0.09342530101181068, 0.040059156863817114, 0.012224472655044671]","[0.09342530101181062, 0.295643900650221, 0.37207897330605544, 0.18656819551305115, 0.012224472655044671, 0.040059156863817114]","[-0.09314289450124047, -0.07643507265583449, 0.07643507265583449, 0.09314289450124047, -0.027834684208772442, 0.027834684208772442]",0.030585377545947992
2026-08-16,Denver,KXHIGHDEN-26AUG16,1,prev18Z->00Z,prev18Z,00Z,82.0,82.0,4.0,3.0,0.0,-1.0,2026-08-16T01:00:00+00:00,2026-08-16T03:00:00+00:00,2026-08-16T04:00:00+00:00,"[""KXHIGHDEN-26AUG16-B80.5"", ""KXHIGHDEN-26AUG16-B82.5"", ""KXHIGHDEN-26AUG16-B84.5"", ""KXHIGHDEN-26AUG16-B86.5"", ""KXHIGHDEN-26AUG16-T80"", ""KXHIGHDEN-26AUG16-T87""]","[""80\u00b0 to 81\u00b0"", ""82\u00b0 to 83\u00b0"", ""84\u00b0 to 85\u00b0"", ""86\u00b0 to 87\u00b0"", ""79\u00b0 or below"", ""88\u00b0 or above""]","[[80, 81], [82, 83], [84, 85], [86, 87], [null, 79], [88, null]]","[0.1842762461211866, 0.1959079915028366, 0.16304328047476568, 0.10622123050117482, 0.26598552904870054, 0.08456572235133575]","[0.23148778642545326, 0.25764629388491667, 0.1868650341516057, 0.08829599698956403, 0.20232838096364308, 0.03337650758481725]","[0.047211540304266664, 0.06173830238208006, 0.02382175367684003, -0.017925233511610794, -0.06365714808505746, -0.0511892147665185]",0.013601905674344054
2026-08-16,NYC,KXHIGHNY-26AUG16,1,prev18Z->00Z,prev18Z,00Z,80.0,80.0,2.0,3.0,0.0,1.0,2026-08-16T01:00:00+00:00,2026-08-16T03:00:00+00:00,2026-08-16T04:00:00+00:00,"[""KXHIGHNY-26AUG16-B78.5"", ""KXHIGHNY-26AUG16-B80.5"", ""KXHIGHNY-26AUG16-B82.5"", ""KXHIGHNY-26AUG16-B84.5"", ""KXHIGHNY-26AUG16-T78"", ""KXHIGHNY-26AUG16-T85""]","[""78\u00b0 to 79\u00b0"", ""80\u00b0 to 81\u00b0"", ""82\u00b0 to 83\u00b0"", ""84\u00b0 to 85\u00b0"", ""77\u00b0 or below"", ""86\u00b0 or above""]","[[78, 79], [80, 81], [82, 83], [84, 85], [null, 77], [86, null]]","[0.295643900650221, 0.37207897330605544, 0.18656819551305115, 0.03707939362876256, 0.1056497736668553, 0.0029797632350545555]","[0.23148778642545326, 0.25764629388491667, 0.1868650341516057, 0.08829599698956403, 0.20232838096364308, 0.03337650758481725]","[-0.06415611422476775, -0.11443267942113877, 0.00029683863855456405, 0.05121660336080147, 0.09667860729678779, 0.030396744349762694]",0.0301047888608289
2026-08-17,Chicago,KXHIGHCHI-26AUG17,1,prev18Z->00Z,prev18Z,00Z,80.0,79.0,2.0,2.0,-1.0,0.0,2026-08-17T01:00:00+00:00,2026-08-17T03:00:00+00:00,2026-08-17T04:00:00+00:00,"[""KXHIGHCHI-26AUG17-B78.5"", ""KXHIGHCHI-26AUG17-B80.5"", ""KXHIGHCHI-26AUG17-B82.5"", ""KXHIGHCHI-26AUG17-B84.5"", ""KXHIGHCHI-26AUG17-T78"", ""KXHIGHCHI-26AUG17-T85""]","[""78\u00b0 to 79\u00b0"", ""80\u00b0 to 81\u00b0"", ""82\u00b0 to 83\u00b0"", ""84\u00b0 to 85\u00b0"", ""77\u00b0 or below"", ""86\u00b0 or above""]","[[78, 79], [80, 81], [82, 83], [84, 85], [null, 77], [86, null]]","[0.295643900650221, 0.37207897330605544, 0.18656819551305115, 0.03707939362876256, 0.1056497736668553, 0.0029797632350545555]","[0.3720789733060555, 0.29564390065022095, 0.09342530101181068, 0.011647447612653905, 0.2266273523768682, 0.0005770250423907664]","[0.07643507265583449, -0.07643507265583449, -0.09314289450124047, -0.025431946016108653, 0.12097757871001291, -0.002402738192663789]",0.03564837103940073
2026-08-17,Chicago,KXHIGHCHI-26AUG17,3,06Z->12Z,06Z,12Z,79.0,78.0,2.0,2.0,-1.0,0.0,2026-08-17T13:00:00+00:00,2026-08-17T15:00:00+00:00,2026-08-17T16:00:00+00:00,"[""KXHIGHCHI-26AUG17-B78.5"", ""KXHIGHCHI-26AUG17-B80.5"", ""KXHIGHCHI-26AUG17-B82.5"", ""KXHIGHCHI-26AUG17-B84.5"", ""KXHIGHCHI-26AUG17-T78"", ""KXHIGHCHI-26AUG17-T85""]","[""78\u00b0 to 79\u00b0"", ""80\u00b0 to 81\u00b0"", ""82\u00b0 to 83\u00b0"", ""84\u00b0 to 85\u00b0"", ""77\u00b0 or below"", ""86\u00b0 or above""]","[[78, 79], [80, 81], [82, 83], [84, 85], [null, 77], [86, null]]","[0.3720789733060555, 0.29564390065022095, 0.09342530101181068, 0.011647447612653905, 0.2266273523768682, 0.0005770250423907664]","[0.37207897330605544, 0.18656819551305115, 0.03707939362876256, 0.002891345949853741, 0.4012936743170763, 8.841728520081471e-05]","[-5.551115123125783e-17, -0.1090757051371698, -0.05634590738304812, -0.008756101662800164, 0.1746663219402081, -0.0004886077571899516]",0.045657602803979944
2026-08-17,Denver,KXHIGHDEN-26AUG17,1,prev18Z->00Z,prev18Z,00Z,88.0,89.0,2.0,2.0,1.0,0.0,2026-08-17T01:00:00+00:00,2026-08-17T03:00:00+00:00,2026-08-17T04:00:00+00:00,"[""KXHIGHDEN-26AUG17-B85.5"", ""KXHIGHDEN-26AUG17-B87.5"", ""KXHIGHDEN-26AUG17-B89.5"", ""KXHIGHDEN-26AUG17-B91.5"", ""KXHIGHDEN-26AUG17-T85"", ""KXHIGHDEN-26AUG17-T92""]","[""85\u00b0 to 86\u00b0"", ""87\u00b0 to 88\u00b0"", ""89\u00b0 to 90\u00b0"", ""91\u00b0 to 92\u00b0"", ""84\u00b0 or below"", ""93\u00b0 or above""]","[[85, 86], [87, 88], [89, 90], [91, 92], [null, 84], [93, null]]","[0.1865681955130511, 0.3720789733060555, 0.29564390065022095, 0.09342530101181068, 0.040059156863817114, 0.012224472655044671]","[0.09342530101181062, 0.295643900650221, 0.37207897330605544, 0.18656819551305115, 0.012224472655044671, 0.040059156863817114]","[-0.09314289450124047, -0.07643507265583449, 0.07643507265583449, 0.09314289450124047, -0.027834684208772442, 0.027834684208772442]",0.030585377545947992
2026-08-17,NYC,KXHIGHNY-26AUG17,2,00Z->06Z,00Z,06Z,83.0,84.0,3.0,3.0,1.0,0.0,2026-08-17T06:00:00+00:00,2026-08-17T08:00:00+00:00,2026-08-17T09:00:00+00:00,"[""KXHIGHNY-26AUG17-B84.5"", ""KXHIGHNY-26AUG17-B86.5"", ""KXHIGHNY-26AUG17-B88.5"", ""KXHIGHNY-26AUG17-B90.5"", ""KXHIGHNY-26AUG17-T84"", ""KXHIGHNY-26AUG17-T91""]","[""84\u00b0 to 85\u00b0"", ""86\u00b0 to 87\u00b0"", ""88\u00b0 to 89\u00b0"", ""90\u00b0 to 91\u00b0"", ""83\u00b0 or below"", ""92\u00b0 or above""]","[[84, 85], [86, 87], [88, 89], [90, 91], [null, 83], [92, null]]","[0.2314877864254532, 0.13552117969478505, 0.05167706125862226, 0.01282687387853998, 0.5661838326109037, 0.002303266131695847]","[0.25764629388491667, 0.1868650341516057, 0.08829599698956403, 0.02716684225904109, 0.43381616738909634, 0.006209665325776159]","[0.026158507459463465, 0.05134385445682066, 0.03661893573094177, 0.014339968380501111, -0.13236766522180732, 0.003906399194080312]",0.022403498801146574
2026-08-18,Chicago,KXHIGHCHI-26AUG18,2,00Z->06Z,00Z,06Z,81.0,82.0,3.0,2.0,1.0,-1.0,2026-08-18T06:00:00+00:00,2026-08-18T08:00:00+00:00,2026-08-18T09:00:00+00:00,"[""KXHIGHCHI-26AUG18-B78.5"", ""KXHIGHCHI-26AUG18-B80.5"", ""KXHIGHCHI-26AUG18-B82.5"", ""KXHIGHCHI-26AUG18-B84.5"", ""KXHIGHCHI-26AUG18-T78"", ""KXHIGHCHI-26AUG18-T85""]","[""78\u00b0 to 79\u00b0"", ""80\u00b0 to 81\u00b0"", ""82\u00b0 to 83\u00b0"", ""84\u00b0 to 85\u00b0"", ""77\u00b0 or below"", ""86\u00b0 or above""]","[[78, 79], [80, 81], [82, 83], [84, 85], [null, 77], [86, null]]","[0.18686503415160566, 0.2576462938849167, 0.2314877864254532, 0.13552117969478505, 0.12167250457438128, 0.06680720126885809]","[0.09342530101181062, 0.295643900650221, 0.37207897330605544, 0.18656819551305115, 0.012224472655044671, 0.040059156863817114]","[-0.09343973313979503, 0.03799760676530428, 0.14059118688060224, 0.051047015818266095, -0.10944803191933661, -0.02674804440504097]",0.045240811072083706
2026-08-18,NYC,KXHIGHNY-26AUG18,1,prev18Z->00Z,prev18Z,00Z,86.0,85.0,2.0,2.0,-1.0,0.0,2026-08-18T01:00:00+00:00,2026-08-18T03:00:00+00:00,2026-08-18T04:00:00+00:00,"[""KXHIGHNY-26AUG18-B85.5"", ""KXHIGHNY-26AUG18-B87.5"", ""KXHIGHNY-26AUG18-B89.5"", ""KXHIGHNY-26AUG18-B91.5"", ""KXHIGHNY-26AUG18-T85"", ""KXHIGHNY-26AUG18-T92""]","[""85\u00b0 to 86\u00b0"", ""87\u00b0 to 88\u00b0"", ""89\u00b0 to 90\u00b0"", ""91\u00b0 to 92\u00b0"", ""84\u00b0 or below"", ""93\u00b0 or above""]","[[85, 86], [87, 88], [89, 90], [91, 92], [null, 84], [93, null]]","[0.3720789733060555, 0.29564390065022095, 0.09342530101181068, 0.011647447612653905, 0.2266273523768682, 0.0005770250423907664]","[0.37207897330605544, 0.18656819551305115, 0.03707939362876256, 0.002891345949853741, 0.4012936743170763, 8.841728520081471e-05]","[-5.551115123125783e-17, -0.1090757051371698, -0.05634590738304812, -0.008756101662800164, 0.1746663219402081, -0.0004886077571899516]",0.045657602803979944
2026-08-18,NYC,KXHIGHNY-26AUG18,3,06Z->12Z,06Z,12Z,85.0,84.0,2.0,2.0,-1.0,0.0,2026-08-18T13:00:00+00:00,2026-08-18T15:00:00+00:00,2026-08-18T16:00:00+00:00,"[""KXHIGHNY-26AUG18-B85.5"", ""KXHIGHNY-26AUG18-B87.5"", ""KXHIGHNY-26AUG18-B89.5"", ""KXHIGHNY-26AUG18-B91.5"", ""KXHIGHNY-26AUG18-T85"", ""KXHIGHNY-26AUG18-T92""]","[""85\u00b0 to 86\u00b0"", ""87\u00b0 to 88\u00b0"", ""89\u00b0 to 90\u00b0"", ""91\u00b0 to 92\u00b0"", ""84\u00b0 or below"", ""93\u00b0 or above""]","[[85, 86], [87, 88], [89, 90], [91, 92], [null, 84], [93, null]]","[0.37207897330605544, 0.18656819551305115, 0.03707939362876256, 0.002891345949853741, 0.4012936743170763, 8.841728520081471e-05]","[0.29564390065022095, 0.09342530101181068, 0.011647447612653905, 0.0005663365166158618, 0.5987063256829237, 1.0688525774904534e-05]","[-0.07643507265583449, -0.09314289450124047, -0.025431946016108653, -0.002325009433237879, 0.1974126513658474, -7.772875942591018e-05]",0.054141869636056474
2026-08-19,Denver,KXHIGHDEN-26AUG19,1,prev18Z->00Z,prev18Z,00Z,89.0,88.0,2.0,3.0,-1.0,1.0,2026-08-19T01:00:00+00:00,2026-08-19T03:00:00+00:00,2026-08-19T04:00:00+00:00,"[""KXHIGHDEN-26AUG19-B84.5"", ""KXHIGHDEN-26AUG19-B86.5"", ""KXHIGHDEN-26AUG19-B88.5"", ""KXHIGHDEN-26AUG19-B90.5"", ""KXHIGHDEN-26AUG19-T84"", ""KXHIGHDEN-26AUG19-T91""]","[""84\u00b0 to 85\u00b0"", ""86\u00b0 to 87\u00b0"", ""88\u00b0 to 89\u00b0"", ""90\u00b0 to 91\u00b0"", ""83\u00b0 or below"", ""92\u00b0 or above""]","[[84, 85], [86, 87], [88, 89], [90, 91], [null, 83], [92, null]]","[0.03707939362876256, 0.1865681955130511, 0.3720789733060555, 0.29564390065022095, 0.0029797632350545555, 0.10564977366685535]","[0.135521179694785, 0.23148778642545326, 0.25764629388491667, 0.1868650341516057, 0.06680720126885809, 0.12167250457438128]","[0.09844178606602244, 0.04491959091240216, -0.11443267942113883, -0.10877886649861523, 0.06382743803380353, 0.01602273090752593]",0.04096690455952479
2026-08-19,Denver,KXHIGHDEN-26AUG19,3,06Z->12Z,06Z,12Z,88.0,89.0,3.0,2.0,1.0,-1.0,2026-08-19T13:00:00+00:00,2026-08-19T15:00:00+00:00,2026-08-19T16:00:00+00:00,"[""KXHIGHDEN-26AUG19-B84.5"", ""KXHIGHDEN-26AUG19-B86.5"", ""KXHIGHDEN-26AUG19-B88.5"", ""KXHIGHDEN-26AUG19-B90.5"", ""KXHIGHDEN-26AUG19-T84"", ""KXHIGHDEN-26AUG19-T91""]","[""84\u00b0 to 85\u00b0"", ""86\u00b0 to 87\u00b0"", ""88\u00b0 to 89\u00b0"", ""90\u00b0 to 91\u00b0"", ""83\u00b0 or below"", ""92\u00b0 or above""]","[[84, 85], [86, 87], [88, 89], [90, 91], [null, 83], [92, null]]","[0.135521179694785, 0.23148778642545326, 0.25764629388491667, 0.1868650341516057, 0.06680720126885809, 0.12167250457438128]","[0.03707939362876256, 0.1865681955130511, 0.3720789733060555, 0.29564390065022095, 0.0029797632350545555, 0.10564977366685535]","[-0.09844178606602244, -0.04491959091240216, 0.11443267942113883, 0.10877886649861523, -0.06382743803380353, -0.01602273090752593]",0.04096690455952479
2026-08-19,NYC,KXHIGHNY-26AUG19,2,00Z->06Z,00Z,06Z,85.0,86.0,2.0,1.0,1.0,-1.0,2026-08-19T06:00:00+00:00,2026-08-19T08:00:00+00:00,2026-08-19T09:00:00+00:00,"[""KXHIGHNY-26AUG19-B85.5"", ""KXHIGHNY-26AUG19-B87.5"", ""KXHIGHNY-26AUG19-B89.5"", ""KXHIGHNY-26AUG19-B91.5"", ""KXHIGHNY-26AUG19-T85"", ""KXHIGHNY-26AUG19-T92""]","[""85\u00b0 to 86\u00b0"", ""87\u00b0 to 88\u00b0"", ""89\u00b0 to 90\u00b0"", ""91\u00b0 to 92\u00b0"", ""84\u00b0 or below"", ""93\u00b0 or above""]","[[85, 86], [87, 88], [89, 90], [91, 92], [null, 84], [93, null]]","[0.37207897330605544, 0.18656819551305115, 0.03707939362876256, 0.002891345949853741, 0.4012936743170763, 8.841728520081471e-05]","[0.6246552600051549, 0.30232787340021083, 0.0062062676526514204, 3.397632964752262e-06, 0.06680720126885809, 4.0159986447463325e-11]","[0.2525762866990995, 0.11575967788715968, -0.030873125976111138, -0.0028879483168889886, -0.3344864730482182, -8.841724504082826e-05]",0.19003778225010812
2026-08-20,Chicago,KXHIGHCHI-26AUG20,1,prev18Z->00Z,prev18Z,00Z,80.0,79.0,2.0,2.0,-1.0,0.0,2026-08-20T01:00:00+00:00,2026-08-20T03:00:00+00:00,2026-08-20T04:00:00+00:00,"[""KXHIGHCHI-26AUG20-B77.5"", ""KXHIGHCHI-26AUG20-B79.5"", ""KXHIGHCHI-26AUG20-B81.5"", ""KXHIGHCHI-26AUG20-B83.5"", ""KXHIGHCHI-26AUG20-T77"", ""KXHIGHCHI-26AUG20-T84""]","[""77\u00b0 to 78\u00b0"", ""79\u00b0 to 80\u00b0"", ""81\u00b0 to 82\u00b0"", ""83\u00b0 to 84\u00b0"", ""76\u00b0 or below"", ""85\u00b0 or above""]","[[77, 78], [79, 80], [81, 82], [83, 84], [null, 76], [85, null]]","[0.1865681955130511, 0.3720789733060555, 0.29564390065022095, 0.09342530101181068, 0.040059156863817114, 0.012224472655044671]","[0.295643900650221, 0.37207897330605544, 0.18656819551305115, 0.03707939362876256, 0.1056497736668553, 0.0029797632350545555]","[0.10907570513716991, -5.551115123125783e-17, -0.1090757051371698, -0.05634590738304812, 0.06559061680303818, -0.009244709419990116]",0.03135747384602373
2026-08-20,Chicago,KXHIGHCHI-26AUG20,3,06Z->12Z,06Z,12Z,79.0,79.0,2.0,1.0,0.0,-1.0,2026-08-20T13:00:00+00:00,2026-08-20T15:00:00+00:00,2026-08-20T16:00:00+00:00,"[""KXHIGHCHI-26AUG20-B77.5"", ""KXHIGHCHI-26AUG20-B79.5"", ""KXHIGHCHI-26AUG20-B81.5"", ""KXHIGHCHI-26AUG20-B83.5"", ""KXHIGHCHI-26AUG20-T77"", ""KXHIGHCHI-26AUG20-T84""]","[""77\u00b0 to 78\u00b0"", ""79\u00b0 to 80\u00b0"", ""81\u00b0 to 82\u00b0"", ""83\u00b0 to 84\u00b0"", ""76\u00b0 or below"", ""85\u00b0 or above""]","[[77, 78], [79, 80], [81, 82], [83, 84], [null, 76], [85, null]]","[0.295643900650221, 0.37207897330605544, 0.18656819551305115, 0.03707939362876256, 0.1056497736668553, 0.0029797632350545555]","[0.3023278734002108, 0.6246552600051549, 0.06657457218982255, 0.00023261008947306205, 0.006209665325776159, 1.8989562478033406e-08]","[0.006683972749989775, 0.2525762866990995, -0.1199936233232286, -0.036846783539289496, -0.09944010834107914, -0.0029797442454920775]",0.08949282521251054
2026-08-20,NYC,KXHIGHNY-26AUG20,1,prev18Z->00Z,prev18Z,00Z,80.0,81.0,4.0,4.0,1.0,0.0,2026-08-20T01:00:00+00:00,2026-08-20T03:00:00+00:00,2026-08-20T04:00:00+00:00,"[""KXHIGHNY-26AUG20-B78.5"", ""KXHIGHNY-26AUG20-B80.5"", ""KXHIGHNY-26AUG20-B82.5"", ""KXHIGHNY-26AUG20-B84.5"", ""KXHIGHNY-26AUG20-T78"", ""KXHIGHNY-26AUG20-T85""]","[""78\u00b0 to 79\u00b0"", ""80\u00b0 to 81\u00b0"", ""82\u00b0 to 83\u00b0"", ""84\u00b0 to 85\u00b0"", ""77\u00b0 or below"", ""86\u00b0 or above""]","[[78, 79], [80, 81], [82, 83], [84, 85], [null, 77], [86, null]]","[0.1842762461211866, 0.1959079915028366, 0.16304328047476568, 0.10622123050117482, 0.26598552904870054, 0.08456572235133575]","[0.16304328047476563, 0.19590799150283666, 0.18427624612118654, 0.1356910119118917, 0.19078695285251063, 0.13029451713680884]","[-0.021232965646420965, 5.551115123125783e-17, 0.021232965646420854, 0.029469781410716878, -0.07519857619618991, 0.04572879478547309]",0.009516094211145706
2026-08-21,Chicago,KXHIGHCHI-26AUG21,2,00Z->06Z,00Z,06Z,80.0,81.0,2.0,2.0,1.0,0.0,2026-08-21T06:00:00+00:00,2026-08-21T08:00:00+00:00,2026-08-21T09:00:00+00:00,"[""KXHIGHCHI-26AUG21-B78.5"", ""KXHIGHCHI-26AUG21-B80.5"", ""KXHIGHCHI-26AUG21-B82.5"", ""KXHIGHCHI-26AUG21-B84.5"", ""KXHIGHCHI-26AUG21-T78"", ""KXHIGHCHI-26AUG21-T85""]","[""78\u00b0 to 79\u00b0"", ""80\u00b0 to 81\u00b0"", ""82\u00b0 to 83\u00b0"", ""84\u00b0 to 85\u00b0"", ""77\u00b0 or below"", ""86\u00b0 or above""]","[[78, 79], [80, 81], [82, 83], [84, 85], [null, 77], [86, null]]","[0.295643900650221, 0.37207897330605544, 0.18656819551305115, 0.03707939362876256, 0.1056497736668553, 0.0029797632350545555]","[0.1865681955130511, 0.3720789733060555, 0.29564390065022095, 0.09342530101181068, 0.040059156863817114, 0.012224472655044671]","[-0.10907570513716991, 5.551115123125783e-17, 0.1090757051371698, 0.05634590738304812, -0.06559061680303818, 0.009244709419990116]",0.03135747384602373
2026-08-21,Denver,KXHIGHDEN-26AUG21,1,prev18Z->00Z,prev18Z,00Z,98.0,97.0,2.0,2.0,-1.0,0.0,2026-08-21T01:00:00+00:00,2026-08-21T03:00:00+00:00,2026-08-21T04:00:00+00:00,"[""KXHIGHDEN-26AUG21-B100.5"", ""KXHIGHDEN-26AUG21-B94.5"", ""KXHIGHDEN-26AUG21-B96.5"", ""KXHIGHDEN-26AUG21-B98.5"", ""KXHIGHDEN-26AUG21-T101"", ""KXHIGHDEN-26AUG21-T94""]","[""100\u00b0 to 101\u00b0"", ""94\u00b0 to 95\u00b0"", ""96\u00b0 to 97\u00b0"", ""98\u00b0 to 99\u00b0"", ""102\u00b0 or above"", ""93\u00b0 or below""]","[[100, 101], [94, 95], [96, 97], [98, 99], [102, null], [null, 93]]","[0.18656819551305115, 0.09342530101181062, 0.295643900650221, 0.37207897330605544, 0.040059156863817114, 0.012224472655044671]","[0.09342530101181068, 0.1865681955130511, 0.3720789733060555, 0.29564390065022095, 0.012224472655044671, 0.040059156863817114]","[-0.09314289450124047, 0.09314289450124047, 0.07643507265583449, -0.07643507265583449, -0.027834684208772442, 0.027834684208772442]",0.030585377545947992
2026-08-21,NYC,KXHIGHNY-26AUG21,3,06Z->12Z,06Z,12Z,78.0,77.0,4.0,4.0,-1.0,0.0,2026-08-21T13:00:00+00:00,2026-08-21T15:00:00+00:00,2026-08-21T16:00:00+00:00,"[""KXHIGHNY-26AUG21-B77.5"", ""KXHIGHNY-26AUG21-B79.5"", ""KXHIGHNY-26AUG21-B81.5"", ""KXHIGHNY-26AUG21-B83.5"", ""KXHIGHNY-26AUG21-T77"", ""KXHIGHNY-26AUG21-T84""]","[""77\u00b0 to 78\u00b0"", ""79\u00b0 to 80\u00b0"", ""81\u00b0 to 82\u00b0"", ""83\u00b0 to 84\u00b0"", ""76\u00b0 or below"", ""85\u00b0 or above""]","[[77, 78], [79, 80], [81, 82], [83, 84], [null, 76], [85, null]]","[0.19590799150283666, 0.18427624612118654, 0.1356910119118917, 0.07821323772158928, 0.35383023332727626, 0.05208127941521956]","[0.1959079915028366, 0.16304328047476568, 0.10622123050117482, 0.054169360586074355, 0.45026177516988714, 0.030396361765261393]","[-5.551115123125783e-17, -0.021232965646420854, -0.029469781410716878, -0.024043877135514924, 0.09643154184261088, -0.02168491764995817]",0.01166669278987394
2026-08-22,Chicago,KXHIGHCHI-26AUG22,1,prev18Z->00Z,prev18Z,00Z,80.0,81.0,1.0,1.0,1.0,0.0,2026-08-22T01:00:00+00:00,2026-08-22T03:00:00+00:00,2026-08-22T04:00:00+00:00,"[""KXHIGHCHI-26AUG22-B78.5"", ""KXHIGHCHI-26AUG22-B80.5"", ""KXHIGHCHI-26AUG22-B82.5"", ""KXHIGHCHI-26AUG22-B84.5"", ""KXHIGHCHI-26AUG22-T78"", ""KXHIGHCHI-26AUG22-T85""]","[""78\u00b0 to 79\u00b0"", ""80\u00b0 to 81\u00b0"", ""82\u00b0 to 83\u00b0"", ""84\u00b0 to 85\u00b0"", ""77\u00b0 or below"", ""86\u00b0 or above""]","[[78, 79], [80, 81], [82, 83], [84, 85], [null, 77], [86, null]]","[0.3023278734002108, 0.6246552600051549, 0.06657457218982255, 0.00023261008947306205, 0.006209665325776159, 1.8989562478033406e-08]","[0.06657457218982255, 0.6246552600051549, 0.30232787340021083, 0.0062062676526514204, 0.0002326290790355401, 3.3976731247387093e-06]","[-0.23575330121038823, 0.0, 0.2357533012103883, 0.005973657563178358, -0.005977036246740619, 3.378683562260676e-06]",0.11123064762158459
2026-08-22,Chicago,KXHIGHCHI-26AUG22,2,00Z->06Z,00Z,06Z,81.0,80.0,1.0,1.0,-1.0,0.0,2026-08-22T06:00:00+00:00,2026-08-22T08:00:00+00:00,2026-08-22T09:00:00+00:00,"[""KXHIGHCHI-26AUG22-B78.5"", ""KXHIGHCHI-26AUG22-B80.5"", ""KXHIGHCHI-26AUG22-B82.5"", ""KXHIGHCHI-26AUG22-B84.5"", ""KXHIGHCHI-26AUG22-T78"", ""KXHIGHCHI-26AUG22-T85""]","[""78\u00b0 to 79\u00b0"", ""80\u00b0 to 81\u00b0"", ""82\u00b0 to 83\u00b0"", ""84\u00b0 to 85\u00b0"", ""77\u00b0 or below"", ""86\u00b0 or above""]","[[78, 79], [80, 81], [82, 83], [84, 85], [null, 77], [86, null]]","[0.06657457218982255, 0.6246552600051549, 0.30232787340021083, 0.0062062676526514204, 0.0002326290790355401, 3.3976731247387093e-06]","[0.3023278734002108, 0.6246552600051549, 0.06657457218982255, 0.00023261008947306205, 0.006209665325776159, 1.8989562478033406e-08]","[0.23575330121038823, 0.0, -0.2357533012103883, -0.005973657563178358, 0.005977036246740619, -3.378683562260676e-06]",0.11123064762158459
2026-08-22,Denver,KXHIGHDEN-26AUG22,1,prev18Z->00Z,prev18Z,00Z,93.0,93.0,4.0,3.0,0.0,-1.0,2026-08-22T01:00:00+00:00,2026-08-22T03:00:00+00:00,2026-08-22T04:00:00+00:00,"[""KXHIGHDEN-26AUG22-B88.5"", ""KXHIGHDEN-26AUG22-B90.5"", ""KXHIGHDEN-26AUG22-B92.5"", ""KXHIGHDEN-26AUG22-B94.5"", ""KXHIGHDEN-26AUG22-T88"", ""KXHIGHDEN-26AUG22-T95""]","[""88\u00b0 to 89\u00b0"", ""90\u00b0 to 91\u00b0"", ""92\u00b0 to 93\u00b0"", ""94\u00b0 to 95\u00b0"", ""87\u00b0 or below"", ""96\u00b0 or above""]","[[88, 89], [90, 91], [92, 93], [94, 95], [null, 87], [96, null]]","[0.10622123050117488, 0.16304328047476563, 0.19590799150283666, 0.18427624612118654, 0.08456572235133575, 0.26598552904870054]","[0.08829599698956403, 0.18686503415160566, 0.2576462938849167, 0.2314877864254532, 0.03337650758481725, 0.20232838096364314]","[-0.01792523351161085, 0.02382175367684003, 0.06173830238208006, 0.047211540304266664, -0.0511892147665185, -0.0636571480850574]",0.01360190567434405
2026-08-22,Denver,KXHIGHDEN-26AUG22,3,06Z->12Z,06Z,12Z,93.0,93.0,3.0,4.0,0.0,1.0,2026-08-22T13:00:00+00:00,2026-08-22T15:00:00+00:00,2026-08-22T16:00:00+00:00,"[""KXHIGHDEN-26AUG22-B88.5"", ""KXHIGHDEN-26AUG22-B90.5"", ""KXHIGHDEN-26AUG22-B92.5"", ""KXHIGHDEN-26AUG22-B94.5"", ""KXHIGHDEN-26AUG22-T88"", ""KXHIGHDEN-26AUG22-T95""]","[""88\u00b0 to 89\u00b0"", ""90\u00b0 to 91\u00b0"", ""92\u00b0 to 93\u00b0"", ""94\u00b0 to 95\u00b0"", ""87\u00b0 or below"", ""96\u00b0 or above""]","[[88, 89], [90, 91], [92, 93], [94, 95], [null, 87], [96, null]]","[0.08829599698956403, 0.18686503415160566, 0.2576462938849167, 0.2314877864254532, 0.03337650758481725, 0.20232838096364314]","[0.10622123050117488, 0.16304328047476563, 0.19590799150283666, 0.18427624612118654, 0.08456572235133575, 0.26598552904870054]","[0.01792523351161085, -0.02382175367684003, -0.06173830238208006, -0.047211540304266664, 0.0511892147665185, 0.0636571480850574]",0.01360190567434405
2026-08-22,NYC,KXHIGHNY-26AUG22,2,00Z->06Z,00Z,06Z,75.0,76.0,3.0,3.0,1.0,0.0,2026-08-22T06:00:00+00:00,2026-08-22T08:00:00+00:00,2026-08-22T09:00:00+00:00,"[""KXHIGHNY-26AUG22-B73.5"", ""KXHIGHNY-26AUG22-B75.5"", ""KXHIGHNY-26AUG22-B77.5"", ""KXHIGHNY-26AUG22-B79.5"", ""KXHIGHNY-26AUG22-T73"", ""KXHIGHNY-26AUG22-T80""]","[""73\u00b0 to 74\u00b0"", ""75\u00b0 to 76\u00b0"", ""77\u00b0 to 78\u00b0"", ""79\u00b0 to 80\u00b0"", ""72\u00b0 or below"", ""81\u00b0 or above""]","[[73, 74], [75, 76], [77, 78], [79, 80], [null, 72], [81, null]]","[0.23148778642545326, 0.25764629388491667, 0.1868650341516057, 0.08829599698956403, 0.20232838096364308, 0.03337650758481725]","[0.18686503415160566, 0.2576462938849167, 0.2314877864254532, 0.13552117969478505, 0.12167250457438128, 0.06680720126885809]","[-0.0446227522738476, 5.551115123125783e-17, 0.04462275227384749, 0.047225182705221025, -0.0806558763892618, 0.033430693684040835]",0.013835579598843888
2026-08-22,NYC,KXHIGHNY-26AUG22,3,06Z->12Z,06Z,12Z,76.0,77.0,3.0,2.0,1.0,-1.0,2026-08-22T13:00:00+00:00,2026-08-22T15:00:00+00:00,2026-08-22T16:00:00+00:00,"[""KXHIGHNY-26AUG22-B73.5"", ""KXHIGHNY-26AUG22-B75.5"", ""KXHIGHNY-26AUG22-B77.5"", ""KXHIGHNY-26AUG22-B79.5"", ""KXHIGHNY-26AUG22-T73"", ""KXHIGHNY-26AUG22-T80""]","[""73\u00b0 to 74\u00b0"", ""75\u00b0 to 76\u00b0"", ""77\u00b0 to 78\u00b0"", ""79\u00b0 to 80\u00b0"", ""72\u00b0 or below"", ""81\u00b0 or above""]","[[73, 74], [75, 76], [77, 78], [79, 80], [null, 72], [81, null]]","[0.18686503415160566, 0.2576462938849167, 0.2314877864254532, 0.13552117969478505, 0.12167250457438128, 0.06680720126885809]","[0.09342530101181062, 0.295643900650221, 0.37207897330605544, 0.18656819551305115, 0.012224472655044671, 0.040059156863817114]","[-0.09343973313979503, 0.03799760676530428, 0.14059118688060224, 0.051047015818266095, -0.10944803191933661, -0.02674804440504097]",0.045240811072083706
2026-08-23,Chicago,KXHIGHCHI-26AUG23,2,00Z->06Z,00Z,06Z,77.0,76.0,1.0,2.0,-1.0,1.0,2026-08-23T06:00:00+00:00,2026-08-23T08:00:00+00:00,2026-08-23T09:00:00+00:00,"[""KXHIGHCHI-26AUG23-B74.5"", ""KXHIGHCHI-26AUG23-B76.5"", ""KXHIGHCHI-26AUG23-B78.5"", ""KXHIGHCHI-26AUG23-B80.5"", ""KXHIGHCHI-26AUG23-T74"", ""KXHIGHCHI-26AUG23-T81""]","[""74\u00b0 to 75\u00b0"", ""76\u00b0 to 77\u00b0"", ""78\u00b0 to 79\u00b0"", ""80\u00b0 to 81\u00b0"", ""73\u00b0 or below"", ""82\u00b0 or above""]","[[74, 75], [76, 77], [78, 79], [80, 81], [null, 73], [82, null]]","[0.06657457218982255, 0.6246552600051549, 0.30232787340021083, 0.0062062676526514204, 0.0002326290790355401, 3.3976731247387093e-06]","[0.295643900650221, 0.37207897330605544, 0.18656819551305115, 0.03707939362876256, 0.1056497736668553, 0.0029797632350545555]","[0.22906932846039846, -0.2525762866990995, -0.11575967788715968, 0.030873125976111138, 0.10541714458781976, 0.002976365561929817]",0.14174262390108694
2026-08-23,Chicago,KXHIGHCHI-26AUG23,3,06Z->12Z,06Z,12Z,76.0,77.0,2.0,1.0,1.0,-1.0,2026-08-23T13:00:00+00:00,2026-08-23T15:00:00+00:00,2026-08-23T16:00:00+00:00,"[""KXHIGHCHI-26AUG23-B74.5"", ""KXHIGHCHI-26AUG23-B76.5"", ""KXHIGHCHI-26AUG23-B78.5"", ""KXHIGHCHI-26AUG23-B80.5"", ""KXHIGHCHI-26AUG23-T74"", ""KXHIGHCHI-26AUG23-T81""]","[""74\u00b0 to 75\u00b0"", ""76\u00b0 to 77\u00b0"", ""78\u00b0 to 79\u00b0"", ""80\u00b0 to 81\u00b0"", ""73\u00b0 or below"", ""82\u00b0 or above""]","[[74, 75], [76, 77], [78, 79], [80, 81], [null, 73], [82, null]]","[0.295643900650221, 0.37207897330605544, 0.18656819551305115, 0.03707939362876256, 0.1056497736668553, 0.0029797632350545555]","[0.06657457218982255, 0.6246552600051549, 0.30232787340021083, 0.0062062676526514204, 0.0002326290790355401, 3.3976731247387093e-06]","[-0.22906932846039846, 0.2525762866990995, 0.11575967788715968, -0.030873125976111138, -0.10541714458781976, -0.002976365561929817]",0.14174262390108694
2026-08-23,Denver,KXHIGHDEN-26AUG23,2,00Z->06Z,00Z,06Z,93.0,92.0,2.0,2.0,-1.0,0.0,2026-08-23T06:00:00+00:00,2026-08-23T08:00:00+00:00,2026-08-23T09:00:00+00:00,"[""KXHIGHDEN-26AUG23-B87.5"", ""KXHIGHDEN-26AUG23-B89.5"", ""KXHIGHDEN-26AUG23-B91.5"", ""KXHIGHDEN-26AUG23-B93.5"", ""KXHIGHDEN-26AUG23-T87"", ""KXHIGHDEN-26AUG23-T94""]","[""87\u00b0 to 88\u00b0"", ""89\u00b0 to 90\u00b0"", ""91\u00b0 to 92\u00b0"", ""93\u00b0 to 94\u00b0"", ""86\u00b0 or below"", ""95\u00b0 or above""]","[[87, 88], [89, 90], [91, 92], [93, 94], [null, 86], [95, null]]","[0.011647447612653905, 0.09342530101181062, 0.295643900650221, 0.37207897330605544, 0.0005770250423907664, 0.22662735237686826]","[0.03707939362876256, 0.1865681955130511, 0.3720789733060555, 0.29564390065022095, 0.0029797632350545555, 0.10564977366685535]","[0.025431946016108653, 0.09314289450124047, 0.07643507265583449, -0.07643507265583449, 0.002402738192663789, -0.12097757871001291]",0.035648371039400724
2026-08-24,Chicago,KXHIGHCHI-26AUG24,1,prev18Z->00Z,prev18Z,00Z,79.0,78.0,2.0,2.0,-1.0,0.0,2026-08-24T01:00:00+00:00,2026-08-24T03:00:00+00:00,2026-08-24T04:00:00+00:00,"[""KXHIGHCHI-26AUG24-B75.5"", ""KXHIGHCHI-26AUG24-B77.5"", ""KXHIGHCHI-26AUG24-B79.5"", ""KXHIGHCHI-26AUG24-B81.5"", ""KXHIGHCHI-26AUG24-T75"", ""KXHIGHCHI-26AUG24-T82""]","[""75\u00b0 to 76\u00b0"", ""77\u00b0 to 78\u00b0"", ""79\u00b0 to 80\u00b0"", ""81\u00b0 to 82\u00b0"", ""74\u00b0 or below"", ""83\u00b0 or above""]","[[75, 76], [77, 78], [79, 80], [81, 82], [null, 74], [83, null]]","[0.09342530101181062, 0.295643900650221, 0.37207897330605544, 0.18656819551305115, 0.012224472655044671, 0.040059156863817114]","[0.1865681955130511, 0.3720789733060555, 0.29564390065022095, 0.09342530101181068, 0.040059156863817114, 0.012224472655044671]","[0.09314289450124047, 0.07643507265583449, -0.07643507265583449, -0.09314289450124047, 0.027834684208772442, -0.027834684208772442]",0.030585377545947992
2026-08-24,Chicago,KXHIGHCHI-26AUG24,3,06Z->12Z,06Z,12Z,78.0,78.0,2.0,1.0,0.0,-1.0,2026-08-24T13:00:00+00:00,2026-08-24T15:00:00+00:00,2026-08-24T16:00:00+00:00,"[""KXHIGHCHI-26AUG24-B75.5"", ""KXHIGHCHI-26AUG24-B77.5"", ""KXHIGHCHI-26AUG24-B79.5"", ""KXHIGHCHI-26AUG24-B81.5"", ""KXHIGHCHI-26AUG24-T75"", ""KXHIGHCHI-26AUG24-T82""]","[""75\u00b0 to 76\u00b0"", ""77\u00b0 to 78\u00b0"", ""79\u00b0 to 80\u00b0"", ""81\u00b0 to 82\u00b0"", ""74\u00b0 or below"", ""83\u00b0 or above""]","[[75, 76], [77, 78], [79, 80], [81, 82], [null, 74], [83, null]]","[0.1865681955130511, 0.3720789733060555, 0.29564390065022095, 0.09342530101181068, 0.040059156863817114, 0.012224472655044671]","[0.06657457218982255, 0.6246552600051549, 0.30232787340021083, 0.0062062676526514204, 0.0002326290790355401, 3.3976731247387093e-06]","[-0.11999362332322855, 0.25257628669909943, 0.006683972749989886, -0.08721903335915926, -0.039826527784781574, -0.012221074981919933]",0.08758059250187697
2026-08-24,Denver,KXHIGHDEN-26AUG24,3,06Z->12Z,06Z,12Z,91.0,91.0,1.0,2.0,0.0,1.0,2026-08-24T13:00:00+00:00,2026-08-24T15:00:00+00:00,2026-08-24T16:00:00+00:00,"[""KXHIGHDEN-26AUG24-B87.5"", ""KXHIGHDEN-26AUG24-B89.5"", ""KXHIGHDEN-26AUG24-B91.5"", ""KXHIGHDEN-26AUG24-B93.5"", ""KXHIGHDEN-26AUG24-T87"", ""KXHIGHDEN-26AUG24-T94""]","[""87\u00b0 to 88\u00b0"", ""89\u00b0 to 90\u00b0"", ""91\u00b0 to 92\u00b0"", ""93\u00b0 to 94\u00b0"", ""86\u00b0 or below"", ""95\u00b0 or above""]","[[87, 88], [89, 90], [91, 92], [93, 94], [null, 86], [95, null]]","[0.0062062676526514204, 0.3023278734002108, 0.6246552600051549, 0.06657457218982255, 3.3976731247387093e-06, 0.0002326290790355401]","[0.09342530101181062, 0.295643900650221, 0.37207897330605544, 0.18656819551305115, 0.012224472655044671, 0.040059156863817114]","[0.0872190333591592, -0.006683972749989775, -0.2525762866990995, 0.1199936233232286, 0.012221074981919933, 0.039826527784781574]",0.087580592501877
2026-08-24,NYC,KXHIGHNY-26AUG24,2,00Z->06Z,00Z,06Z,79.0,79.0,2.0,1.0,0.0,-1.0,2026-08-24T06:00:00+00:00,2026-08-24T08:00:00+00:00,2026-08-24T09:00:00+00:00,"[""KXHIGHNY-26AUG24-B78.5"", ""KXHIGHNY-26AUG24-B80.5"", ""KXHIGHNY-26AUG24-B82.5"", ""KXHIGHNY-26AUG24-B84.5"", ""KXHIGHNY-26AUG24-T78"", ""KXHIGHNY-26AUG24-T85""]","[""78\u00b0 to 79\u00b0"", ""80\u00b0 to 81\u00b0"", ""82\u00b0 to 83\u00b0"", ""84\u00b0 to 85\u00b0"", ""77\u00b0 or below"", ""86\u00b0 or above""]","[[78, 79], [80, 81], [82, 83], [84, 85], [null, 77], [86, null]]","[0.3720789733060555, 0.29564390065022095, 0.09342530101181068, 0.011647447612653905, 0.2266273523768682, 0.0005770250423907664]","[0.6246552600051549, 0.30232787340021083, 0.0062062676526514204, 3.397632964752262e-06, 0.06680720126885809, 4.0159986447463325e-11]","[0.25257628669909943, 0.006683972749989886, -0.08721903335915926, -0.011644049979689153, -0.15982015110801012, -0.0005770250022307799]",0.0971250134325043
2026-08-24,NYC,KXHIGHNY-26AUG24,3,06Z->12Z,06Z,12Z,79.0,80.0,1.0,2.0,1.0,1.0,2026-08-24T13:00:00+00:00,2026-08-24T15:00:00+00:00,2026-08-24T16:00:00+00:00,"[""KXHIGHNY-26AUG24-B78.5"", ""KXHIGHNY-26AUG24-B80.5"", ""KXHIGHNY-26AUG24-B82.5"", ""KXHIGHNY-26AUG24-B84.5"", ""KXHIGHNY-26AUG24-T78"", ""KXHIGHNY-26AUG24-T85""]","[""78\u00b0 to 79\u00b0"", ""80\u00b0 to 81\u00b0"", ""82\u00b0 to 83\u00b0"", ""84\u00b0 to 85\u00b0"", ""77\u00b0 or below"", ""86\u00b0 or above""]","[[78, 79], [80, 81], [82, 83], [84, 85], [null, 77], [86, null]]","[0.6246552600051549, 0.30232787340021083, 0.0062062676526514204, 3.397632964752262e-06, 0.06680720126885809, 4.0159986447463325e-11]","[0.295643900650221, 0.37207897330605544, 0.18656819551305115, 0.03707939362876256, 0.1056497736668553, 0.0029797632350545555]","[-0.3290113593549339, 0.0697510999058446, 0.18036192786039973, 0.037075995995797806, 0.03884257239799721, 0.002979763194894569]",0.1485363694424483
2026-08-25,Chicago,KXHIGHCHI-26AUG25,2,00Z->06Z,00Z,06Z,81.0,80.0,1.0,2.0,-1.0,1.0,2026-08-25T06:00:00+00:00,2026-08-25T08:00:00+00:00,2026-08-25T09:00:00+00:00,"[""KXHIGHCHI-26AUG25-B78.5"", ""KXHIGHCHI-26AUG25-B80.5"", ""KXHIGHCHI-26AUG25-B82.5"", ""KXHIGHCHI-26AUG25-B84.5"", ""KXHIGHCHI-26AUG25-T78"", ""KXHIGHCHI-26AUG25-T85""]","[""78\u00b0 to 79\u00b0"", ""80\u00b0 to 81\u00b0"", ""82\u00b0 to 83\u00b0"", ""84\u00b0 to 85\u00b0"", ""77\u00b0 or below"", ""86\u00b0 or above""]","[[78, 79], [80, 81], [82, 83], [84, 85], [null, 77], [86, null]]","[0.06657457218982255, 0.6246552600051549, 0.30232787340021083, 0.0062062676526514204, 0.0002326290790355401, 3.3976731247387093e-06]","[0.295643900650221, 0.37207897330605544, 0.18656819551305115, 0.03707939362876256, 0.1056497736668553, 0.0029797632350545555]","[0.22906932846039846, -0.2525762866990995, -0.11575967788715968, 0.030873125976111138, 0.10541714458781976, 0.002976365561929817]",0.14174262390108694
2026-08-25,Chicago,KXHIGHCHI-26AUG25,3,06Z->12Z,06Z,12Z,80.0,81.0,2.0,1.0,1.0,-1.0,2026-08-25T13:00:00+00:00,2026-08-25T15:00:00+00:00,2026-08-25T16:00:00+00:00,"[""KXHIGHCHI-26AUG25-B78.5"", ""KXHIGHCHI-26AUG25-B80.5"", ""KXHIGHCHI-26AUG25-B82.5"", ""KXHIGHCHI-26AUG25-B84.5"", ""KXHIGHCHI-26AUG25-T78"", ""KXHIGHCHI-26AUG25-T85""]","[""78\u00b0 to 79\u00b0"", ""80\u00b0 to 81\u00b0"", ""82\u00b0 to 83\u00b0"", ""84\u00b0 to 85\u00b0"", ""77\u00b0 or below"", ""86\u00b0 or above""]","[[78, 79], [80, 81], [82, 83], [84, 85], [null, 77], [86, null]]","[0.295643900650221, 0.37207897330605544, 0.18656819551305115, 0.03707939362876256, 0.1056497736668553, 0.0029797632350545555]","[0.06657457218982255, 0.6246552600051549, 0.30232787340021083, 0.0062062676526514204, 0.0002326290790355401, 3.3976731247387093e-06]","[-0.22906932846039846, 0.2525762866990995, 0.11575967788715968, -0.030873125976111138, -0.10541714458781976, -0.002976365561929817]",0.14174262390108694
2026-08-25,Denver,KXHIGHDEN-26AUG25,1,prev18Z->00Z,prev18Z,00Z,88.0,89.0,3.0,3.0,1.0,0.0,2026-08-25T01:00:00+00:00,2026-08-25T03:00:00+00:00,2026-08-25T04:00:00+00:00,"[""KXHIGHDEN-26AUG25-B83.5"", ""KXHIGHDEN-26AUG25-B85.5"", ""KXHIGHDEN-26AUG25-B87.5"", ""KXHIGHDEN-26AUG25-B89.5"", ""KXHIGHDEN-26AUG25-T83"", ""KXHIGHDEN-26AUG25-T90""]","[""83\u00b0 to 84\u00b0"", ""85\u00b0 to 86\u00b0"", ""87\u00b0 to 88\u00b0"", ""89\u00b0 to 90\u00b0"", ""82\u00b0 or below"", ""91\u00b0 or above""]","[[83, 84], [85, 86], [87, 88], [89, 90], [null, 82], [91, null]]","[0.08829599698956403, 0.18686503415160566, 0.2576462938849167, 0.2314877864254532, 0.03337650758481725, 0.20232838096364314]","[0.05167706125862226, 0.135521179694785, 0.23148778642545326, 0.25764629388491667, 0.015130140010235826, 0.308537538725987]","[-0.03661893573094177, -0.05134385445682066, -0.026158507459463465, 0.026158507459463465, -0.018246367574581424, 0.10620915776234385]",0.01695898799181682
2026-08-25,Denver,KXHIGHDEN-26AUG25,2,00Z->06Z,00Z,06Z,89.0,90.0,3.0,3.0,1.0,0.0,2026-08-25T06:00:00+00:00,2026-08-25T08:00:00+00:00,2026-08-25T09:00:00+00:00,"[""KXHIGHDEN-26AUG25-B83.5"", ""KXHIGHDEN-26AUG25-B85.5"", ""KXHIGHDEN-26AUG25-B87.5"", ""KXHIGHDEN-26AUG25-B89.5"", ""KXHIGHDEN-26AUG25-T83"", ""KXHIGHDEN-26AUG25-T90""]","[""83\u00b0 to 84\u00b0"", ""85\u00b0 to 86\u00b0"", ""87\u00b0 to 88\u00b0"", ""89\u00b0 to 90\u00b0"", ""82\u00b0 or below"", ""91\u00b0 or above""]","[[83, 84], [85, 86], [87, 88], [89, 90], [null, 82], [91, null]]","[0.05167706125862226, 0.135521179694785, 0.23148778642545326, 0.25764629388491667, 0.015130140010235826, 0.308537538725987]","[0.02716684225904109, 0.08829599698956403, 0.18686503415160566, 0.2576462938849167, 0.006209665325776159, 0.43381616738909634]","[-0.024510218999581168, -0.04722518270522097, -0.0446227522738476, 5.551115123125783e-17, -0.008920474684459667, 0.12527862866310935]",0.020596468405747432
2026-08-25,Denver,KXHIGHDEN-26AUG25,3,06Z->12Z,06Z,12Z,90.0,89.0,3.0,3.0,-1.0,0.0,2026-08-25T13:00:00+00:00,2026-08-25T15:00:00+00:00,2026-08-25T16:00:00+00:00,"[""KXHIGHDEN-26AUG25-B83.5"", ""KXHIGHDEN-26AUG25-B85.5"", ""KXHIGHDEN-26AUG25-B87.5"", ""KXHIGHDEN-26AUG25-B89.5"", ""KXHIGHDEN-26AUG25-T83"", ""KXHIGHDEN-26AUG25-T90""]","[""83\u00b0 to 84\u00b0"", ""85\u00b0 to 86\u00b0"", ""87\u00b0 to 88\u00b0"", ""89\u00b0 to 90\u00b0"", ""82\u00b0 or below"", ""91\u00b0 or above""]","[[83, 84], [85, 86], [87, 88], [89, 90], [null, 82], [91, null]]","[0.02716684225904109, 0.08829599698956403, 0.18686503415160566, 0.2576462938849167, 0.006209665325776159, 0.43381616738909634]","[0.05167706125862226, 0.135521179694785, 0.23148778642545326, 0.25764629388491667, 0.015130140010235826, 0.308537538725987]","[0.024510218999581168, 0.04722518270522097, 0.0446227522738476, -5.551115123125783e-17, 0.008920474684459667, -0.12527862866310935]",0.020596468405747432
2026-08-25,NYC,KXHIGHNY-26AUG25,2,00Z->06Z,00Z,06Z,80.0,79.0,2.0,2.0,-1.0,0.0,2026-08-25T06:00:00+00:00,2026-08-25T08:00:00+00:00,2026-08-25T09:00:00+00:00,"[""KXHIGHNY-26AUG25-B79.5"", ""KXHIGHNY-26AUG25-B81.5"", ""KXHIGHNY-26AUG25-B83.5"", ""KXHIGHNY-26AUG25-B85.5"", ""KXHIGHNY-26AUG25-T79"", ""KXHIGHNY-26AUG25-T86""]","[""79\u00b0 to 80\u00b0"", ""81\u00b0 to 82\u00b0"", ""83\u00b0 to 84\u00b0"", ""85\u00b0 to 86\u00b0"", ""78\u00b0 or below"", ""87\u00b0 or above""]","[[79, 80], [81, 82], [83, 84], [85, 86], [null, 78], [87, null]]","[0.3720789733060555, 0.29564390065022095, 0.09342530101181068, 0.011647447612653905, 0.2266273523768682, 0.0005770250423907664]","[0.37207897330605544, 0.18656819551305115, 0.03707939362876256, 0.002891345949853741, 0.4012936743170763, 8.841728520081471e-05]","[-5.551115123125783e-17, -0.1090757051371698, -0.05634590738304812, -0.008756101662800164, 0.1746663219402081, -0.0004886077571899516]",0.045657602803979944
2026-08-26,Chicago,KXHIGHCHI-26AUG26,3,06Z->12Z,06Z,12Z,84.0,84.0,2.0,1.0,0.0,-1.0,2026-08-26T13:00:00+00:00,2026-08-26T15:00:00+00:00,2026-08-26T16:00:00+00:00,"[""KXHIGHCHI-26AUG26-B81.5"", ""KXHIGHCHI-26AUG26-B83.5"", ""KXHIGHCHI-26AUG26-B85.5"", ""KXHIGHCHI-26AUG26-B87.5"", ""KXHIGHCHI-26AUG26-T81"", ""KXHIGHCHI-26AUG26-T88""]","[""81\u00b0 to 82\u00b0"", ""83\u00b0 to 84\u00b0"", ""85\u00b0 to 86\u00b0"", ""87\u00b0 to 88\u00b0"", ""80\u00b0 or below"", ""89\u00b0 or above""]","[[81, 82], [83, 84], [85, 86], [87, 88], [null, 80], [89, null]]","[0.1865681955130511, 0.3720789733060555, 0.29564390065022095, 0.09342530101181068, 0.040059156863817114, 0.012224472655044671]","[0.06657457218982255, 0.6246552600051549, 0.30232787340021083, 0.0062062676526514204, 0.0002326290790355401, 3.3976731247387093e-06]","[-0.11999362332322855, 0.25257628669909943, 0.006683972749989886, -0.08721903335915926, -0.039826527784781574, -0.012221074981919933]",0.08758059250187697
2026-08-26,Denver,KXHIGHDEN-26AUG26,1,prev18Z->00Z,prev18Z,00Z,87.0,88.0,2.0,2.0,1.0,0.0,2026-08-26T01:00:00+00:00,2026-08-26T03:00:00+00:00,2026-08-26T04:00:00+00:00,"[""KXHIGHDEN-26AUG26-B80.5"", ""KXHIGHDEN-26AUG26-B82.5"", ""KXHIGHDEN-26AUG26-B84.5"", ""KXHIGHDEN-26AUG26-B86.5"", ""KXHIGHDEN-26AUG26-T80"", ""KXHIGHDEN-26AUG26-T87""]","[""80\u00b0 to 81\u00b0"", ""82\u00b0 to 83\u00b0"", ""84\u00b0 to 85\u00b0"", ""86\u00b0 to 87\u00b0"", ""79\u00b0 or below"", ""88\u00b0 or above""]","[[80, 81], [82, 83], [84, 85], [86, 87], [null, 79], [88, null]]","[0.002891345949853741, 0.03707939362876256, 0.1865681955130511, 0.3720789733060555, 8.841728520081471e-05, 0.4012936743170763]","[0.0005663365166158618, 0.011647447612653905, 0.09342530101181062, 0.295643900650221, 1.0688525774904534e-05, 0.5987063256829237]","[-0.002325009433237879, -0.025431946016108653, -0.09314289450124047, -0.07643507265583449, -7.772875942591018e-05, 0.1974126513658474]",0.054141869636056474
2026-08-27,Chicago,KXHIGHCHI-26AUG27,1,prev18Z->00Z,prev18Z,00Z,81.0,81.0,2.0,1.0,0.0,-1.0,2026-08-27T01:00:00+00:00,2026-08-27T03:00:00+00:00,2026-08-27T04:00:00+00:00,"[""KXHIGHCHI-26AUG27-B78.5"", ""KXHIGHCHI-26AUG27-B80.5"", ""KXHIGHCHI-26AUG27-B82.5"", ""KXHIGHCHI-26AUG27-B84.5"", ""KXHIGHCHI-26AUG27-T78"", ""KXHIGHCHI-26AUG27-T85""]","[""78\u00b0 to 79\u00b0"", ""80\u00b0 to 81\u00b0"", ""82\u00b0 to 83\u00b0"", ""84\u00b0 to 85\u00b0"", ""77\u00b0 or below"", ""86\u00b0 or above""]","[[78, 79], [80, 81], [82, 83], [84, 85], [null, 77], [86, null]]","[0.1865681955130511, 0.3720789733060555, 0.29564390065022095, 0.09342530101181068, 0.040059156863817114, 0.012224472655044671]","[0.06657457218982255, 0.6246552600051549, 0.30232787340021083, 0.0062062676526514204, 0.0002326290790355401, 3.3976731247387093e-06]","[-0.11999362332322855, 0.25257628669909943, 0.006683972749989886, -0.08721903335915926, -0.039826527784781574, -0.012221074981919933]",0.08758059250187697
2026-08-27,Denver,KXHIGHDEN-26AUG27,3,06Z->12Z,06Z,12Z,89.0,90.0,2.0,2.0,1.0,0.0,2026-08-27T13:00:00+00:00,2026-08-27T15:00:00+00:00,2026-08-27T16:00:00+00:00,"[""KXHIGHDEN-26AUG27-B85.5"", ""KXHIGHDEN-26AUG27-B87.5"", ""KXHIGHDEN-26AUG27-B89.5"", ""KXHIGHDEN-26AUG27-B91.5"", ""KXHIGHDEN-26AUG27-T85"", ""KXHIGHDEN-26AUG27-T92""]","[""85\u00b0 to 86\u00b0"", ""87\u00b0 to 88\u00b0"", ""89\u00b0 to 90\u00b0"", ""91\u00b0 to 92\u00b0"", ""84\u00b0 or below"", ""93\u00b0 or above""]","[[85, 86], [87, 88], [89, 90], [91, 92], [null, 84], [93, null]]","[0.09342530101181062, 0.295643900650221, 0.37207897330605544, 0.18656819551305115, 0.012224472655044671, 0.040059156863817114]","[0.03707939362876256, 0.1865681955130511, 0.3720789733060555, 0.29564390065022095, 0.0029797632350545555, 0.10564977366685535]","[-0.056345907383048066, -0.10907570513716991, 5.551115123125783e-17, 0.1090757051371698, -0.009244709419990116, 0.06559061680303824]",0.03135747384602373
2026-08-27,NYC,KXHIGHNY-26AUG27,3,06Z->12Z,06Z,12Z,81.0,81.0,2.0,1.0,0.0,-1.0,2026-08-27T13:00:00+00:00,2026-08-27T15:00:00+00:00,2026-08-27T16:00:00+00:00,"[""KXHIGHNY-26AUG27-B80.5"", ""KXHIGHNY-26AUG27-B82.5"", ""KXHIGHNY-26AUG27-B84.5"", ""KXHIGHNY-26AUG27-B86.5"", ""KXHIGHNY-26AUG27-T80"", ""KXHIGHNY-26AUG27-T87""]","[""80\u00b0 to 81\u00b0"", ""82\u00b0 to 83\u00b0"", ""84\u00b0 to 85\u00b0"", ""86\u00b0 to 87\u00b0"", ""79\u00b0 or below"", ""88\u00b0 or above""]","[[80, 81], [82, 83], [84, 85], [86, 87], [null, 79], [88, null]]","[0.3720789733060555, 0.29564390065022095, 0.09342530101181068, 0.011647447612653905, 0.2266273523768682, 0.0005770250423907664]","[0.6246552600051549, 0.30232787340021083, 0.0062062676526514204, 3.397632964752262e-06, 0.06680720126885809, 4.0159986447463325e-11]","[0.25257628669909943, 0.006683972749989886, -0.08721903335915926, -0.011644049979689153, -0.15982015110801012, -0.0005770250022307799]",0.0971250134325043
2026-08-29,Chicago,KXHIGHCHI-26AUG29,1,prev18Z->00Z,prev18Z,00Z,81.0,82.0,2.0,2.0,1.0,0.0,2026-08-29T01:00:00+00:00,2026-08-29T03:00:00+00:00,2026-08-29T04:00:00+00:00,"[""KXHIGHCHI-26AUG29-B80.5"", ""KXHIGHCHI-26AUG29-B82.5"", ""KXHIGHCHI-26AUG29-B84.5"", ""KXHIGHCHI-26AUG29-B86.5"", ""KXHIGHCHI-26AUG29-T80"", ""KXHIGHCHI-26AUG29-T87""]","[""80\u00b0 to 81\u00b0"", ""82\u00b0 to 83\u00b0"", ""84\u00b0 to 85\u00b0"", ""86\u00b0 to 87\u00b0"", ""79\u00b0 or below"", ""88\u00b0 or above""]","[[80, 81], [82, 83], [84, 85], [86, 87], [null, 79], [88, null]]","[0.3720789733060555, 0.29564390065022095, 0.09342530101181068, 0.011647447612653905, 0.2266273523768682, 0.0005770250423907664]","[0.295643900650221, 0.37207897330605544, 0.18656819551305115, 0.03707939362876256, 0.1056497736668553, 0.0029797632350545555]","[-0.07643507265583449, 0.07643507265583449, 0.09314289450124047, 0.025431946016108653, -0.12097757871001291, 0.002402738192663789]",0.03564837103940073
2026-08-29,NYC,KXHIGHNY-26AUG29,1,prev18Z->00Z,prev18Z,00Z,80.0,80.0,1.0,2.0,0.0,1.0,2026-08-29T01:00:00+00:00,2026-08-29T03:00:00+00:00,2026-08-29T04:00:00+00:00,"[""KXHIGHNY-26AUG29-B79.5"", ""KXHIGHNY-26AUG29-B81.5"", ""KXHIGHNY-26AUG29-B83.5"", ""KXHIGHNY-26AUG29-B85.5"", ""KXHIGHNY-26AUG29-T79"", ""KXHIGHNY-26AUG29-T86""]","[""79\u00b0 to 80\u00b0"", ""81\u00b0 to 82\u00b0"", ""83\u00b0 to 84\u00b0"", ""85\u00b0 to 86\u00b0"", ""78\u00b0 or below"", ""87\u00b0 or above""]","[[79, 80], [81, 82], [83, 84], [85, 86], [null, 78], [87, null]]","[0.6246552600051549, 0.30232787340021083, 0.0062062676526514204, 3.397632964752262e-06, 0.06680720126885809, 4.0159986447463325e-11]","[0.3720789733060555, 0.29564390065022095, 0.09342530101181068, 0.011647447612653905, 0.2266273523768682, 0.0005770250423907664]","[-0.25257628669909943, -0.006683972749989886, 0.08721903335915926, 0.011644049979689153, 0.15982015110801012, 0.0005770250022307799]",0.0971250134325043
2026-08-30,Denver,KXHIGHDEN-26AUG30,2,00Z->06Z,00Z,06Z,89.0,88.0,3.0,2.0,-1.0,-1.0,2026-08-30T06:00:00+00:00,2026-08-30T08:00:00+00:00,2026-08-30T09:00:00+00:00,"[""KXHIGHDEN-26AUG30-B85.5"", ""KXHIGHDEN-26AUG30-B87.5"", ""KXHIGHDEN-26AUG30-B89.5"", ""KXHIGHDEN-26AUG30-B91.5"", ""KXHIGHDEN-26AUG30-T85"", ""KXHIGHDEN-26AUG30-T92""]","[""85\u00b0 to 86\u00b0"", ""87\u00b0 to 88\u00b0"", ""89\u00b0 to 90\u00b0"", ""91\u00b0 to 92\u00b0"", ""84\u00b0 or below"", ""93\u00b0 or above""]","[[85, 86], [87, 88], [89, 90], [91, 92], [null, 84], [93, null]]","[0.135521179694785, 0.23148778642545326, 0.25764629388491667, 0.1868650341516057, 0.06680720126885809, 0.12167250457438128]","[0.1865681955130511, 0.3720789733060555, 0.29564390065022095, 0.09342530101181068, 0.040059156863817114, 0.012224472655044671]","[0.051047015818266095, 0.14059118688060224, 0.03799760676530428, -0.09343973313979503, -0.02674804440504097, -0.10944803191933661]",0.045240811072083706
2026-08-30,Denver,KXHIGHDEN-26AUG30,3,06Z->12Z,06Z,12Z,88.0,89.0,2.0,2.0,1.0,0.0,2026-08-30T13:00:00+00:00,2026-08-30T15:00:00+00:00,2026-08-30T16:00:00+00:00,"[""KXHIGHDEN-26AUG30-B85.5"", ""KXHIGHDEN-26AUG30-B87.5"", ""KXHIGHDEN-26AUG30-B89.5"", ""KXHIGHDEN-26AUG30-B91.5"", ""KXHIGHDEN-26AUG30-T85"", ""KXHIGHDEN-26AUG30-T92""]","[""85\u00b0 to 86\u00b0"", ""87\u00b0 to 88\u00b0"", ""89\u00b0 to 90\u00b0"", ""91\u00b0 to 92\u00b0"", ""84\u00b0 or below"", ""93\u00b0 or above""]","[[85, 86], [87, 88], [89, 90], [91, 92], [null, 84], [93, null]]","[0.1865681955130511, 0.3720789733060555, 0.29564390065022095, 0.09342530101181068, 0.040059156863817114, 0.012224472655044671]","[0.09342530101181062, 0.295643900650221, 0.37207897330605544, 0.18656819551305115, 0.012224472655044671, 0.040059156863817114]","[-0.09314289450124047, -0.07643507265583449, 0.07643507265583449, 0.09314289450124047, -0.027834684208772442, 0.027834684208772442]",0.030585377545947992
2026-08-30,NYC,KXHIGHNY-26AUG30,1,prev18Z->00Z,prev18Z,00Z,84.0,83.0,2.0,2.0,-1.0,0.0,2026-08-30T01:00:00+00:00,2026-08-30T03:00:00+00:00,2026-08-30T04:00:00+00:00,"[""KXHIGHNY-26AUG30-B82.5"", ""KXHIGHNY-26AUG30-B84.5"", ""KXHIGHNY-26AUG30-B86.5"", ""KXHIGHNY-26AUG30-B88.5"", ""KXHIGHNY-26AUG30-T82"", ""KXHIGHNY-26AUG30-T89""]","[""82\u00b0 to 83\u00b0"", ""84\u00b0 to 85\u00b0"", ""86\u00b0 to 87\u00b0"", ""88\u00b0 to 89\u00b0"", ""81\u00b0 or below"", ""90\u00b0 or above""]","[[82, 83], [84, 85], [86, 87], [88, 89], [null, 81], [90, null]]","[0.295643900650221, 0.37207897330605544, 0.18656819551305115, 0.03707939362876256, 0.1056497736668553, 0.0029797632350545555]","[0.3720789733060555, 0.29564390065022095, 0.09342530101181068, 0.011647447612653905, 0.2266273523768682, 0.0005770250423907664]","[0.07643507265583449, -0.07643507265583449, -0.09314289450124047, -0.025431946016108653, 0.12097757871001291, -0.002402738192663789]",0.03564837103940073
2026-08-30,NYC,KXHIGHNY-26AUG30,2,00Z->06Z,00Z,06Z,83.0,82.0,2.0,2.0,-1.0,0.0,2026-08-30T06:00:00+00:00,2026-08-30T08:00:00+00:00,2026-08-30T09:00:00+00:00,"[""KXHIGHNY-26AUG30-B82.5"", ""KXHIGHNY-26AUG30-B84.5"", ""KXHIGHNY-26AUG30-B86.5"", ""KXHIGHNY-26AUG30-B88.5"", ""KXHIGHNY-26AUG30-T82"", ""KXHIGHNY-26AUG30-T89""]","[""82\u00b0 to 83\u00b0"", ""84\u00b0 to 85\u00b0"", ""86\u00b0 to 87\u00b0"", ""88\u00b0 to 89\u00b0"", ""81\u00b0 or below"", ""90\u00b0 or above""]","[[82, 83], [84, 85], [86, 87], [88, 89], [null, 81], [90, null]]","[0.3720789733060555, 0.29564390065022095, 0.09342530101181068, 0.011647447612653905, 0.2266273523768682, 0.0005770250423907664]","[0.37207897330605544, 0.18656819551305115, 0.03707939362876256, 0.002891345949853741, 0.4012936743170763, 8.841728520081471e-05]","[-5.551115123125783e-17, -0.1090757051371698, -0.05634590738304812, -0.008756101662800164, 0.1746663219402081, -0.0004886077571899516]",0.045657602803979944
2026-08-31,Chicago,KXHIGHCHI-26AUG31,2,00Z->06Z,00Z,06Z,88.0,88.0,2.0,3.0,0.0,1.0,2026-08-31T06:00:00+00:00,2026-08-31T08:00:00+00:00,2026-08-31T09:00:00+00:00,"[""KXHIGHCHI-26AUG31-B89.5"", ""KXHIGHCHI-26AUG31-B91.5"", ""KXHIGHCHI-26AUG31-B93.5"", ""KXHIGHCHI-26AUG31-B95.5"", ""KXHIGHCHI-26AUG31-T89"", ""KXHIGHCHI-26AUG31-T96""]","[""89\u00b0 to 90\u00b0"", ""91\u00b0 to 92\u00b0"", ""93\u00b0 to 94\u00b0"", ""95\u00b0 to 96\u00b0"", ""88\u00b0 or below"", ""97\u00b0 or above""]","[[89, 90], [91, 92], [93, 94], [95, 96], [null, 88], [97, null]]","[0.29564390065022095, 0.09342530101181068, 0.011647447612653905, 0.0005663365166158618, 0.5987063256829237, 1.0688525774904534e-05]","[0.2314877864254532, 0.13552117969478505, 0.05167706125862226, 0.01282687387853998, 0.5661838326109037, 0.002303266131695847]","[-0.06415611422476775, 0.042095878682974375, 0.040029613645968354, 0.012260537361924118, -0.03252249307202004, 0.0022925776059209424]",0.008703729207260537
2026-08-31,Chicago,KXHIGHCHI-26AUG31,3,06Z->12Z,06Z,12Z,88.0,89.0,3.0,2.0,1.0,-1.0,2026-08-31T14:00:00+00:00,2026-08-31T16:00:00+00:00,2026-08-31T17:00:00+00:00,"[""KXHIGHCHI-26AUG31-B89.5"", ""KXHIGHCHI-26AUG31-B91.5"", ""KXHIGHCHI-26AUG31-B93.5"", ""KXHIGHCHI-26AUG31-B95.5"", ""KXHIGHCHI-26AUG31-T89"", ""KXHIGHCHI-26AUG31-T96""]","[""89\u00b0 to 90\u00b0"", ""91\u00b0 to 92\u00b0"", ""93\u00b0 to 94\u00b0"", ""95\u00b0 to 96\u00b0"", ""88\u00b0 or below"", ""97\u00b0 or above""]","[[89, 90], [91, 92], [93, 94], [95, 96], [null, 88], [97, null]]","[0.2314877864254532, 0.13552117969478505, 0.05167706125862226, 0.01282687387853998, 0.5661838326109037, 0.002303266131695847]","[0.37207897330605544, 0.18656819551305115, 0.03707939362876256, 0.002891345949853741, 0.4012936743170763, 8.841728520081471e-05]","[0.14059118688060224, 0.051047015818266095, -0.0145976676298597, -0.009935527928686239, -0.16489015829382736, -0.0022148488464950322]",0.04987715612547655
2026-08-31,Denver,KXHIGHDEN-26AUG31,2,00Z->06Z,00Z,06Z,86.0,85.0,2.0,2.0,-1.0,0.0,2026-08-31T06:00:00+00:00,2026-08-31T08:00:00+00:00,2026-08-31T09:00:00+00:00,"[""KXHIGHDEN-26AUG31-B80.5"", ""KXHIGHDEN-26AUG31-B82.5"", ""KXHIGHDEN-26AUG31-B84.5"", ""KXHIGHDEN-26AUG31-B86.5"", ""KXHIGHDEN-26AUG31-T80"", ""KXHIGHDEN-26AUG31-T87""]","[""80\u00b0 to 81\u00b0"", ""82\u00b0 to 83\u00b0"", ""84\u00b0 to 85\u00b0"", ""86\u00b0 to 87\u00b0"", ""79\u00b0 or below"", ""88\u00b0 or above""]","[[80, 81], [82, 83], [84, 85], [86, 87], [null, 79], [88, null]]","[0.011647447612653905, 0.09342530101181062, 0.295643900650221, 0.37207897330605544, 0.0005770250423907664, 0.22662735237686826]","[0.03707939362876256, 0.1865681955130511, 0.3720789733060555, 0.29564390065022095, 0.0029797632350545555, 0.10564977366685535]","[0.025431946016108653, 0.09314289450124047, 0.07643507265583449, -0.07643507265583449, 0.002402738192663789, -0.12097757871001291]",0.035648371039400724
2026-08-31,Denver,KXHIGHDEN-26AUG31,3,06Z->12Z,06Z,12Z,85.0,84.0,2.0,2.0,-1.0,0.0,2026-08-31T14:00:00+00:00,2026-08-31T16:00:00+00:00,2026-08-31T17:00:00+00:00,"[""KXHIGHDEN-26AUG31-B80.5"", ""KXHIGHDEN-26AUG31-B82.5"", ""KXHIGHDEN-26AUG31-B84.5"", ""KXHIGHDEN-26AUG31-B86.5"", ""KXHIGHDEN-26AUG31-T80"", ""KXHIGHDEN-26AUG31-T87""]","[""80\u00b0 to 81\u00b0"", ""82\u00b0 to 83\u00b0"", ""84\u00b0 to 85\u00b0"", ""86\u00b0 to 87\u00b0"", ""79\u00b0 or below"", ""88\u00b0 or above""]","[[80, 81], [82, 83], [84, 85], [86, 87], [null, 79], [88, null]]","[0.03707939362876256, 0.1865681955130511, 0.3720789733060555, 0.29564390065022095, 0.0029797632350545555, 0.10564977366685535]","[0.09342530101181062, 0.295643900650221, 0.37207897330605544, 0.18656819551305115, 0.012224472655044671, 0.040059156863817114]","[0.056345907383048066, 0.10907570513716991, -5.551115123125783e-17, -0.1090757051371698, 0.009244709419990116, -0.06559061680303824]",0.03135747384602373
2026-08-31,NYC,KXHIGHNY-26AUG31,2,00Z->06Z,00Z,06Z,81.0,79.0,2.0,3.0,-2.0,1.0,2026-08-31T06:00:00+00:00,2026-08-31T08:00:00+00:00,2026-08-31T09:00:00+00:00,"[""KXHIGHNY-26AUG31-B78.5"", ""KXHIGHNY-26AUG31-B80.5"", ""KXHIGHNY-26AUG31-B82.5"", ""KXHIGHNY-26AUG31-B84.5"", ""KXHIGHNY-26AUG31-T78"", ""KXHIGHNY-26AUG31-T85""]","[""78\u00b0 to 79\u00b0"", ""80\u00b0 to 81\u00b0"", ""82\u00b0 to 83\u00b0"", ""84\u00b0 to 85\u00b0"", ""77\u00b0 or below"", ""86\u00b0 or above""]","[[78, 79], [80, 81], [82, 83], [84, 85], [null, 77], [86, null]]","[0.1865681955130511, 0.3720789733060555, 0.29564390065022095, 0.09342530101181068, 0.040059156863817114, 0.012224472655044671]","[0.2576462938849167, 0.2314877864254532, 0.13552117969478505, 0.05167706125862226, 0.30853753872598694, 0.015130140010235826]","[0.07107809837186563, -0.1405911868806023, -0.1601227209554359, -0.04174823975318842, 0.2684783818621698, 0.002905667355191155]",0.12428926361542725
2026-08-31,NYC,KXHIGHNY-26AUG31,3,06Z->12Z,06Z,12Z,79.0,78.0,3.0,4.0,-1.0,1.0,2026-08-31T14:00:00+00:00,2026-08-31T16:00:00+00:00,2026-08-31T17:00:00+00:00,"[""KXHIGHNY-26AUG31-B78.5"", ""KXHIGHNY-26AUG31-B80.5"", ""KXHIGHNY-26AUG31-B82.5"", ""KXHIGHNY-26AUG31-B84.5"", ""KXHIGHNY-26AUG31-T78"", ""KXHIGHNY-26AUG31-T85""]","[""78\u00b0 to 79\u00b0"", ""80\u00b0 to 81\u00b0"", ""82\u00b0 to 83\u00b0"", ""84\u00b0 to 85\u00b0"", ""77\u00b0 or below"", ""86\u00b0 or above""]","[[78, 79], [80, 81], [82, 83], [84, 85], [null, 77], [86, null]]","[0.2576462938849167, 0.2314877864254532, 0.13552117969478505, 0.05167706125862226, 0.30853753872598694, 0.015130140010235826]","[0.1959079915028366, 0.16304328047476568, 0.10622123050117482, 0.054169360586074355, 0.45026177516988714, 0.030396361765261393]","[-0.06173830238208011, -0.06844450595068752, -0.02929994919361023, 0.0024922993274520966, 0.1417242364439002, 0.015266221755025566]",0.029679783676820764
2026-09-01,Chicago,KXHIGHCHI-26SEP01,2,00Z->06Z,00Z,06Z,91.0,92.0,3.0,3.0,1.0,0.0,2026-09-01T06:00:00+00:00,2026-09-01T08:00:00+00:00,2026-09-01T09:00:00+00:00,"[""KXHIGHCHI-26SEP01-B87.5"", ""KXHIGHCHI-26SEP01-B89.5"", ""KXHIGHCHI-26SEP01-B91.5"", ""KXHIGHCHI-26SEP01-B93.5"", ""KXHIGHCHI-26SEP01-T87"", ""KXHIGHCHI-26SEP01-T94""]","[""87\u00b0 to 88\u00b0"", ""89\u00b0 to 90\u00b0"", ""91\u00b0 to 92\u00b0"", ""93\u00b0 to 94\u00b0"", ""86\u00b0 or below"", ""95\u00b0 or above""]","[[87, 88], [89, 90], [91, 92], [93, 94], [null, 86], [95, null]]","[0.135521179694785, 0.23148778642545326, 0.25764629388491667, 0.1868650341516057, 0.06680720126885809, 0.12167250457438128]","[0.08829599698956403, 0.18686503415160566, 0.2576462938849167, 0.2314877864254532, 0.03337650758481725, 0.20232838096364314]","[-0.04722518270522097, -0.0446227522738476, 5.551115123125783e-17, 0.04462275227384749, -0.033430693684040835, 0.08065587638926186]",0.013835579598843888
2026-09-01,Chicago,KXHIGHCHI-26SEP01,3,06Z->12Z,06Z,12Z,92.0,92.0,3.0,2.0,0.0,-1.0,2026-09-01T13:00:00+00:00,2026-09-01T15:00:00+00:00,2026-09-01T16:00:00+00:00,"[""KXHIGHCHI-26SEP01-B87.5"", ""KXHIGHCHI-26SEP01-B89.5"", ""KXHIGHCHI-26SEP01-B91.5"", ""KXHIGHCHI-26SEP01-B93.5"", ""KXHIGHCHI-26SEP01-T87"", ""KXHIGHCHI-26SEP01-T94""]","[""87\u00b0 to 88\u00b0"", ""89\u00b0 to 90\u00b0"", ""91\u00b0 to 92\u00b0"", ""93\u00b0 to 94\u00b0"", ""86\u00b0 or below"", ""95\u00b0 or above""]","[[87, 88], [89, 90], [91, 92], [93, 94], [null, 86], [95, null]]","[0.08829599698956403, 0.18686503415160566, 0.2576462938849167, 0.2314877864254532, 0.03337650758481725, 0.20232838096364314]","[0.03707939362876256, 0.1865681955130511, 0.3720789733060555, 0.29564390065022095, 0.0029797632350545555, 0.10564977366685535]","[-0.05121660336080147, -0.00029683863855456405, 0.11443267942113877, 0.06415611422476775, -0.030396744349762694, -0.09667860729678779]",0.0301047888608289
2026-09-02,Chicago,KXHIGHCHI-26SEP02,1,prev18Z->00Z,prev18Z,00Z,94.0,93.0,2.0,2.0,-1.0,0.0,2026-09-02T01:00:00+00:00,2026-09-02T03:00:00+00:00,2026-09-02T04:00:00+00:00,"[""KXHIGHCHI-26SEP02-B92.5"", ""KXHIGHCHI-26SEP02-B94.5"", ""KXHIGHCHI-26SEP02-B96.5"", ""KXHIGHCHI-26SEP02-B98.5"", ""KXHIGHCHI-26SEP02-T92"", ""KXHIGHCHI-26SEP02-T99""]","[""92\u00b0 to 93\u00b0"", ""94\u00b0 to 95\u00b0"", ""96\u00b0 to 97\u00b0"", ""98\u00b0 to 99\u00b0"", ""91\u00b0 or below"", ""100\u00b0 or above""]","[[92, 93], [94, 95], [96, 97], [98, 99], [null, 91], [100, null]]","[0.295643900650221, 0.37207897330605544, 0.18656819551305115, 0.03707939362876256, 0.1056497736668553, 0.0029797632350545555]","[0.3720789733060555, 0.29564390065022095, 0.09342530101181068, 0.011647447612653905, 0.2266273523768682, 0.0005770250423907664]","[0.07643507265583449, -0.07643507265583449, -0.09314289450124047, -0.025431946016108653, 0.12097757871001291, -0.002402738192663789]",0.03564837103940073
2026-09-02,Chicago,KXHIGHCHI-26SEP02,2,00Z->06Z,00Z,06Z,93.0,94.0,2.0,2.0,1.0,0.0,2026-09-02T06:00:00+00:00,2026-09-02T08:00:00+00:00,2026-09-02T09:00:00+00:00,"[""KXHIGHCHI-26SEP02-B92.5"", ""KXHIGHCHI-26SEP02-B94.5"", ""KXHIGHCHI-26SEP02-B96.5"", ""KXHIGHCHI-26SEP02-B98.5"", ""KXHIGHCHI-26SEP02-T92"", ""KXHIGHCHI-26SEP02-T99""]","[""92\u00b0 to 93\u00b0"", ""94\u00b0 to 95\u00b0"", ""96\u00b0 to 97\u00b0"", ""98\u00b0 to 99\u00b0"", ""91\u00b0 or below"", ""100\u00b0 or above""]","[[92, 93], [94, 95], [96, 97], [98, 99], [null, 91], [100, null]]","[0.3720789733060555, 0.29564390065022095, 0.09342530101181068, 0.011647447612653905, 0.2266273523768682, 0.0005770250423907664]","[0.295643900650221, 0.37207897330605544, 0.18656819551305115, 0.03707939362876256, 0.1056497736668553, 0.0029797632350545555]","[-0.07643507265583449, 0.07643507265583449, 0.09314289450124047, 0.025431946016108653, -0.12097757871001291, 0.002402738192663789]",0.03564837103940073
2026-09-02,Chicago,KXHIGHCHI-26SEP02,3,06Z->12Z,06Z,12Z,94.0,93.0,2.0,2.0,-1.0,0.0,2026-09-02T13:00:00+00:00,2026-09-02T15:00:00+00:00,2026-09-02T16:00:00+00:00,"[""KXHIGHCHI-26SEP02-B92.5"", ""KXHIGHCHI-26SEP02-B94.5"", ""KXHIGHCHI-26SEP02-B96.5"", ""KXHIGHCHI-26SEP02-B98.5"", ""KXHIGHCHI-26SEP02-T92"", ""KXHIGHCHI-26SEP02-T99""]","[""92\u00b0 to 93\u00b0"", ""94\u00b0 to 95\u00b0"", ""96\u00b0 to 97\u00b0"", ""98\u00b0 to 99\u00b0"", ""91\u00b0 or below"", ""100\u00b0 or above""]","[[92, 93], [94, 95], [96, 97], [98, 99], [null, 91], [100, null]]","[0.295643900650221, 0.37207897330605544, 0.18656819551305115, 0.03707939362876256, 0.1056497736668553, 0.0029797632350545555]","[0.3720789733060555, 0.29564390065022095, 0.09342530101181068, 0.011647447612653905, 0.2266273523768682, 0.0005770250423907664]","[0.07643507265583449, -0.07643507265583449, -0.09314289450124047, -0.025431946016108653, 0.12097757871001291, -0.002402738192663789]",0.03564837103940073
2026-09-02,Denver,KXHIGHDEN-26SEP02,3,06Z->12Z,06Z,12Z,89.0,89.0,1.0,2.0,0.0,1.0,2026-09-02T13:00:00+00:00,2026-09-02T15:00:00+00:00,2026-09-02T16:00:00+00:00,"[""KXHIGHDEN-26SEP02-B87.5"", ""KXHIGHDEN-26SEP02-B89.5"", ""KXHIGHDEN-26SEP02-B91.5"", ""KXHIGHDEN-26SEP02-B93.5"", ""KXHIGHDEN-26SEP02-T87"", ""KXHIGHDEN-26SEP02-T94""]","[""87\u00b0 to 88\u00b0"", ""89\u00b0 to 90\u00b0"", ""91\u00b0 to 92\u00b0"", ""93\u00b0 to 94\u00b0"", ""86\u00b0 or below"", ""95\u00b0 or above""]","[[87, 88], [89, 90], [91, 92], [93, 94], [null, 86], [95, null]]","[0.3023278734002108, 0.6246552600051549, 0.06657457218982255, 0.00023261008947306205, 0.006209665325776159, 1.8989562478033406e-08]","[0.295643900650221, 0.37207897330605544, 0.18656819551305115, 0.03707939362876256, 0.1056497736668553, 0.0029797632350545555]","[-0.006683972749989775, -0.2525762866990995, 0.1199936233232286, 0.036846783539289496, 0.09944010834107914, 0.0029797442454920775]",0.08949282521251054
2026-09-02,NYC,KXHIGHNY-26SEP02,1,prev18Z->00Z,prev18Z,00Z,75.0,75.0,2.0,3.0,0.0,1.0,2026-09-02T01:00:00+00:00,2026-09-02T03:00:00+00:00,2026-09-02T04:00:00+00:00,"[""KXHIGHNY-26SEP02-B75.5"", ""KXHIGHNY-26SEP02-B77.5"", ""KXHIGHNY-26SEP02-B79.5"", ""KXHIGHNY-26SEP02-B81.5"", ""KXHIGHNY-26SEP02-T75"", ""KXHIGHNY-26SEP02-T82""]","[""75\u00b0 to 76\u00b0"", ""77\u00b0 to 78\u00b0"", ""79\u00b0 to 80\u00b0"", ""81\u00b0 to 82\u00b0"", ""74\u00b0 or below"", ""83\u00b0 or above""]","[[75, 76], [77, 78], [79, 80], [81, 82], [null, 74], [83, null]]","[0.37207897330605544, 0.18656819551305115, 0.03707939362876256, 0.002891345949853741, 0.4012936743170763, 8.841728520081471e-05]","[0.25764629388491667, 0.1868650341516057, 0.08829599698956403, 0.02716684225904109, 0.43381616738909634, 0.006209665325776159]","[-0.11443267942113877, 0.00029683863855456405, 0.05121660336080147, 0.02427549630918735, 0.03252249307202004, 0.0061212480405753444]",0.017402548646747323
2026-09-02,NYC,KXHIGHNY-26SEP02,2,00Z->06Z,00Z,06Z,75.0,74.0,3.0,3.0,-1.0,0.0,2026-09-02T06:00:00+00:00,2026-09-02T08:00:00+00:00,2026-09-02T09:00:00+00:00,"[""KXHIGHNY-26SEP02-B75.5"", ""KXHIGHNY-26SEP02-B77.5"", ""KXHIGHNY-26SEP02-B79.5"", ""KXHIGHNY-26SEP02-B81.5"", ""KXHIGHNY-26SEP02-T75"", ""KXHIGHNY-26SEP02-T82""]","[""75\u00b0 to 76\u00b0"", ""77\u00b0 to 78\u00b0"", ""79\u00b0 to 80\u00b0"", ""81\u00b0 to 82\u00b0"", ""74\u00b0 or below"", ""83\u00b0 or above""]","[[75, 76], [77, 78], [79, 80], [81, 82], [null, 74], [83, null]]","[0.25764629388491667, 0.1868650341516057, 0.08829599698956403, 0.02716684225904109, 0.43381616738909634, 0.006209665325776159]","[0.2314877864254532, 0.13552117969478505, 0.05167706125862226, 0.01282687387853998, 0.5661838326109037, 0.002303266131695847]","[-0.026158507459463465, -0.05134385445682066, -0.03661893573094177, -0.014339968380501111, 0.13236766522180732, -0.003906399194080312]",0.022403498801146574
2026-09-03,NYC,KXHIGHNY-26SEP03,3,06Z->12Z,06Z,12Z,84.0,85.0,2.0,2.0,1.0,0.0,2026-09-03T13:00:00+00:00,2026-09-03T15:00:00+00:00,2026-09-03T16:00:00+00:00,"[""KXHIGHNY-26SEP03-B83.5"", ""KXHIGHNY-26SEP03-B85.5"", ""KXHIGHNY-26SEP03-B87.5"", ""KXHIGHNY-26SEP03-B89.5"", ""KXHIGHNY-26SEP03-T83"", ""KXHIGHNY-26SEP03-T90""]","[""83\u00b0 to 84\u00b0"", ""85\u00b0 to 86\u00b0"", ""87\u00b0 to 88\u00b0"", ""89\u00b0 to 90\u00b0"", ""82\u00b0 or below"", ""91\u00b0 or above""]","[[83, 84], [85, 86], [87, 88], [89, 90], [null, 82], [91, null]]","[0.3720789733060555, 0.29564390065022095, 0.09342530101181068, 0.011647447612653905, 0.2266273523768682, 0.0005770250423907664]","[0.295643900650221, 0.37207897330605544, 0.18656819551305115, 0.03707939362876256, 0.1056497736668553, 0.0029797632350545555]","[-0.07643507265583449, 0.07643507265583449, 0.09314289450124047, 0.025431946016108653, -0.12097757871001291, 0.002402738192663789]",0.03564837103940073
2026-09-04,Chicago,KXHIGHCHI-26SEP04,1,prev18Z->00Z,prev18Z,00Z,92.0,92.0,4.0,3.0,0.0,-1.0,2026-09-04T01:00:00+00:00,2026-09-04T03:00:00+00:00,2026-09-04T04:00:00+00:00,"[""KXHIGHCHI-26SEP04-B89.5"", ""KXHIGHCHI-26SEP04-B91.5"", ""KXHIGHCHI-26SEP04-B93.5"", ""KXHIGHCHI-26SEP04-B95.5"", ""KXHIGHCHI-26SEP04-T89"", ""KXHIGHCHI-26SEP04-T96""]","[""89\u00b0 to 90\u00b0"", ""91\u00b0 to 92\u00b0"", ""93\u00b0 to 94\u00b0"", ""95\u00b0 to 96\u00b0"", ""88\u00b0 or below"", ""97\u00b0 or above""]","[[89, 90], [91, 92], [93, 94], [95, 96], [null, 88], [97, null]]","[0.16304328047476563, 0.19590799150283666, 0.18427624612118654, 0.1356910119118917, 0.19078695285251063, 0.13029451713680884]","[0.18686503415160566, 0.2576462938849167, 0.2314877864254532, 0.13552117969478505, 0.12167250457438128, 0.06680720126885809]","[0.02382175367684003, 0.06173830238208006, 0.047211540304266664, -0.00016983221710664687, -0.06911444827812935, -0.06348731586795076]",0.015415498547051727
2026-09-04,Chicago,KXHIGHCHI-26SEP04,2,00Z->06Z,00Z,06Z,92.0,93.0,3.0,3.0,1.0,0.0,2026-09-04T06:00:00+00:00,2026-09-04T08:00:00+00:00,2026-09-04T09:00:00+00:00,"[""KXHIGHCHI-26SEP04-B89.5"", ""KXHIGHCHI-26SEP04-B91.5"", ""KXHIGHCHI-26SEP04-B93.5"", ""KXHIGHCHI-26SEP04-B95.5"", ""KXHIGHCHI-26SEP04-T89"", ""KXHIGHCHI-26SEP04-T96""]","[""89\u00b0 to 90\u00b0"", ""91\u00b0 to 92\u00b0"", ""93\u00b0 to 94\u00b0"", ""95\u00b0 to 96\u00b0"", ""88\u00b0 or below"", ""97\u00b0 or above""]","[[89, 90], [91, 92], [93, 94], [95, 96], [null, 88], [97, null]]","[0.18686503415160566, 0.2576462938849167, 0.2314877864254532, 0.13552117969478505, 0.12167250457438128, 0.06680720126885809]","[0.135521179694785, 0.23148778642545326, 0.25764629388491667, 0.1868650341516057, 0.06680720126885809, 0.12167250457438128]","[-0.05134385445682066, -0.026158507459463465, 0.026158507459463465, 0.05134385445682066, -0.054865303305523194, 0.054865303305523194]",0.012661320819594086
2026-09-04,Chicago,KXHIGHCHI-26SEP04,3,06Z->12Z,06Z,12Z,93.0,91.0,3.0,3.0,-2.0,0.0,2026-09-04T13:00:00+00:00,2026-09-04T15:00:00+00:00,2026-09-04T16:00:00+00:00,"[""KXHIGHCHI-26SEP04-B89.5"", ""KXHIGHCHI-26SEP04-B91.5"", ""KXHIGHCHI-26SEP04-B93.5"", ""KXHIGHCHI-26SEP04-B95.5"", ""KXHIGHCHI-26SEP04-T89"", ""KXHIGHCHI-26SEP04-T96""]","[""89\u00b0 to 90\u00b0"", ""91\u00b0 to 92\u00b0"", ""93\u00b0 to 94\u00b0"", ""95\u00b0 to 96\u00b0"", ""88\u00b0 or below"", ""97\u00b0 or above""]","[[89, 90], [91, 92], [93, 94], [95, 96], [null, 88], [97, null]]","[0.135521179694785, 0.23148778642545326, 0.25764629388491667, 0.1868650341516057, 0.06680720126885809, 0.12167250457438128]","[0.23148778642545326, 0.25764629388491667, 0.1868650341516057, 0.08829599698956403, 0.20232838096364308, 0.03337650758481725]","[0.09596660673066826, 0.02615850745946341, -0.07078125973331095, -0.09856903716204168, 0.135521179694785, -0.08829599698956403]",0.050781872166639236
2026-09-04,Denver,KXHIGHDEN-26SEP04,1,prev18Z->00Z,prev18Z,00Z,92.0,91.0,2.0,2.0,-1.0,0.0,2026-09-04T01:00:00+00:00,2026-09-04T03:00:00+00:00,2026-09-04T04:00:00+00:00,"[""KXHIGHDEN-26SEP04-B88.5"", ""KXHIGHDEN-26SEP04-B90.5"", ""KXHIGHDEN-26SEP04-B92.5"", ""KXHIGHDEN-26SEP04-B94.5"", ""KXHIGHDEN-26SEP04-T88"", ""KXHIGHDEN-26SEP04-T95""]","[""88\u00b0 to 89\u00b0"", ""90\u00b0 to 91\u00b0"", ""92\u00b0 to 93\u00b0"", ""94\u00b0 to 95\u00b0"", ""87\u00b0 or below"", ""96\u00b0 or above""]","[[88, 89], [90, 91], [92, 93], [94, 95], [null, 87], [96, null]]","[0.09342530101181062, 0.295643900650221, 0.37207897330605544, 0.18656819551305115, 0.012224472655044671, 0.040059156863817114]","[0.1865681955130511, 0.3720789733060555, 0.29564390065022095, 0.09342530101181068, 0.040059156863817114, 0.012224472655044671]","[0.09314289450124047, 0.07643507265583449, -0.07643507265583449, -0.09314289450124047, 0.027834684208772442, -0.027834684208772442]",0.030585377545947992
2026-09-04,Denver,KXHIGHDEN-26SEP04,3,06Z->12Z,06Z,12Z,91.0,92.0,2.0,2.0,1.0,0.0,2026-09-04T13:00:00+00:00,2026-09-04T15:00:00+00:00,2026-09-04T16:00:00+00:00,"[""KXHIGHDEN-26SEP04-B88.5"", ""KXHIGHDEN-26SEP04-B90.5"", ""KXHIGHDEN-26SEP04-B92.5"", ""KXHIGHDEN-26SEP04-B94.5"", ""KXHIGHDEN-26SEP04-T88"", ""KXHIGHDEN-26SEP04-T95""]","[""88\u00b0 to 89\u00b0"", ""90\u00b0 to 91\u00b0"", ""92\u00b0 to 93\u00b0"", ""94\u00b0 to 95\u00b0"", ""87\u00b0 or below"", ""96\u00b0 or above""]","[[88, 89], [90, 91], [92, 93], [94, 95], [null, 87], [96, null]]","[0.1865681955130511, 0.3720789733060555, 0.29564390065022095, 0.09342530101181068, 0.040059156863817114, 0.012224472655044671]","[0.09342530101181062, 0.295643900650221, 0.37207897330605544, 0.18656819551305115, 0.012224472655044671, 0.040059156863817114]","[-0.09314289450124047, -0.07643507265583449, 0.07643507265583449, 0.09314289450124047, -0.027834684208772442, 0.027834684208772442]",0.030585377545947992
2026-09-04,NYC,KXHIGHNY-26SEP04,3,06Z->12Z,06Z,12Z,84.0,84.0,2.0,1.0,0.0,-1.0,2026-09-04T13:00:00+00:00,2026-09-04T15:00:00+00:00,2026-09-04T16:00:00+00:00,"[""KXHIGHNY-26SEP04-B82.5"", ""KXHIGHNY-26SEP04-B84.5"", ""KXHIGHNY-26SEP04-B86.5"", ""KXHIGHNY-26SEP04-B88.5"", ""KXHIGHNY-26SEP04-T82"", ""KXHIGHNY-26SEP04-T89""]","[""82\u00b0 to 83\u00b0"", ""84\u00b0 to 85\u00b0"", ""86\u00b0 to 87\u00b0"", ""88\u00b0 to 89\u00b0"", ""81\u00b0 or below"", ""90\u00b0 or above""]","[[82, 83], [84, 85], [86, 87], [88, 89], [null, 81], [90, null]]","[0.295643900650221, 0.37207897330605544, 0.18656819551305115, 0.03707939362876256, 0.1056497736668553, 0.0029797632350545555]","[0.3023278734002108, 0.6246552600051549, 0.06657457218982255, 0.00023261008947306205, 0.006209665325776159, 1.8989562478033406e-08]","[0.006683972749989775, 0.2525762866990995, -0.1199936233232286, -0.036846783539289496, -0.09944010834107914, -0.0029797442454920775]",0.08949282521251054
2026-09-05,Chicago,KXHIGHCHI-26SEP05,1,prev18Z->00Z,prev18Z,00Z,84.0,83.0,3.0,3.0,-1.0,0.0,2026-09-05T01:00:00+00:00,2026-09-05T03:00:00+00:00,2026-09-05T04:00:00+00:00,"[""KXHIGHCHI-26SEP05-B83.5"", ""KXHIGHCHI-26SEP05-B85.5"", ""KXHIGHCHI-26SEP05-B87.5"", ""KXHIGHCHI-26SEP05-B89.5"", ""KXHIGHCHI-26SEP05-T83"", ""KXHIGHCHI-26SEP05-T90""]","[""83\u00b0 to 84\u00b0"", ""85\u00b0 to 86\u00b0"", ""87\u00b0 to 88\u00b0"", ""89\u00b0 to 90\u00b0"", ""82\u00b0 or below"", ""91\u00b0 or above""]","[[83, 84], [85, 86], [87, 88], [89, 90], [null, 82], [91, null]]","[0.2576462938849167, 0.2314877864254532, 0.13552117969478505, 0.05167706125862226, 0.30853753872598694, 0.015130140010235826]","[0.25764629388491667, 0.1868650341516057, 0.08829599698956403, 0.02716684225904109, 0.43381616738909634, 0.006209665325776159]","[-5.551115123125783e-17, -0.04462275227384749, -0.047225182705221025, -0.024510218999581168, 0.1252786286631094, -0.008920474684459667]",0.02059646840574744
2026-09-05,Chicago,KXHIGHCHI-26SEP05,3,06Z->12Z,06Z,12Z,82.0,81.0,3.0,2.0,-1.0,-1.0,2026-09-05T13:00:00+00:00,2026-09-05T15:00:00+00:00,2026-09-05T16:00:00+00:00,"[""KXHIGHCHI-26SEP05-B83.5"", ""KXHIGHCHI-26SEP05-B85.5"", ""KXHIGHCHI-26SEP05-B87.5"", ""KXHIGHCHI-26SEP05-B89.5"", ""KXHIGHCHI-26SEP05-T83"", ""KXHIGHCHI-26SEP05-T90""]","[""83\u00b0 to 84\u00b0"", ""85\u00b0 to 86\u00b0"", ""87\u00b0 to 88\u00b0"", ""89\u00b0 to 90\u00b0"", ""82\u00b0 or below"", ""91\u00b0 or above""]","[[83, 84], [85, 86], [87, 88], [89, 90], [null, 82], [91, null]]","[0.2314877864254532, 0.13552117969478505, 0.05167706125862226, 0.01282687387853998, 0.5661838326109037, 0.002303266131695847]","[0.18656819551305115, 0.03707939362876256, 0.002891345949853741, 8.740020195829867e-05, 0.7733726476231317, 1.017083242516037e-06]","[-0.04491959091240205, -0.0984417860660225, -0.04878571530876852, -0.01273947367658168, 0.20718881501222808, -0.002302249048453331]",0.05718340051620299
2026-09-05,Denver,KXHIGHDEN-26SEP05,1,prev18Z->00Z,prev18Z,00Z,91.0,91.0,3.0,4.0,0.0,1.0,2026-09-05T01:00:00+00:00,2026-09-05T03:00:00+00:00,2026-09-05T04:00:00+00:00,"[""KXHIGHDEN-26SEP05-B87.5"", ""KXHIGHDEN-26SEP05-B89.5"", ""KXHIGHDEN-26SEP05-B91.5"", ""KXHIGHDEN-26SEP05-B93.5"", ""KXHIGHDEN-26SEP05-T87"", ""KXHIGHDEN-26SEP05-T94""]","[""87\u00b0 to 88\u00b0"", ""89\u00b0 to 90\u00b0"", ""91\u00b0 to 92\u00b0"", ""93\u00b0 to 94\u00b0"", ""86\u00b0 or below"", ""95\u00b0 or above""]","[[87, 88], [89, 90], [91, 92], [93, 94], [null, 86], [95, null]]","[0.135521179694785, 0.23148778642545326, 0.25764629388491667, 0.1868650341516057, 0.06680720126885809, 0.12167250457438128]","[0.1356910119118917, 0.1842762461211866, 0.1959079915028366, 0.16304328047476568, 0.13029451713680884, 0.19078695285251057]","[0.00016983221710670238, -0.047211540304266664, -0.06173830238208006, -0.02382175367684003, 0.06348731586795076, 0.06911444827812929]",0.01541549854705172
2026-09-05,Denver,KXHIGHDEN-26SEP05,2,00Z->06Z,00Z,06Z,91.0,91.0,4.0,3.0,0.0,-1.0,2026-09-05T06:00:00+00:00,2026-09-05T08:00:00+00:00,2026-09-05T09:00:00+00:00,"[""KXHIGHDEN-26SEP05-B87.5"", ""KXHIGHDEN-26SEP05-B89.5"", ""KXHIGHDEN-26SEP05-B91.5"", ""KXHIGHDEN-26SEP05-B93.5"", ""KXHIGHDEN-26SEP05-T87"", ""KXHIGHDEN-26SEP05-T94""]","[""87\u00b0 to 88\u00b0"", ""89\u00b0 to 90\u00b0"", ""91\u00b0 to 92\u00b0"", ""93\u00b0 to 94\u00b0"", ""86\u00b0 or below"", ""95\u00b0 or above""]","[[87, 88], [89, 90], [91, 92], [93, 94], [null, 86], [95, null]]","[0.1356910119118917, 0.1842762461211866, 0.1959079915028366, 0.16304328047476568, 0.13029451713680884, 0.19078695285251057]","[0.135521179694785, 0.23148778642545326, 0.25764629388491667, 0.1868650341516057, 0.06680720126885809, 0.12167250457438128]","[-0.00016983221710670238, 0.047211540304266664, 0.06173830238208006, 0.02382175367684003, -0.06348731586795076, -0.06911444827812929]",0.01541549854705172
2026-09-05,Denver,KXHIGHDEN-26SEP05,3,06Z->12Z,06Z,12Z,91.0,92.0,3.0,3.0,1.0,0.0,2026-09-05T13:00:00+00:00,2026-09-05T15:00:00+00:00,2026-09-05T16:00:00+00:00,"[""KXHIGHDEN-26SEP05-B87.5"", ""KXHIGHDEN-26SEP05-B89.5"", ""KXHIGHDEN-26SEP05-B91.5"", ""KXHIGHDEN-26SEP05-B93.5"", ""KXHIGHDEN-26SEP05-T87"", ""KXHIGHDEN-26SEP05-T94""]","[""87\u00b0 to 88\u00b0"", ""89\u00b0 to 90\u00b0"", ""91\u00b0 to 92\u00b0"", ""93\u00b0 to 94\u00b0"", ""86\u00b0 or below"", ""95\u00b0 or above""]","[[87, 88], [89, 90], [91, 92], [93, 94], [null, 86], [95, null]]","[0.135521179694785, 0.23148778642545326, 0.25764629388491667, 0.1868650341516057, 0.06680720126885809, 0.12167250457438128]","[0.08829599698956403, 0.18686503415160566, 0.2576462938849167, 0.2314877864254532, 0.03337650758481725, 0.20232838096364314]","[-0.04722518270522097, -0.0446227522738476, 5.551115123125783e-17, 0.04462275227384749, -0.033430693684040835, 0.08065587638926186]",0.013835579598843888
2026-09-05,NYC,KXHIGHNY-26SEP05,2,00Z->06Z,00Z,06Z,80.0,80.0,2.0,1.0,0.0,-1.0,2026-09-05T06:00:00+00:00,2026-09-05T08:00:00+00:00,2026-09-05T09:00:00+00:00,"[""KXHIGHNY-26SEP05-B79.5"", ""KXHIGHNY-26SEP05-B81.5"", ""KXHIGHNY-26SEP05-B83.5"", ""KXHIGHNY-26SEP05-B85.5"", ""KXHIGHNY-26SEP05-T79"", ""KXHIGHNY-26SEP05-T86""]","[""79\u00b0 to 80\u00b0"", ""81\u00b0 to 82\u00b0"", ""83\u00b0 to 84\u00b0"", ""85\u00b0 to 86\u00b0"", ""78\u00b0 or below"", ""87\u00b0 or above""]","[[79, 80], [81, 82], [83, 84], [85, 86], [null, 78], [87, null]]","[0.3720789733060555, 0.29564390065022095, 0.09342530101181068, 0.011647447612653905, 0.2266273523768682, 0.0005770250423907664]","[0.6246552600051549, 0.30232787340021083, 0.0062062676526514204, 3.397632964752262e-06, 0.06680720126885809, 4.0159986447463325e-11]","[0.25257628669909943, 0.006683972749989886, -0.08721903335915926, -0.011644049979689153, -0.15982015110801012, -0.0005770250022307799]",0.0971250134325043
2026-09-05,NYC,KXHIGHNY-26SEP05,3,06Z->12Z,06Z,12Z,80.0,80.0,1.0,2.0,0.0,1.0,2026-09-05T13:00:00+00:00,2026-09-05T15:00:00+00:00,2026-09-05T16:00:00+00:00,"[""KXHIGHNY-26SEP05-B79.5"", ""KXHIGHNY-26SEP05-B81.5"", ""KXHIGHNY-26SEP05-B83.5"", ""KXHIGHNY-26SEP05-B85.5"", ""KXHIGHNY-26SEP05-T79"", ""KXHIGHNY-26SEP05-T86""]","[""79\u00b0 to 80\u00b0"", ""81\u00b0 to 82\u00b0"", ""83\u00b0 to 84\u00b0"", ""85\u00b0 to 86\u00b0"", ""78\u00b0 or below"", ""87\u00b0 or above""]","[[79, 80], [81, 82], [83, 84], [85, 86], [null, 78], [87, null]]","[0.6246552600051549, 0.30232787340021083, 0.0062062676526514204, 3.397632964752262e-06, 0.06680720126885809, 4.0159986447463325e-11]","[0.3720789733060555, 0.29564390065022095, 0.09342530101181068, 0.011647447612653905, 0.2266273523768682, 0.0005770250423907664]","[-0.25257628669909943, -0.006683972749989886, 0.08721903335915926, 0.011644049979689153, 0.15982015110801012, 0.0005770250022307799]",0.0971250134325043
2026-09-06,Denver,KXHIGHDEN-26SEP06,1,prev18Z->00Z,prev18Z,00Z,92.0,92.0,3.0,2.0,0.0,-1.0,2026-09-06T01:00:00+00:00,2026-09-06T03:00:00+00:00,2026-09-06T04:00:00+00:00,"[""KXHIGHDEN-26SEP06-B89.5"", ""KXHIGHDEN-26SEP06-B91.5"", ""KXHIGHDEN-26SEP06-B93.5"", ""KXHIGHDEN-26SEP06-B95.5"", ""KXHIGHDEN-26SEP06-T89"", ""KXHIGHDEN-26SEP06-T96""]","[""89\u00b0 to 90\u00b0"", ""91\u00b0 to 92\u00b0"", ""93\u00b0 to 94\u00b0"", ""95\u00b0 to 96\u00b0"", ""88\u00b0 or below"", ""97\u00b0 or above""]","[[89, 90], [91, 92], [93, 94], [95, 96], [null, 88], [97, null]]","[0.18686503415160566, 0.2576462938849167, 0.2314877864254532, 0.13552117969478505, 0.12167250457438128, 0.06680720126885809]","[0.1865681955130511, 0.3720789733060555, 0.29564390065022095, 0.09342530101181068, 0.040059156863817114, 0.012224472655044671]","[-0.00029683863855456405, 0.11443267942113877, 0.06415611422476775, -0.042095878682974375, -0.08161334771056417, -0.054582728613813414]",0.02862300901464625
2026-09-06,NYC,KXHIGHNY-26SEP06,3,06Z->12Z,06Z,12Z,74.0,74.0,3.0,2.0,0.0,-1.0,2026-09-06T13:00:00+00:00,2026-09-06T15:00:00+00:00,2026-09-06T16:00:00+00:00,"[""KXHIGHNY-26SEP06-B73.5"", ""KXHIGHNY-26SEP06-B75.5"", ""KXHIGHNY-26SEP06-B77.5"", ""KXHIGHNY-26SEP06-B79.5"", ""KXHIGHNY-26SEP06-T73"", ""KXHIGHNY-26SEP06-T80""]","[""73\u00b0 to 74\u00b0"", ""75\u00b0 to 76\u00b0"", ""77\u00b0 to 78\u00b0"", ""79\u00b0 to 80\u00b0"", ""72\u00b0 or below"", ""81\u00b0 or above""]","[[73, 74], [75, 76], [77, 78], [79, 80], [null, 72], [81, null]]","[0.2576462938849167, 0.2314877864254532, 0.13552117969478505, 0.05167706125862226, 0.30853753872598694, 0.015130140010235826]","[0.3720789733060555, 0.29564390065022095, 0.09342530101181068, 0.011647447612653905, 0.2266273523768682, 0.0005770250423907664]","[0.11443267942113877, 0.06415611422476775, -0.042095878682974375, -0.040029613645968354, -0.08191018634911873, -0.01455311496784506]",0.027506349865674424
2026-09-07,Denver,KXHIGHDEN-26SEP07,2,00Z->06Z,00Z,06Z,91.0,90.0,3.0,2.0,-1.0,-1.0,2026-09-07T06:00:00+00:00,2026-09-07T08:00:00+00:00,2026-09-07T09:00:00+00:00,"[""KXHIGHDEN-26SEP07-B86.5"", ""KXHIGHDEN-26SEP07-B88.5"", ""KXHIGHDEN-26SEP07-B90.5"", ""KXHIGHDEN-26SEP07-B92.5"", ""KXHIGHDEN-26SEP07-T86"", ""KXHIGHDEN-26SEP07-T93""]","[""86\u00b0 to 87\u00b0"", ""88\u00b0 to 89\u00b0"", ""90\u00b0 to 91\u00b0"", ""92\u00b0 to 93\u00b0"", ""85\u00b0 or below"", ""94\u00b0 or above""]","[[86, 87], [88, 89], [90, 91], [92, 93], [null, 85], [94, null]]","[0.08829599698956403, 0.18686503415160566, 0.2576462938849167, 0.2314877864254532, 0.03337650758481725, 0.20232838096364314]","[0.09342530101181062, 0.295643900650221, 0.37207897330605544, 0.18656819551305115, 0.012224472655044671, 0.040059156863817114]","[0.005129304022246595, 0.10877886649861535, 0.11443267942113872, -0.04491959091240205, -0.02115203492977258, -0.16226922409982603]",0.05375046899534475
2026-09-07,NYC,KXHIGHNY-26SEP07,1,prev18Z->00Z,prev18Z,00Z,79.0,80.0,1.0,1.0,1.0,0.0,2026-09-07T01:00:00+00:00,2026-09-07T03:00:00+00:00,2026-09-07T04:00:00+00:00,"[""KXHIGHNY-26SEP07-B77.5"", ""KXHIGHNY-26SEP07-B79.5"", ""KXHIGHNY-26SEP07-B81.5"", ""KXHIGHNY-26SEP07-B83.5"", ""KXHIGHNY-26SEP07-T77"", ""KXHIGHNY-26SEP07-T84""]","[""77\u00b0 to 78\u00b0"", ""79\u00b0 to 80\u00b0"", ""81\u00b0 to 82\u00b0"", ""83\u00b0 to 84\u00b0"", ""76\u00b0 or below"", ""85\u00b0 or above""]","[[77, 78], [79, 80], [81, 82], [83, 84], [null, 76], [85, null]]","[0.3023278734002108, 0.6246552600051549, 0.06657457218982255, 0.00023261008947306205, 0.006209665325776159, 1.8989562478033406e-08]","[0.06657457218982255, 0.6246552600051549, 0.30232787340021083, 0.0062062676526514204, 0.0002326290790355401, 3.3976731247387093e-06]","[-0.23575330121038823, 0.0, 0.2357533012103883, 0.005973657563178358, -0.005977036246740619, 3.378683562260676e-06]",0.11123064762158459
2026-09-08,Chicago,KXHIGHCHI-26SEP08,1,prev18Z->00Z,prev18Z,00Z,87.0,86.0,3.0,2.0,-1.0,-1.0,2026-09-08T01:00:00+00:00,2026-09-08T03:00:00+00:00,2026-09-08T04:00:00+00:00,"[""KXHIGHCHI-26SEP08-B85.5"", ""KXHIGHCHI-26SEP08-B87.5"", ""KXHIGHCHI-26SEP08-B89.5"", ""KXHIGHCHI-26SEP08-B91.5"", ""KXHIGHCHI-26SEP08-T85"", ""KXHIGHCHI-26SEP08-T92""]","[""85\u00b0 to 86\u00b0"", ""87\u00b0 to 88\u00b0"", ""89\u00b0 to 90\u00b0"", ""91\u00b0 to 92\u00b0"", ""84\u00b0 or below"", ""93\u00b0 or above""]","[[85, 86], [87, 88], [89, 90], [91, 92], [null, 84], [93, null]]","[0.23148778642545326, 0.25764629388491667, 0.1868650341516057, 0.08829599698956403, 0.20232838096364308, 0.03337650758481725]","[0.3720789733060555, 0.29564390065022095, 0.09342530101181068, 0.011647447612653905, 0.2266273523768682, 0.0005770250423907664]","[0.14059118688060224, 0.03799760676530428, -0.09343973313979503, -0.07664854937691012, 0.024298971413225123, -0.032799482542426484]",0.03748192986599953
2026-09-08,Denver,KXHIGHDEN-26SEP08,2,00Z->06Z,00Z,06Z,86.0,85.0,2.0,2.0,-1.0,0.0,2026-09-08T06:00:00+00:00,2026-09-08T08:00:00+00:00,2026-09-08T09:00:00+00:00,"[""KXHIGHDEN-26SEP08-B82.5"", ""KXHIGHDEN-26SEP08-B84.5"", ""KXHIGHDEN-26SEP08-B86.5"", ""KXHIGHDEN-26SEP08-B88.5"", ""KXHIGHDEN-26SEP08-T82"", ""KXHIGHDEN-26SEP08-T89""]","[""82\u00b0 to 83\u00b0"", ""84\u00b0 to 85\u00b0"", ""86\u00b0 to 87\u00b0"", ""88\u00b0 to 89\u00b0"", ""81\u00b0 or below"", ""90\u00b0 or above""]","[[82, 83], [84, 85], [86, 87], [88, 89], [null, 81], [90, null]]","[0.09342530101181062, 0.295643900650221, 0.37207897330605544, 0.18656819551305115, 0.012224472655044671, 0.040059156863817114]","[0.1865681955130511, 0.3720789733060555, 0.29564390065022095, 0.09342530101181068, 0.040059156863817114, 0.012224472655044671]","[0.09314289450124047, 0.07643507265583449, -0.07643507265583449, -0.09314289450124047, 0.027834684208772442, -0.027834684208772442]",0.030585377545947992
2026-09-08,NYC,KXHIGHNY-26SEP08,3,06Z->12Z,06Z,12Z,83.0,83.0,2.0,1.0,0.0,-1.0,2026-09-08T13:00:00+00:00,2026-09-08T15:00:00+00:00,2026-09-08T16:00:00+00:00,"[""KXHIGHNY-26SEP08-B80.5"", ""KXHIGHNY-26SEP08-B82.5"", ""KXHIGHNY-26SEP08-B84.5"", ""KXHIGHNY-26SEP08-B86.5"", ""KXHIGHNY-26SEP08-T80"", ""KXHIGHNY-26SEP08-T87""]","[""80\u00b0 to 81\u00b0"", ""82\u00b0 to 83\u00b0"", ""84\u00b0 to 85\u00b0"", ""86\u00b0 to 87\u00b0"", ""79\u00b0 or below"", ""88\u00b0 or above""]","[[80, 81], [82, 83], [84, 85], [86, 87], [null, 79], [88, null]]","[0.1865681955130511, 0.3720789733060555, 0.29564390065022095, 0.09342530101181068, 0.040059156863817114, 0.012224472655044671]","[0.06657457218982255, 0.6246552600051549, 0.30232787340021083, 0.0062062676526514204, 0.0002326290790355401, 3.3976731247387093e-06]","[-0.11999362332322855, 0.25257628669909943, 0.006683972749989886, -0.08721903335915926, -0.039826527784781574, -0.012221074981919933]",0.08758059250187697
2026-09-09,Chicago,KXHIGHCHI-26SEP09,2,00Z->06Z,00Z,06Z,83.0,82.0,3.0,2.0,-1.0,-1.0,2026-09-09T06:00:00+00:00,2026-09-09T08:00:00+00:00,2026-09-09T09:00:00+00:00,"[""KXHIGHCHI-26SEP09-B80.5"", ""KXHIGHCHI-26SEP09-B82.5"", ""KXHIGHCHI-26SEP09-B84.5"", ""KXHIGHCHI-26SEP09-B86.5"", ""KXHIGHCHI-26SEP09-T80"", ""KXHIGHCHI-26SEP09-T87""]","[""80\u00b0 to 81\u00b0"", ""82\u00b0 to 83\u00b0"", ""84\u00b0 to 85\u00b0"", ""86\u00b0 to 87\u00b0"", ""79\u00b0 or below"", ""88\u00b0 or above""]","[[80, 81], [82, 83], [84, 85], [86, 87], [null, 79], [88, null]]","[0.18686503415160566, 0.2576462938849167, 0.2314877864254532, 0.13552117969478505, 0.12167250457438128, 0.06680720126885809]","[0.295643900650221, 0.37207897330605544, 0.18656819551305115, 0.03707939362876256, 0.1056497736668553, 0.0029797632350545555]","[0.10877886649861535, 0.11443267942113872, -0.04491959091240205, -0.0984417860660225, -0.016022730907525984, -0.06382743803380353]",0.0409669045595248
2026-09-09,Denver,KXHIGHDEN-26SEP09,2,00Z->06Z,00Z,06Z,82.0,81.0,3.0,2.0,-1.0,-1.0,2026-09-09T06:00:00+00:00,2026-09-09T08:00:00+00:00,2026-09-09T09:00:00+00:00,"[""KXHIGHDEN-26SEP09-B78.5"", ""KXHIGHDEN-26SEP09-B80.5"", ""KXHIGHDEN-26SEP09-B82.5"", ""KXHIGHDEN-26SEP09-B84.5"", ""KXHIGHDEN-26SEP09-T78"", ""KXHIGHDEN-26SEP09-T85""]","[""78\u00b0 to 79\u00b0"", ""80\u00b0 to 81\u00b0"", ""82\u00b0 to 83\u00b0"", ""84\u00b0 to 85\u00b0"", ""77\u00b0 or below"", ""86\u00b0 or above""]","[[78, 79], [80, 81], [82, 83], [84, 85], [null, 77], [86, null]]","[0.135521179694785, 0.23148778642545326, 0.25764629388491667, 0.1868650341516057, 0.06680720126885809, 0.12167250457438128]","[0.1865681955130511, 0.3720789733060555, 0.29564390065022095, 0.09342530101181068, 0.040059156863817114, 0.012224472655044671]","[0.051047015818266095, 0.14059118688060224, 0.03799760676530428, -0.09343973313979503, -0.02674804440504097, -0.10944803191933661]",0.045240811072083706
2026-09-10,Chicago,KXHIGHCHI-26SEP10,1,prev18Z->00Z,prev18Z,00Z,78.0,79.0,2.0,2.0,1.0,0.0,2026-09-10T01:00:00+00:00,2026-09-10T03:00:00+00:00,2026-09-10T04:00:00+00:00,"[""KXHIGHCHI-26SEP10-B75.5"", ""KXHIGHCHI-26SEP10-B77.5"", ""KXHIGHCHI-26SEP10-B79.5"", ""KXHIGHCHI-26SEP10-B81.5"", ""KXHIGHCHI-26SEP10-T75"", ""KXHIGHCHI-26SEP10-T82""]","[""75\u00b0 to 76\u00b0"", ""77\u00b0 to 78\u00b0"", ""79\u00b0 to 80\u00b0"", ""81\u00b0 to 82\u00b0"", ""74\u00b0 or below"", ""83\u00b0 or above""]","[[75, 76], [77, 78], [79, 80], [81, 82], [null, 74], [83, null]]","[0.1865681955130511, 0.3720789733060555, 0.29564390065022095, 0.09342530101181068, 0.040059156863817114, 0.012224472655044671]","[0.09342530101181062, 0.295643900650221, 0.37207897330605544, 0.18656819551305115, 0.012224472655044671, 0.040059156863817114]","[-0.09314289450124047, -0.07643507265583449, 0.07643507265583449, 0.09314289450124047, -0.027834684208772442, 0.027834684208772442]",0.030585377545947992
2026-09-10,NYC,KXHIGHNY-26SEP10,1,prev18Z->00Z,prev18Z,00Z,86.0,87.0,3.0,2.0,1.0,-1.0,2026-09-10T01:00:00+00:00,2026-09-10T03:00:00+00:00,2026-09-10T04:00:00+00:00,"[""KXHIGHNY-26SEP10-B85.5"", ""KXHIGHNY-26SEP10-B87.5"", ""KXHIGHNY-26SEP10-B89.5"", ""KXHIGHNY-26SEP10-B91.5"", ""KXHIGHNY-26SEP10-T85"", ""KXHIGHNY-26SEP10-T92""]","[""85\u00b0 to 86\u00b0"", ""87\u00b0 to 88\u00b0"", ""89\u00b0 to 90\u00b0"", ""91\u00b0 to 92\u00b0"", ""84\u00b0 or below"", ""93\u00b0 or above""]","[[85, 86], [87, 88], [89, 90], [91, 92], [null, 84], [93, null]]","[0.2576462938849167, 0.2314877864254532, 0.13552117969478505, 0.05167706125862226, 0.30853753872598694, 0.015130140010235826]","[0.295643900650221, 0.37207897330605544, 0.18656819551305115, 0.03707939362876256, 0.1056497736668553, 0.0029797632350545555]","[0.03799760676530428, 0.14059118688060224, 0.051047015818266095, -0.0145976676298597, -0.20288776505913164, -0.01215037677518127]",0.06533966653903754
2026-09-10,NYC,KXHIGHNY-26SEP10,3,06Z->12Z,06Z,12Z,88.0,88.0,2.0,1.0,0.0,-1.0,2026-09-10T13:00:00+00:00,2026-09-10T15:00:00+00:00,2026-09-10T16:00:00+00:00,"[""KXHIGHNY-26SEP10-B85.5"", ""KXHIGHNY-26SEP10-B87.5"", ""KXHIGHNY-26SEP10-B89.5"", ""KXHIGHNY-26SEP10-B91.5"", ""KXHIGHNY-26SEP10-T85"", ""KXHIGHNY-26SEP10-T92""]","[""85\u00b0 to 86\u00b0"", ""87\u00b0 to 88\u00b0"", ""89\u00b0 to 90\u00b0"", ""91\u00b0 to 92\u00b0"", ""84\u00b0 or below"", ""93\u00b0 or above""]","[[85, 86], [87, 88], [89, 90], [91, 92], [null, 84], [93, null]]","[0.1865681955130511, 0.3720789733060555, 0.29564390065022095, 0.09342530101181068, 0.040059156863817114, 0.012224472655044671]","[0.06657457218982255, 0.6246552600051549, 0.30232787340021083, 0.0062062676526514204, 0.0002326290790355401, 3.3976731247387093e-06]","[-0.11999362332322855, 0.25257628669909943, 0.006683972749989886, -0.08721903335915926, -0.039826527784781574, -0.012221074981919933]",0.08758059250187697
2026-09-11,Chicago,KXHIGHCHI-26SEP11,1,prev18Z->00Z,prev18Z,00Z,80.0,79.0,2.0,2.0,-1.0,0.0,2026-09-11T01:00:00+00:00,2026-09-11T03:00:00+00:00,2026-09-11T04:00:00+00:00,"[""KXHIGHCHI-26SEP11-B76.5"", ""KXHIGHCHI-26SEP11-B78.5"", ""KXHIGHCHI-26SEP11-B80.5"", ""KXHIGHCHI-26SEP11-B82.5"", ""KXHIGHCHI-26SEP11-T76"", ""KXHIGHCHI-26SEP11-T83""]","[""76\u00b0 to 77\u00b0"", ""78\u00b0 to 79\u00b0"", ""80\u00b0 to 81\u00b0"", ""82\u00b0 to 83\u00b0"", ""75\u00b0 or below"", ""84\u00b0 or above""]","[[76, 77], [78, 79], [80, 81], [82, 83], [null, 75], [84, null]]","[0.09342530101181062, 0.295643900650221, 0.37207897330605544, 0.18656819551305115, 0.012224472655044671, 0.040059156863817114]","[0.1865681955130511, 0.3720789733060555, 0.29564390065022095, 0.09342530101181068, 0.040059156863817114, 0.012224472655044671]","[0.09314289450124047, 0.07643507265583449, -0.07643507265583449, -0.09314289450124047, 0.027834684208772442, -0.027834684208772442]",0.030585377545947992
2026-09-11,Chicago,KXHIGHCHI-26SEP11,2,00Z->06Z,00Z,06Z,79.0,80.0,2.0,2.0,1.0,0.0,2026-09-11T06:00:00+00:00,2026-09-11T08:00:00+00:00,2026-09-11T09:00:00+00:00,"[""KXHIGHCHI-26SEP11-B76.5"", ""KXHIGHCHI-26SEP11-B78.5"", ""KXHIGHCHI-26SEP11-B80.5"", ""KXHIGHCHI-26SEP11-B82.5"", ""KXHIGHCHI-26SEP11-T76"", ""KXHIGHCHI-26SEP11-T83""]","[""76\u00b0 to 77\u00b0"", ""78\u00b0 to 79\u00b0"", ""80\u00b0 to 81\u00b0"", ""82\u00b0 to 83\u00b0"", ""75\u00b0 or below"", ""84\u00b0 or above""]","[[76, 77], [78, 79], [80, 81], [82, 83], [null, 75], [84, null]]","[0.1865681955130511, 0.3720789733060555, 0.29564390065022095, 0.09342530101181068, 0.040059156863817114, 0.012224472655044671]","[0.09342530101181062, 0.295643900650221, 0.37207897330605544, 0.18656819551305115, 0.012224472655044671, 0.040059156863817114]","[-0.09314289450124047, -0.07643507265583449, 0.07643507265583449, 0.09314289450124047, -0.027834684208772442, 0.027834684208772442]",0.030585377545947992
2026-09-11,Denver,KXHIGHDEN-26SEP11,3,06Z->12Z,06Z,12Z,91.0,91.0,2.0,1.0,0.0,-1.0,2026-09-11T13:00:00+00:00,2026-09-11T15:00:00+00:00,2026-09-11T16:00:00+00:00,"[""KXHIGHDEN-26SEP11-B87.5"", ""KXHIGHDEN-26SEP11-B89.5"", ""KXHIGHDEN-26SEP11-B91.5"", ""KXHIGHDEN-26SEP11-B93.5"", ""KXHIGHDEN-26SEP11-T87"", ""KXHIGHDEN-26SEP11-T94""]","[""87\u00b0 to 88\u00b0"", ""89\u00b0 to 90\u00b0"", ""91\u00b0 to 92\u00b0"", ""93\u00b0 to 94\u00b0"", ""86\u00b0 or below"", ""95\u00b0 or above""]","[[87, 88], [89, 90], [91, 92], [93, 94], [null, 86], [95, null]]","[0.09342530101181062, 0.295643900650221, 0.37207897330605544, 0.18656819551305115, 0.012224472655044671, 0.040059156863817114]","[0.0062062676526514204, 0.3023278734002108, 0.6246552600051549, 0.06657457218982255, 3.3976731247387093e-06, 0.0002326290790355401]","[-0.0872190333591592, 0.006683972749989775, 0.2525762866990995, -0.1199936233232286, -0.012221074981919933, -0.039826527784781574]",0.087580592501877
2026-09-11,NYC,KXHIGHNY-26SEP11,1,prev18Z->00Z,prev18Z,00Z,80.0,79.0,2.0,2.0,-1.0,0.0,2026-09-11T01:00:00+00:00,2026-09-11T03:00:00+00:00,2026-09-11T04:00:00+00:00,"[""KXHIGHNY-26SEP11-B79.5"", ""KXHIGHNY-26SEP11-B81.5"", ""KXHIGHNY-26SEP11-B83.5"", ""KXHIGHNY-26SEP11-B85.5"", ""KXHIGHNY-26SEP11-T79"", ""KXHIGHNY-26SEP11-T86""]","[""79\u00b0 to 80\u00b0"", ""81\u00b0 to 82\u00b0"", ""83\u00b0 to 84\u00b0"", ""85\u00b0 to 86\u00b0"", ""78\u00b0 or below"", ""87\u00b0 or above""]","[[79, 80], [81, 82], [83, 84], [85, 86], [null, 78], [87, null]]","[0.3720789733060555, 0.29564390065022095, 0.09342530101181068, 0.011647447612653905, 0.2266273523768682, 0.0005770250423907664]","[0.37207897330605544, 0.18656819551305115, 0.03707939362876256, 0.002891345949853741, 0.4012936743170763, 8.841728520081471e-05]","[-5.551115123125783e-17, -0.1090757051371698, -0.05634590738304812, -0.008756101662800164, 0.1746663219402081, -0.0004886077571899516]",0.045657602803979944
2026-09-11,NYC,KXHIGHNY-26SEP11,2,00Z->06Z,00Z,06Z,79.0,80.0,2.0,2.0,1.0,0.0,2026-09-11T06:00:00+00:00,2026-09-11T08:00:00+00:00,2026-09-11T09:00:00+00:00,"[""KXHIGHNY-26SEP11-B79.5"", ""KXHIGHNY-26SEP11-B81.5"", ""KXHIGHNY-26SEP11-B83.5"", ""KXHIGHNY-26SEP11-B85.5"", ""KXHIGHNY-26SEP11-T79"", ""KXHIGHNY-26SEP11-T86""]","[""79\u00b0 to 80\u00b0"", ""81\u00b0 to 82\u00b0"", ""83\u00b0 to 84\u00b0"", ""85\u00b0 to 86\u00b0"", ""78\u00b0 or below"", ""87\u00b0 or above""]","[[79, 80], [81, 82], [83, 84], [85, 86], [null, 78], [87, null]]","[0.37207897330605544, 0.18656819551305115, 0.03707939362876256, 0.002891345949853741, 0.4012936743170763, 8.841728520081471e-05]","[0.3720789733060555, 0.29564390065022095, 0.09342530101181068, 0.011647447612653905, 0.2266273523768682, 0.0005770250423907664]","[5.551115123125783e-17, 0.1090757051371698, 0.05634590738304812, 0.008756101662800164, -0.1746663219402081, 0.0004886077571899516]",0.045657602803979944
2026-09-12,Chicago,KXHIGHCHI-26SEP12,3,06Z->12Z,06Z,12Z,86.0,87.0,2.0,2.0,1.0,0.0,2026-09-12T13:00:00+00:00,2026-09-12T15:00:00+00:00,2026-09-12T16:00:00+00:00,"[""KXHIGHCHI-26SEP12-B84.5"", ""KXHIGHCHI-26SEP12-B86.5"", ""KXHIGHCHI-26SEP12-B88.5"", ""KXHIGHCHI-26SEP12-B90.5"", ""KXHIGHCHI-26SEP12-T84"", ""KXHIGHCHI-26SEP12-T91""]","[""84\u00b0 to 85\u00b0"", ""86\u00b0 to 87\u00b0"", ""88\u00b0 to 89\u00b0"", ""90\u00b0 to 91\u00b0"", ""83\u00b0 or below"", ""92\u00b0 or above""]","[[84, 85], [86, 87], [88, 89], [90, 91], [null, 83], [92, null]]","[0.295643900650221, 0.37207897330605544, 0.18656819551305115, 0.03707939362876256, 0.1056497736668553, 0.0029797632350545555]","[0.1865681955130511, 0.3720789733060555, 0.29564390065022095, 0.09342530101181068, 0.040059156863817114, 0.012224472655044671]","[-0.10907570513716991, 5.551115123125783e-17, 0.1090757051371698, 0.05634590738304812, -0.06559061680303818, 0.009244709419990116]",0.03135747384602373
2026-09-12,Denver,KXHIGHDEN-26SEP12,1,prev18Z->00Z,prev18Z,00Z,85.0,85.0,3.0,2.0,0.0,-1.0,2026-09-12T01:00:00+00:00,2026-09-12T03:00:00+00:00,2026-09-12T04:00:00+00:00,"[""KXHIGHDEN-26SEP12-B80.5"", ""KXHIGHDEN-26SEP12-B82.5"", ""KXHIGHDEN-26SEP12-B84.5"", ""KXHIGHDEN-26SEP12-B86.5"", ""KXHIGHDEN-26SEP12-T80"", ""KXHIGHDEN-26SEP12-T87""]","[""80\u00b0 to 81\u00b0"", ""82\u00b0 to 83\u00b0"", ""84\u00b0 to 85\u00b0"", ""86\u00b0 to 87\u00b0"", ""79\u00b0 or below"", ""88\u00b0 or above""]","[[80, 81], [82, 83], [84, 85], [86, 87], [null, 79], [88, null]]","[0.08829599698956403, 0.18686503415160566, 0.2576462938849167, 0.2314877864254532, 0.03337650758481725, 0.20232838096364314]","[0.03707939362876256, 0.1865681955130511, 0.3720789733060555, 0.29564390065022095, 0.0029797632350545555, 0.10564977366685535]","[-0.05121660336080147, -0.00029683863855456405, 0.11443267942113877, 0.06415611422476775, -0.030396744349762694, -0.09667860729678779]",0.0301047888608289
2026-09-12,Denver,KXHIGHDEN-26SEP12,2,00Z->06Z,00Z,06Z,85.0,84.0,2.0,3.0,-1.0,1.0,2026-09-12T06:00:00+00:00,2026-09-12T08:00:00+00:00,2026-09-12T09:00:00+00:00,"[""KXHIGHDEN-26SEP12-B80.5"", ""KXHIGHDEN-26SEP12-B82.5"", ""KXHIGHDEN-26SEP12-B84.5"", ""KXHIGHDEN-26SEP12-B86.5"", ""KXHIGHDEN-26SEP12-T80"", ""KXHIGHDEN-26SEP12-T87""]","[""80\u00b0 to 81\u00b0"", ""82\u00b0 to 83\u00b0"", ""84\u00b0 to 85\u00b0"", ""86\u00b0 to 87\u00b0"", ""79\u00b0 or below"", ""88\u00b0 or above""]","[[80, 81], [82, 83], [84, 85], [86, 87], [null, 79], [88, null]]","[0.03707939362876256, 0.1865681955130511, 0.3720789733060555, 0.29564390065022095, 0.0029797632350545555, 0.10564977366685535]","[0.135521179694785, 0.23148778642545326, 0.25764629388491667, 0.1868650341516057, 0.06680720126885809, 0.12167250457438128]","[0.09844178606602244, 0.04491959091240216, -0.11443267942113883, -0.10877886649861523, 0.06382743803380353, 0.01602273090752593]",0.04096690455952479
2026-09-12,NYC,KXHIGHNY-26SEP12,3,06Z->12Z,06Z,12Z,79.0,78.0,2.0,2.0,-1.0,0.0,2026-09-12T13:00:00+00:00,2026-09-12T15:00:00+00:00,2026-09-12T16:00:00+00:00,"[""KXHIGHNY-26SEP12-B75.5"", ""KXHIGHNY-26SEP12-B77.5"", ""KXHIGHNY-26SEP12-B79.5"", ""KXHIGHNY-26SEP12-B81.5"", ""KXHIGHNY-26SEP12-T75"", ""KXHIGHNY-26SEP12-T82""]","[""75\u00b0 to 76\u00b0"", ""77\u00b0 to 78\u00b0"", ""79\u00b0 to 80\u00b0"", ""81\u00b0 to 82\u00b0"", ""74\u00b0 or below"", ""83\u00b0 or above""]","[[75, 76], [77, 78], [79, 80], [81, 82], [null, 74], [83, null]]","[0.09342530101181062, 0.295643900650221, 0.37207897330605544, 0.18656819551305115, 0.012224472655044671, 0.040059156863817114]","[0.1865681955130511, 0.3720789733060555, 0.29564390065022095, 0.09342530101181068, 0.040059156863817114, 0.012224472655044671]","[0.09314289450124047, 0.07643507265583449, -0.07643507265583449, -0.09314289450124047, 0.027834684208772442, -0.027834684208772442]",0.030585377545947992
2026-09-13,Chicago,KXHIGHCHI-26SEP13,2,00Z->06Z,00Z,06Z,76.0,75.0,3.0,2.0,-1.0,-1.0,2026-09-13T07:00:00+00:00,2026-09-13T09:00:00+00:00,2026-09-13T10:00:00+00:00,"[""KXHIGHCHI-26SEP13-B72.5"", ""KXHIGHCHI-26SEP13-B74.5"", ""KXHIGHCHI-26SEP13-B76.5"", ""KXHIGHCHI-26SEP13-B78.5"", ""KXHIGHCHI-26SEP13-T72"", ""KXHIGHCHI-26SEP13-T79""]","[""72\u00b0 to 73\u00b0"", ""74\u00b0 to 75\u00b0"", ""76\u00b0 to 77\u00b0"", ""78\u00b0 to 79\u00b0"", ""71\u00b0 or below"", ""80\u00b0 or above""]","[[72, 73], [74, 75], [76, 77], [78, 79], [null, 71], [80, null]]","[0.135521179694785, 0.23148778642545326, 0.25764629388491667, 0.1868650341516057, 0.06680720126885809, 0.12167250457438128]","[0.1865681955130511, 0.3720789733060555, 0.29564390065022095, 0.09342530101181068, 0.040059156863817114, 0.012224472655044671]","[0.051047015818266095, 0.14059118688060224, 0.03799760676530428, -0.09343973313979503, -0.02674804440504097, -0.10944803191933661]",0.045240811072083706
2026-09-13,Denver,KXHIGHDEN-26SEP13,1,prev18Z->00Z,prev18Z,00Z,93.0,92.0,2.0,2.0,-1.0,0.0,2026-09-13T01:00:00+00:00,2026-09-13T03:00:00+00:00,2026-09-13T04:00:00+00:00,"[""KXHIGHDEN-26SEP13-B89.5"", ""KXHIGHDEN-26SEP13-B91.5"", ""KXHIGHDEN-26SEP13-B93.5"", ""KXHIGHDEN-26SEP13-B95.5"", ""KXHIGHDEN-26SEP13-T89"", ""KXHIGHDEN-26SEP13-T96""]","[""89\u00b0 to 90\u00b0"", ""91\u00b0 to 92\u00b0"", ""93\u00b0 to 94\u00b0"", ""95\u00b0 to 96\u00b0"", ""88\u00b0 or below"", ""97\u00b0 or above""]","[[89, 90], [91, 92], [93, 94], [95, 96], [null, 88], [97, null]]","[0.09342530101181062, 0.295643900650221, 0.37207897330605544, 0.18656819551305115, 0.012224472655044671, 0.040059156863817114]","[0.1865681955130511, 0.3720789733060555, 0.29564390065022095, 0.09342530101181068, 0.040059156863817114, 0.012224472655044671]","[0.09314289450124047, 0.07643507265583449, -0.07643507265583449, -0.09314289450124047, 0.027834684208772442, -0.027834684208772442]",0.030585377545947992
2026-09-13,Denver,KXHIGHDEN-26SEP13,3,06Z->12Z,06Z,12Z,92.0,93.0,2.0,2.0,1.0,0.0,2026-09-13T13:00:00+00:00,2026-09-13T15:00:00+00:00,2026-09-13T16:00:00+00:00,"[""KXHIGHDEN-26SEP13-B89.5"", ""KXHIGHDEN-26SEP13-B91.5"", ""KXHIGHDEN-26SEP13-B93.5"", ""KXHIGHDEN-26SEP13-B95.5"", ""KXHIGHDEN-26SEP13-T89"", ""KXHIGHDEN-26SEP13-T96""]","[""89\u00b0 to 90\u00b0"", ""91\u00b0 to 92\u00b0"", ""93\u00b0 to 94\u00b0"", ""95\u00b0 to 96\u00b0"", ""88\u00b0 or below"", ""97\u00b0 or above""]","[[89, 90], [91, 92], [93, 94], [95, 96], [null, 88], [97, null]]","[0.1865681955130511, 0.3720789733060555, 0.29564390065022095, 0.09342530101181068, 0.040059156863817114, 0.012224472655044671]","[0.09342530101181062, 0.295643900650221, 0.37207897330605544, 0.18656819551305115, 0.012224472655044671, 0.040059156863817114]","[-0.09314289450124047, -0.07643507265583449, 0.07643507265583449, 0.09314289450124047, -0.027834684208772442, 0.027834684208772442]",0.030585377545947992
2026-09-13,NYC,KXHIGHNY-26SEP13,1,prev18Z->00Z,prev18Z,00Z,80.0,80.0,3.0,2.0,0.0,-1.0,2026-09-13T01:00:00+00:00,2026-09-13T03:00:00+00:00,2026-09-13T04:00:00+00:00,"[""KXHIGHNY-26SEP13-B78.5"", ""KXHIGHNY-26SEP13-B80.5"", ""KXHIGHNY-26SEP13-B82.5"", ""KXHIGHNY-26SEP13-B84.5"", ""KXHIGHNY-26SEP13-T78"", ""KXHIGHNY-26SEP13-T85""]","[""78\u00b0 to 79\u00b0"", ""80\u00b0 to 81\u00b0"", ""82\u00b0 to 83\u00b0"", ""84\u00b0 to 85\u00b0"", ""77\u00b0 or below"", ""86\u00b0 or above""]","[[78, 79], [80, 81], [82, 83], [84, 85], [null, 77], [86, null]]","[0.23148778642545326, 0.25764629388491667, 0.1868650341516057, 0.08829599698956403, 0.20232838096364308, 0.03337650758481725]","[0.295643900650221, 0.37207897330605544, 0.18656819551305115, 0.03707939362876256, 0.1056497736668553, 0.0029797632350545555]","[0.06415611422476775, 0.11443267942113877, -0.00029683863855456405, -0.05121660336080147, -0.09667860729678779, -0.030396744349762694]",0.0301047888608289
2026-09-13,NYC,KXHIGHNY-26SEP13,3,06Z->12Z,06Z,12Z,80.0,80.0,2.0,3.0,0.0,1.0,2026-09-13T13:00:00+00:00,2026-09-13T15:00:00+00:00,2026-09-13T16:00:00+00:00,"[""KXHIGHNY-26SEP13-B78.5"", ""KXHIGHNY-26SEP13-B80.5"", ""KXHIGHNY-26SEP13-B82.5"", ""KXHIGHNY-26SEP13-B84.5"", ""KXHIGHNY-26SEP13-T78"", ""KXHIGHNY-26SEP13-T85""]","[""78\u00b0 to 79\u00b0"", ""80\u00b0 to 81\u00b0"", ""82\u00b0 to 83\u00b0"", ""84\u00b0 to 85\u00b0"", ""77\u00b0 or below"", ""86\u00b0 or above""]","[[78, 79], [80, 81], [82, 83], [84, 85], [null, 77], [86, null]]","[0.295643900650221, 0.37207897330605544, 0.18656819551305115, 0.03707939362876256, 0.1056497736668553, 0.0029797632350545555]","[0.23148778642545326, 0.25764629388491667, 0.1868650341516057, 0.08829599698956403, 0.20232838096364308, 0.03337650758481725]","[-0.06415611422476775, -0.11443267942113877, 0.00029683863855456405, 0.05121660336080147, 0.09667860729678779, 0.030396744349762694]",0.0301047888608289
2026-09-14,Denver,KXHIGHDEN-26SEP14,3,06Z->12Z,06Z,12Z,88.0,89.0,2.0,2.0,1.0,0.0,2026-09-14T13:00:00+00:00,2026-09-14T15:00:00+00:00,2026-09-14T16:00:00+00:00,"[""KXHIGHDEN-26SEP14-B83.5"", ""KXHIGHDEN-26SEP14-B85.5"", ""KXHIGHDEN-26SEP14-B87.5"", ""KXHIGHDEN-26SEP14-B89.5"", ""KXHIGHDEN-26SEP14-T83"", ""KXHIGHDEN-26SEP14-T90""]","[""83\u00b0 to 84\u00b0"", ""85\u00b0 to 86\u00b0"", ""87\u00b0 to 88\u00b0"", ""89\u00b0 to 90\u00b0"", ""82\u00b0 or below"", ""91\u00b0 or above""]","[[83, 84], [85, 86], [87, 88], [89, 90], [null, 82], [91, null]]","[0.03707939362876256, 0.1865681955130511, 0.3720789733060555, 0.29564390065022095, 0.0029797632350545555, 0.10564977366685535]","[0.011647447612653905, 0.09342530101181062, 0.295643900650221, 0.37207897330605544, 0.0005770250423907664, 0.22662735237686826]","[-0.025431946016108653, -0.09314289450124047, -0.07643507265583449, 0.07643507265583449, -0.002402738192663789, 0.12097757871001291]",0.035648371039400724
2026-09-14,NYC,KXHIGHNY-26SEP14,2,00Z->06Z,00Z,06Z,75.0,74.0,2.0,1.0,-1.0,-1.0,2026-09-14T07:00:00+00:00,2026-09-14T09:00:00+00:00,2026-09-14T10:00:00+00:00,"[""KXHIGHNY-26SEP14-B74.5"", ""KXHIGHNY-26SEP14-B76.5"", ""KXHIGHNY-26SEP14-B78.5"", ""KXHIGHNY-26SEP14-B80.5"", ""KXHIGHNY-26SEP14-T74"", ""KXHIGHNY-26SEP14-T81""]","[""74\u00b0 to 75\u00b0"", ""76\u00b0 to 77\u00b0"", ""78\u00b0 to 79\u00b0"", ""80\u00b0 to 81\u00b0"", ""73\u00b0 or below"", ""82\u00b0 or above""]","[[74, 75], [76, 77], [78, 79], [80, 81], [null, 73], [82, null]]","[0.3720789733060555, 0.29564390065022095, 0.09342530101181068, 0.011647447612653905, 0.2266273523768682, 0.0005770250423907664]","[0.6246552600051549, 0.06657457218982255, 0.00023261008947306205, 1.8989530503610297e-08, 0.30853753872598694, 3.197442310920451e-14]","[0.25257628669909943, -0.2290693284603984, -0.09319269092233762, -0.011647428623123401, 0.08191018634911873, -0.0005770250423587919]",0.1317976896645275
2026-09-14,NYC,KXHIGHNY-26SEP14,3,06Z->12Z,06Z,12Z,74.0,74.0,1.0,2.0,0.0,1.0,2026-09-14T13:00:00+00:00,2026-09-14T15:00:00+00:00,2026-09-14T16:00:00+00:00,"[""KXHIGHNY-26SEP14-B74.5"", ""KXHIGHNY-26SEP14-B76.5"", ""KXHIGHNY-26SEP14-B78.5"", ""KXHIGHNY-26SEP14-B80.5"", ""KXHIGHNY-26SEP14-T74"", ""KXHIGHNY-26SEP14-T81""]","[""74\u00b0 to 75\u00b0"", ""76\u00b0 to 77\u00b0"", ""78\u00b0 to 79\u00b0"", ""80\u00b0 to 81\u00b0"", ""73\u00b0 or below"", ""82\u00b0 or above""]","[[74, 75], [76, 77], [78, 79], [80, 81], [null, 73], [82, null]]","[0.6246552600051549, 0.06657457218982255, 0.00023261008947306205, 1.8989530503610297e-08, 0.30853753872598694, 3.197442310920451e-14]","[0.37207897330605544, 0.18656819551305115, 0.03707939362876256, 0.002891345949853741, 0.4012936743170763, 8.841728520081471e-05]","[-0.2525762866990995, 0.1199936233232286, 0.036846783539289496, 0.002891326960323237, 0.09275613559108936, 8.841728516884029e-05]",0.0881630039771342
2026-09-15,Chicago,KXHIGHCHI-26SEP15,1,prev18Z->00Z,prev18Z,00Z,85.0,86.0,4.0,4.0,1.0,0.0,2026-09-15T01:00:00+00:00,2026-09-15T03:00:00+00:00,2026-09-15T04:00:00+00:00,"[""KXHIGHCHI-26SEP15-B80.5"", ""KXHIGHCHI-26SEP15-B82.5"", ""KXHIGHCHI-26SEP15-B84.5"", ""KXHIGHCHI-26SEP15-B86.5"", ""KXHIGHCHI-26SEP15-T80"", ""KXHIGHCHI-26SEP15-T87""]","[""80\u00b0 to 81\u00b0"", ""82\u00b0 to 83\u00b0"", ""84\u00b0 to 85\u00b0"", ""86\u00b0 to 87\u00b0"", ""79\u00b0 or below"", ""88\u00b0 or above""]","[[80, 81], [82, 83], [84, 85], [86, 87], [null, 79], [88, null]]","[0.10622123050117488, 0.16304328047476563, 0.19590799150283666, 0.18427624612118654, 0.08456572235133575, 0.26598552904870054]","[0.07821323772158928, 0.1356910119118917, 0.1842762461211866, 0.1959079915028366, 0.05208127941521956, 0.35383023332727626]","[-0.0280079927795856, -0.027352268562873927, -0.011631745381650072, 0.011631745381650072, -0.03248444293611619, 0.08784470427857571]",0.010575120358984183
2026-09-15,Chicago,KXHIGHCHI-26SEP15,2,00Z->06Z,00Z,06Z,86.0,86.0,4.0,3.0,0.0,-1.0,2026-09-15T06:00:00+00:00,2026-09-15T08:00:00+00:00,2026-09-15T09:00:00+00:00,"[""KXHIGHCHI-26SEP15-B80.5"", ""KXHIGHCHI-26SEP15-B82.5"", ""KXHIGHCHI-26SEP15-B84.5"", ""KXHIGHCHI-26SEP15-B86.5"", ""KXHIGHCHI-26SEP15-T80"", ""KXHIGHCHI-26SEP15-T87""]","[""80\u00b0 to 81\u00b0"", ""82\u00b0 to 83\u00b0"", ""84\u00b0 to 85\u00b0"", ""86\u00b0 to 87\u00b0"", ""79\u00b0 or below"", ""88\u00b0 or above""]","[[80, 81], [82, 83], [84, 85], [86, 87], [null, 79], [88, null]]","[0.07821323772158928, 0.1356910119118917, 0.1842762461211866, 0.1959079915028366, 0.05208127941521956, 0.35383023332727626]","[0.05167706125862226, 0.135521179694785, 0.23148778642545326, 0.25764629388491667, 0.015130140010235826, 0.308537538725987]","[-0.02653617646296702, -0.00016983221710670238, 0.047211540304266664, 0.06173830238208006, -0.036951139404983735, -0.04529269460128926]",0.01016155991075044
2026-09-15,Denver,KXHIGHDEN-26SEP15,2,00Z->06Z,00Z,06Z,77.0,75.0,3.0,3.0,-2.0,0.0,2026-09-15T06:00:00+00:00,2026-09-15T08:00:00+00:00,2026-09-15T09:00:00+00:00,"[""KXHIGHDEN-26SEP15-B70.5"", ""KXHIGHDEN-26SEP15-B72.5"", ""KXHIGHDEN-26SEP15-B74.5"", ""KXHIGHDEN-26SEP15-B76.5"", ""KXHIGHDEN-26SEP15-T70"", ""KXHIGHDEN-26SEP15-T77""]","[""70\u00b0 to 71\u00b0"", ""72\u00b0 to 73\u00b0"", ""74\u00b0 to 75\u00b0"", ""76\u00b0 to 77\u00b0"", ""69\u00b0 or below"", ""78\u00b0 or above""]","[[70, 71], [72, 73], [74, 75], [76, 77], [null, 69], [78, null]]","[0.02716684225904109, 0.08829599698956403, 0.18686503415160566, 0.2576462938849167, 0.006209665325776159, 0.43381616738909634]","[0.08829599698956403, 0.18686503415160566, 0.2576462938849167, 0.2314877864254532, 0.03337650758481725, 0.20232838096364314]","[0.06112915473052294, 0.09856903716204163, 0.07078125973331106, -0.02615850745946352, 0.02716684225904109, -0.2314877864254532]",0.07347151546954526
2026-09-15,NYC,KXHIGHNY-26SEP15,2,00Z->06Z,00Z,06Z,71.0,72.0,2.0,2.0,1.0,0.0,2026-09-15T06:00:00+00:00,2026-09-15T08:00:00+00:00,2026-09-15T09:00:00+00:00,"[""KXHIGHNY-26SEP15-B70.5"", ""KXHIGHNY-26SEP15-B72.5"", ""KXHIGHNY-26SEP15-B74.5"", ""KXHIGHNY-26SEP15-B76.5"", ""KXHIGHNY-26SEP15-T70"", ""KXHIGHNY-26SEP15-T77""]","[""70\u00b0 to 71\u00b0"", ""72\u00b0 to 73\u00b0"", ""74\u00b0 to 75\u00b0"", ""76\u00b0 to 77\u00b0"", ""69\u00b0 or below"", ""78\u00b0 or above""]","[[70, 71], [72, 73], [74, 75], [76, 77], [null, 69], [78, null]]","[0.3720789733060555, 0.29564390065022095, 0.09342530101181068, 0.011647447612653905, 0.2266273523768682, 0.0005770250423907664]","[0.295643900650221, 0.37207897330605544, 0.18656819551305115, 0.03707939362876256, 0.1056497736668553, 0.0029797632350545555]","[-0.07643507265583449, 0.07643507265583449, 0.09314289450124047, 0.025431946016108653, -0.12097757871001291, 0.002402738192663789]",0.03564837103940073
2026-09-16,Chicago,KXHIGHCHI-26SEP16,2,00Z->06Z,00Z,06Z,74.0,75.0,3.0,3.0,1.0,0.0,2026-09-16T06:00:00+00:00,2026-09-16T08:00:00+00:00,2026-09-16T09:00:00+00:00,"[""KXHIGHCHI-26SEP16-B71.5"", ""KXHIGHCHI-26SEP16-B73.5"", ""KXHIGHCHI-26SEP16-B75.5"", ""KXHIGHCHI-26SEP16-B77.5"", ""KXHIGHCHI-26SEP16-T71"", ""KXHIGHCHI-26SEP16-T78""]","[""71\u00b0 to 72\u00b0"", ""73\u00b0 to 74\u00b0"", ""75\u00b0 to 76\u00b0"", ""77\u00b0 to 78\u00b0"", ""70\u00b0 or below"", ""79\u00b0 or above""]","[[71, 72], [73, 74], [75, 76], [77, 78], [null, 70], [79, null]]","[0.18686503415160566, 0.2576462938849167, 0.2314877864254532, 0.13552117969478505, 0.12167250457438128, 0.06680720126885809]","[0.135521179694785, 0.23148778642545326, 0.25764629388491667, 0.1868650341516057, 0.06680720126885809, 0.12167250457438128]","[-0.05134385445682066, -0.026158507459463465, 0.026158507459463465, 0.05134385445682066, -0.054865303305523194, 0.054865303305523194]",0.012661320819594086
2026-09-16,Chicago,KXHIGHCHI-26SEP16,3,06Z->12Z,06Z,12Z,75.0,76.0,3.0,2.0,1.0,-1.0,2026-09-16T13:00:00+00:00,2026-09-16T15:00:00+00:00,2026-09-16T16:00:00+00:00,"[""KXHIGHCHI-26SEP16-B71.5"", ""KXHIGHCHI-26SEP16-B73.5"", ""KXHIGHCHI-26SEP16-B75.5"", ""KXHIGHCHI-26SEP16-B77.5"", ""KXHIGHCHI-26SEP16-T71"", ""KXHIGHCHI-26SEP16-T78""]","[""71\u00b0 to 72\u00b0"", ""73\u00b0 to 74\u00b0"", ""75\u00b0 to 76\u00b0"", ""77\u00b0 to 78\u00b0"", ""70\u00b0 or below"", ""79\u00b0 or above""]","[[71, 72], [73, 74], [75, 76], [77, 78], [null, 70], [79, null]]","[0.135521179694785, 0.23148778642545326, 0.25764629388491667, 0.1868650341516057, 0.06680720126885809, 0.12167250457438128]","[0.03707939362876256, 0.1865681955130511, 0.3720789733060555, 0.29564390065022095, 0.0029797632350545555, 0.10564977366685535]","[-0.09844178606602244, -0.04491959091240216, 0.11443267942113883, 0.10877886649861523, -0.06382743803380353, -0.01602273090752593]",0.04096690455952479
2026-09-16,Denver,KXHIGHDEN-26SEP16,2,00Z->06Z,00Z,06Z,82.0,83.0,3.0,3.0,1.0,0.0,2026-09-16T06:00:00+00:00,2026-09-16T08:00:00+00:00,2026-09-16T09:00:00+00:00,"[""KXHIGHDEN-26SEP16-B79.5"", ""KXHIGHDEN-26SEP16-B81.5"", ""KXHIGHDEN-26SEP16-B83.5"", ""KXHIGHDEN-26SEP16-B85.5"", ""KXHIGHDEN-26SEP16-T79"", ""KXHIGHDEN-26SEP16-T86""]","[""79\u00b0 to 80\u00b0"", ""81\u00b0 to 82\u00b0"", ""83\u00b0 to 84\u00b0"", ""85\u00b0 to 86\u00b0"", ""78\u00b0 or below"", ""87\u00b0 or above""]","[[79, 80], [81, 82], [83, 84], [85, 86], [null, 78], [87, null]]","[0.18686503415160566, 0.2576462938849167, 0.2314877864254532, 0.13552117969478505, 0.12167250457438128, 0.06680720126885809]","[0.135521179694785, 0.23148778642545326, 0.25764629388491667, 0.1868650341516057, 0.06680720126885809, 0.12167250457438128]","[-0.05134385445682066, -0.026158507459463465, 0.026158507459463465, 0.05134385445682066, -0.054865303305523194, 0.054865303305523194]",0.012661320819594086
2026-09-16,NYC,KXHIGHNY-26SEP16,1,prev18Z->00Z,prev18Z,00Z,80.0,79.0,2.0,2.0,-1.0,0.0,2026-09-16T01:00:00+00:00,2026-09-16T03:00:00+00:00,2026-09-16T04:00:00+00:00,"[""KXHIGHNY-26SEP16-B75.5"", ""KXHIGHNY-26SEP16-B77.5"", ""KXHIGHNY-26SEP16-B79.5"", ""KXHIGHNY-26SEP16-B81.5"", ""KXHIGHNY-26SEP16-T75"", ""KXHIGHNY-26SEP16-T82""]","[""75\u00b0 to 76\u00b0"", ""77\u00b0 to 78\u00b0"", ""79\u00b0 to 80\u00b0"", ""81\u00b0 to 82\u00b0"", ""74\u00b0 or below"", ""83\u00b0 or above""]","[[75, 76], [77, 78], [79, 80], [81, 82], [null, 74], [83, null]]","[0.03707939362876256, 0.1865681955130511, 0.3720789733060555, 0.29564390065022095, 0.0029797632350545555, 0.10564977366685535]","[0.09342530101181062, 0.295643900650221, 0.37207897330605544, 0.18656819551305115, 0.012224472655044671, 0.040059156863817114]","[0.056345907383048066, 0.10907570513716991, -5.551115123125783e-17, -0.1090757051371698, 0.009244709419990116, -0.06559061680303824]",0.03135747384602373
2026-09-17,Denver,KXHIGHDEN-26SEP17,1,prev18Z->00Z,prev18Z,00Z,84.0,83.0,3.0,3.0,-1.0,0.0,2026-09-17T01:00:00+00:00,2026-09-17T03:00:00+00:00,2026-09-17T04:00:00+00:00,"[""KXHIGHDEN-26SEP17-B75.5"", ""KXHIGHDEN-26SEP17-B77.5"", ""KXHIGHDEN-26SEP17-B79.5"", ""KXHIGHDEN-26SEP17-B81.5"", ""KXHIGHDEN-26SEP17-T75"", ""KXHIGHDEN-26SEP17-T82""]","[""75\u00b0 to 76\u00b0"", ""77\u00b0 to 78\u00b0"", ""79\u00b0 to 80\u00b0"", ""81\u00b0 to 82\u00b0"", ""74\u00b0 or below"", ""83\u00b0 or above""]","[[75, 76], [77, 78], [79, 80], [81, 82], [null, 74], [83, null]]","[0.005438680541306196, 0.02716684225904109, 0.08829599698956403, 0.18686503415160566, 0.0007709847844699635, 0.691462461274013]","[0.01282687387853998, 0.05167706125862226, 0.135521179694785, 0.23148778642545326, 0.002303266131695847, 0.5661838326109037]","[0.007388193337233784, 0.024510218999581168, 0.04722518270522097, 0.0446227522738476, 0.0015322813472258834, -0.12527862866310935]",0.02057382682406675
2026-09-17,Denver,KXHIGHDEN-26SEP17,3,06Z->12Z,06Z,12Z,82.0,84.0,3.0,3.0,2.0,0.0,2026-09-17T13:00:00+00:00,2026-09-17T15:00:00+00:00,2026-09-17T16:00:00+00:00,"[""KXHIGHDEN-26SEP17-B75.5"", ""KXHIGHDEN-26SEP17-B77.5"", ""KXHIGHDEN-26SEP17-B79.5"", ""KXHIGHDEN-26SEP17-B81.5"", ""KXHIGHDEN-26SEP17-T75"", ""KXHIGHDEN-26SEP17-T82""]","[""75\u00b0 to 76\u00b0"", ""77\u00b0 to 78\u00b0"", ""79\u00b0 to 80\u00b0"", ""81\u00b0 to 82\u00b0"", ""74\u00b0 or below"", ""83\u00b0 or above""]","[[75, 76], [77, 78], [79, 80], [81, 82], [null, 74], [83, null]]","[0.02716684225904109, 0.08829599698956403, 0.18686503415160566, 0.2576462938849167, 0.006209665325776159, 0.43381616738909634]","[0.005438680541306196, 0.02716684225904109, 0.08829599698956403, 0.18686503415160566, 0.0007709847844699635, 0.691462461274013]","[-0.021728161717734895, -0.06112915473052294, -0.09856903716204163, -0.07078125973331106, -0.005438680541306196, 0.25764629388491667]",0.08534592038484987
2026-09-17,NYC,KXHIGHNY-26SEP17,3,06Z->12Z,06Z,12Z,81.0,82.0,2.0,2.0,1.0,0.0,2026-09-17T13:00:00+00:00,2026-09-17T15:00:00+00:00,2026-09-17T16:00:00+00:00,"[""KXHIGHNY-26SEP17-B80.5"", ""KXHIGHNY-26SEP17-B82.5"", ""KXHIGHNY-26SEP17-B84.5"", ""KXHIGHNY-26SEP17-B86.5"", ""KXHIGHNY-26SEP17-T80"", ""KXHIGHNY-26SEP17-T87""]","[""80\u00b0 to 81\u00b0"", ""82\u00b0 to 83\u00b0"", ""84\u00b0 to 85\u00b0"", ""86\u00b0 to 87\u00b0"", ""79\u00b0 or below"", ""88\u00b0 or above""]","[[80, 81], [82, 83], [84, 85], [86, 87], [null, 79], [88, null]]","[0.3720789733060555, 0.29564390065022095, 0.09342530101181068, 0.011647447612653905, 0.2266273523768682, 0.0005770250423907664]","[0.295643900650221, 0.37207897330605544, 0.18656819551305115, 0.03707939362876256, 0.1056497736668553, 0.0029797632350545555]","[-0.07643507265583449, 0.07643507265583449, 0.09314289450124047, 0.025431946016108653, -0.12097757871001291, 0.002402738192663789]",0.03564837103940073
2026-09-18,Chicago,KXHIGHCHI-26SEP18,3,06Z->12Z,06Z,12Z,72.0,73.0,2.0,2.0,1.0,0.0,2026-09-18T13:00:00+00:00,2026-09-18T15:00:00+00:00,2026-09-18T16:00:00+00:00,"[""KXHIGHCHI-26SEP18-B70.5"", ""KXHIGHCHI-26SEP18-B72.5"", ""KXHIGHCHI-26SEP18-B74.5"", ""KXHIGHCHI-26SEP18-B76.5"", ""KXHIGHCHI-26SEP18-T70"", ""KXHIGHCHI-26SEP18-T77""]","[""70\u00b0 to 71\u00b0"", ""72\u00b0 to 73\u00b0"", ""74\u00b0 to 75\u00b0"", ""76\u00b0 to 77\u00b0"", ""69\u00b0 or below"", ""78\u00b0 or above""]","[[70, 71], [72, 73], [74, 75], [76, 77], [null, 69], [78, null]]","[0.295643900650221, 0.37207897330605544, 0.18656819551305115, 0.03707939362876256, 0.1056497736668553, 0.0029797632350545555]","[0.1865681955130511, 0.3720789733060555, 0.29564390065022095, 0.09342530101181068, 0.040059156863817114, 0.012224472655044671]","[-0.10907570513716991, 5.551115123125783e-17, 0.1090757051371698, 0.05634590738304812, -0.06559061680303818, 0.009244709419990116]",0.03135747384602373
2026-09-18,Denver,KXHIGHDEN-26SEP18,3,06Z->12Z,06Z,12Z,85.0,86.0,2.0,2.0,1.0,0.0,2026-09-18T13:00:00+00:00,2026-09-18T15:00:00+00:00,2026-09-18T16:00:00+00:00,"[""KXHIGHDEN-26SEP18-B78.5"", ""KXHIGHDEN-26SEP18-B80.5"", ""KXHIGHDEN-26SEP18-B82.5"", ""KXHIGHDEN-26SEP18-B84.5"", ""KXHIGHDEN-26SEP18-T78"", ""KXHIGHDEN-26SEP18-T85""]","[""78\u00b0 to 79\u00b0"", ""80\u00b0 to 81\u00b0"", ""82\u00b0 to 83\u00b0"", ""84\u00b0 to 85\u00b0"", ""77\u00b0 or below"", ""86\u00b0 or above""]","[[78, 79], [80, 81], [82, 83], [84, 85], [null, 77], [86, null]]","[0.002891345949853741, 0.03707939362876256, 0.1865681955130511, 0.3720789733060555, 8.841728520081471e-05, 0.4012936743170763]","[0.0005663365166158618, 0.011647447612653905, 0.09342530101181062, 0.295643900650221, 1.0688525774904534e-05, 0.5987063256829237]","[-0.002325009433237879, -0.025431946016108653, -0.09314289450124047, -0.07643507265583449, -7.772875942591018e-05, 0.1974126513658474]",0.054141869636056474
2026-09-18,NYC,KXHIGHNY-26SEP18,1,prev18Z->00Z,prev18Z,00Z,80.0,81.0,1.0,1.0,1.0,0.0,2026-09-18T01:00:00+00:00,2026-09-18T03:00:00+00:00,2026-09-18T04:00:00+00:00,"[""KXHIGHNY-26SEP18-B80.5"", ""KXHIGHNY-26SEP18-B82.5"", ""KXHIGHNY-26SEP18-B84.5"", ""KXHIGHNY-26SEP18-B86.5"", ""KXHIGHNY-26SEP18-T80"", ""KXHIGHNY-26SEP18-T87""]","[""80\u00b0 to 81\u00b0"", ""82\u00b0 to 83\u00b0"", ""84\u00b0 to 85\u00b0"", ""86\u00b0 to 87\u00b0"", ""79\u00b0 or below"", ""88\u00b0 or above""]","[[80, 81], [82, 83], [84, 85], [86, 87], [null, 79], [88, null]]","[0.6246552600051549, 0.06657457218982255, 0.00023261008947306205, 1.8989530503610297e-08, 0.30853753872598694, 3.197442310920451e-14]","[0.6246552600051549, 0.30232787340021083, 0.0062062676526514204, 3.397632964752262e-06, 0.06680720126885809, 4.0159986447463325e-11]","[0.0, 0.2357533012103883, 0.005973657563178358, 3.3786434342486515e-06, -0.24173033745712885, 4.012801202435412e-11]",0.1140488596748308
2026-09-19,Chicago,KXHIGHCHI-26SEP19,1,prev18Z->00Z,prev18Z,00Z,77.0,77.0,7.0,6.0,0.0,-1.0,2026-09-19T01:00:00+00:00,2026-09-19T03:00:00+00:00,2026-09-19T04:00:00+00:00,"[""KXHIGHCHI-26SEP19-B72.5"", ""KXHIGHCHI-26SEP19-B74.5"", ""KXHIGHCHI-26SEP19-B76.5"", ""KXHIGHCHI-26SEP19-B78.5"", ""KXHIGHCHI-26SEP19-T72"", ""KXHIGHCHI-26SEP19-T79""]","[""72\u00b0 to 73\u00b0"", ""74\u00b0 to 75\u00b0"", ""76\u00b0 to 77\u00b0"", ""78\u00b0 to 79\u00b0"", ""71\u00b0 or below"", ""80\u00b0 or above""]","[[72, 73], [74, 75], [76, 77], [78, 79], [null, 71], [80, null]]","[0.09252009272348322, 0.10662459010191072, 0.11330953568858088, 0.11103590453268608, 0.21601744600250372, 0.3604924309508354]","[0.10017579443492042, 0.12145921071737054, 0.13191307753554604, 0.12833212863668797, 0.17965866916478535, 0.3384611195106897]","[0.007655701711437202, 0.014834620615459815, 0.018603541846965166, 0.01729622410400189, -0.036358776837718376, -0.022031311440145696]",0.002731266211914469
2026-09-19,Chicago,KXHIGHCHI-26SEP19,3,06Z->12Z,06Z,12Z,77.0,77.0,6.0,5.0,0.0,-1.0,2026-09-19T13:00:00+00:00,2026-09-19T15:00:00+00:00,2026-09-19T16:00:00+00:00,"[""KXHIGHCHI-26SEP19-B72.5"", ""KXHIGHCHI-26SEP19-B74.5"", ""KXHIGHCHI-26SEP19-B76.5"", ""KXHIGHCHI-26SEP19-B78.5"", ""KXHIGHCHI-26SEP19-T72"", ""KXHIGHCHI-26SEP19-T79""]","[""72\u00b0 to 73\u00b0"", ""74\u00b0 to 75\u00b0"", ""76\u00b0 to 77\u00b0"", ""78\u00b0 to 79\u00b0"", ""71\u00b0 or below"", ""80\u00b0 or above""]","[[72, 73], [74, 75], [76, 77], [78, 79], [null, 71], [80, null]]","[0.10017579443492042, 0.12145921071737054, 0.13191307753554604, 0.12833212863668797, 0.17965866916478535, 0.3384611195106897]","[0.10629759127669036, 0.14012492558797435, 0.1577392594659816, 0.15163462399698402, 0.13566606094638267, 0.308537538725987]","[0.006121796841769944, 0.01866571487060381, 0.025826181930435566, 0.02330249536029605, -0.04399260821840267, -0.029923580784702697]",0.004426653536159659
2026-09-19,Denver,KXHIGHDEN-26SEP19,3,06Z->12Z,06Z,12Z,76.0,77.0,3.0,2.0,1.0,-1.0,2026-09-19T13:00:00+00:00,2026-09-19T15:00:00+00:00,2026-09-19T16:00:00+00:00,"[""KXHIGHDEN-26SEP19-B73.5"", ""KXHIGHDEN-26SEP19-B75.5"", ""KXHIGHDEN-26SEP19-B77.5"", ""KXHIGHDEN-26SEP19-B79.5"", ""KXHIGHDEN-26SEP19-T73"", ""KXHIGHDEN-26SEP19-T80""]","[""73\u00b0 to 74\u00b0"", ""75\u00b0 to 76\u00b0"", ""77\u00b0 to 78\u00b0"", ""79\u00b0 to 80\u00b0"", ""72\u00b0 or below"", ""81\u00b0 or above""]","[[73, 74], [75, 76], [77, 78], [79, 80], [null, 72], [81, null]]","[0.18686503415160566, 0.2576462938849167, 0.2314877864254532, 0.13552117969478505, 0.12167250457438128, 0.06680720126885809]","[0.09342530101181062, 0.295643900650221, 0.37207897330605544, 0.18656819551305115, 0.012224472655044671, 0.040059156863817114]","[-0.09343973313979503, 0.03799760676530428, 0.14059118688060224, 0.051047015818266095, -0.10944803191933661, -0.02674804440504097]",0.045240811072083706
2026-09-20,Chicago,KXHIGHCHI-26SEP20,1,prev18Z->00Z,prev18Z,00Z,69.0,70.0,1.0,2.0,1.0,1.0,2026-09-20T01:00:00+00:00,2026-09-20T03:00:00+00:00,2026-09-20T04:00:00+00:00,"[""KXHIGHCHI-26SEP20-B69.5"", ""KXHIGHCHI-26SEP20-B71.5"", ""KXHIGHCHI-26SEP20-B73.5"", ""KXHIGHCHI-26SEP20-B75.5"", ""KXHIGHCHI-26SEP20-T69"", ""KXHIGHCHI-26SEP20-T76""]","[""69\u00b0 to 70\u00b0"", ""71\u00b0 to 72\u00b0"", ""73\u00b0 to 74\u00b0"", ""75\u00b0 to 76\u00b0"", ""68\u00b0 or below"", ""77\u00b0 or above""]","[[69, 70], [71, 72], [73, 74], [75, 76], [null, 68], [77, null]]","[0.6246552600051549, 0.06657457218982255, 0.00023261008947306205, 1.8989530503610297e-08, 0.30853753872598694, 3.197442310920451e-14]","[0.3720789733060555, 0.29564390065022095, 0.09342530101181068, 0.011647447612653905, 0.2266273523768682, 0.0005770250423907664]","[-0.25257628669909943, 0.2290693284603984, 0.09319269092233762, 0.011647428623123401, -0.08191018634911873, 0.0005770250423587919]",0.1317976896645275
2026-09-20,Chicago,KXHIGHCHI-26SEP20,2,00Z->06Z,00Z,06Z,70.0,69.0,2.0,2.0,-1.0,0.0,2026-09-20T06:00:00+00:00,2026-09-20T08:00:00+00:00,2026-09-20T09:00:00+00:00,"[""KXHIGHCHI-26SEP20-B69.5"", ""KXHIGHCHI-26SEP20-B71.5"", ""KXHIGHCHI-26SEP20-B73.5"", ""KXHIGHCHI-26SEP20-B75.5"", ""KXHIGHCHI-26SEP20-T69"", ""KXHIGHCHI-26SEP20-T76""]","[""69\u00b0 to 70\u00b0"", ""71\u00b0 to 72\u00b0"", ""73\u00b0 to 74\u00b0"", ""75\u00b0 to 76\u00b0"", ""68\u00b0 or below"", ""77\u00b0 or above""]","[[69, 70], [71, 72], [73, 74], [75, 76], [null, 68], [77, null]]","[0.3720789733060555, 0.29564390065022095, 0.09342530101181068, 0.011647447612653905, 0.2266273523768682, 0.0005770250423907664]","[0.37207897330605544, 0.18656819551305115, 0.03707939362876256, 0.002891345949853741, 0.4012936743170763, 8.841728520081471e-05]","[-5.551115123125783e-17, -0.1090757051371698, -0.05634590738304812, -0.008756101662800164, 0.1746663219402081, -0.0004886077571899516]",0.045657602803979944
2026-09-20,Chicago,KXHIGHCHI-26SEP20,3,06Z->12Z,06Z,12Z,69.0,70.0,2.0,2.0,1.0,0.0,2026-09-20T13:00:00+00:00,2026-09-20T15:00:00+00:00,2026-09-20T16:00:00+00:00,"[""KXHIGHCHI-26SEP20-B69.5"", ""KXHIGHCHI-26SEP20-B71.5"", ""KXHIGHCHI-26SEP20-B73.5"", ""KXHIGHCHI-26SEP20-B75.5"", ""KXHIGHCHI-26SEP20-T69"", ""KXHIGHCHI-26SEP20-T76""]","[""69\u00b0 to 70\u00b0"", ""71\u00b0 to 72\u00b0"", ""73\u00b0 to 74\u00b0"", ""75\u00b0 to 76\u00b0"", ""68\u00b0 or below"", ""77\u00b0 or above""]","[[69, 70], [71, 72], [73, 74], [75, 76], [null, 68], [77, null]]","[0.37207897330605544, 0.18656819551305115, 0.03707939362876256, 0.002891345949853741, 0.4012936743170763, 8.841728520081471e-05]","[0.3720789733060555, 0.29564390065022095, 0.09342530101181068, 0.011647447612653905, 0.2266273523768682, 0.0005770250423907664]","[5.551115123125783e-17, 0.1090757051371698, 0.05634590738304812, 0.008756101662800164, -0.1746663219402081, 0.0004886077571899516]",0.045657602803979944
2026-09-20,Denver,KXHIGHDEN-26SEP20,1,prev18Z->00Z,prev18Z,00Z,71.0,72.0,3.0,2.0,1.0,-1.0,2026-09-20T01:00:00+00:00,2026-09-20T03:00:00+00:00,2026-09-20T04:00:00+00:00,"[""KXHIGHDEN-26SEP20-B67.5"", ""KXHIGHDEN-26SEP20-B69.5"", ""KXHIGHDEN-26SEP20-B71.5"", ""KXHIGHDEN-26SEP20-B73.5"", ""KXHIGHDEN-26SEP20-T67"", ""KXHIGHDEN-26SEP20-T74""]","[""67\u00b0 to 68\u00b0"", ""69\u00b0 to 70\u00b0"", ""71\u00b0 to 72\u00b0"", ""73\u00b0 to 74\u00b0"", ""66\u00b0 or below"", ""75\u00b0 or above""]","[[67, 68], [69, 70], [71, 72], [73, 74], [null, 66], [75, null]]","[0.135521179694785, 0.23148778642545326, 0.25764629388491667, 0.1868650341516057, 0.06680720126885809, 0.12167250457438128]","[0.03707939362876256, 0.1865681955130511, 0.3720789733060555, 0.29564390065022095, 0.0029797632350545555, 0.10564977366685535]","[-0.09844178606602244, -0.04491959091240216, 0.11443267942113883, 0.10877886649861523, -0.06382743803380353, -0.01602273090752593]",0.04096690455952479
2026-09-20,Denver,KXHIGHDEN-26SEP20,3,06Z->12Z,06Z,12Z,72.0,73.0,2.0,3.0,1.0,1.0,2026-09-20T13:00:00+00:00,2026-09-20T15:00:00+00:00,2026-09-20T16:00:00+00:00,"[""KXHIGHDEN-26SEP20-B67.5"", ""KXHIGHDEN-26SEP20-B69.5"", ""KXHIGHDEN-26SEP20-B71.5"", ""KXHIGHDEN-26SEP20-B73.5"", ""KXHIGHDEN-26SEP20-T67"", ""KXHIGHDEN-26SEP20-T74""]","[""67\u00b0 to 68\u00b0"", ""69\u00b0 to 70\u00b0"", ""71\u00b0 to 72\u00b0"", ""73\u00b0 to 74\u00b0"", ""66\u00b0 or below"", ""75\u00b0 or above""]","[[67, 68], [69, 70], [71, 72], [73, 74], [null, 66], [75, null]]","[0.03707939362876256, 0.1865681955130511, 0.3720789733060555, 0.29564390065022095, 0.0029797632350545555, 0.10564977366685535]","[0.05167706125862226, 0.135521179694785, 0.23148778642545326, 0.25764629388491667, 0.015130140010235826, 0.308537538725987]","[0.0145976676298597, -0.051047015818266095, -0.14059118688060224, -0.03799760676530428, 0.01215037677518127, 0.20288776505913164]",0.06533966653903754
2026-09-20,NYC,KXHIGHNY-26SEP20,2,00Z->06Z,00Z,06Z,71.0,70.0,4.0,3.0,-1.0,-1.0,2026-09-20T06:00:00+00:00,2026-09-20T08:00:00+00:00,2026-09-20T09:00:00+00:00,"[""KXHIGHNY-26SEP20-B71.5"", ""KXHIGHNY-26SEP20-B73.5"", ""KXHIGHNY-26SEP20-B75.5"", ""KXHIGHNY-26SEP20-B77.5"", ""KXHIGHNY-26SEP20-T71"", ""KXHIGHNY-26SEP20-T78""]","[""71\u00b0 to 72\u00b0"", ""73\u00b0 to 74\u00b0"", ""75\u00b0 to 76\u00b0"", ""77\u00b0 to 78\u00b0"", ""70\u00b0 or below"", ""79\u00b0 or above""]","[[71, 72], [73, 74], [75, 76], [77, 78], [null, 70], [79, null]]","[0.1959079915028366, 0.16304328047476568, 0.10622123050117482, 0.054169360586074355, 0.45026177516988714, 0.030396361765261393]","[0.2314877864254532, 0.13552117969478505, 0.05167706125862226, 0.01282687387853998, 0.5661838326109037, 0.002303266131695847]","[0.03557979492261659, -0.02752210077998063, -0.054544169242552565, -0.041342486707534376, 0.11592205744101652, -0.028093095633565546]",0.02093480086723673
2026-09-20,NYC,KXHIGHNY-26SEP20,3,06Z->12Z,06Z,12Z,70.0,71.0,3.0,3.0,1.0,0.0,2026-09-20T13:00:00+00:00,2026-09-20T15:00:00+00:00,2026-09-20T16:00:00+00:00,"[""KXHIGHNY-26SEP20-B71.5"", ""KXHIGHNY-26SEP20-B73.5"", ""KXHIGHNY-26SEP20-B75.5"", ""KXHIGHNY-26SEP20-B77.5"", ""KXHIGHNY-26SEP20-T71"", ""KXHIGHNY-26SEP20-T78""]","[""71\u00b0 to 72\u00b0"", ""73\u00b0 to 74\u00b0"", ""75\u00b0 to 76\u00b0"", ""77\u00b0 to 78\u00b0"", ""70\u00b0 or below"", ""79\u00b0 or above""]","[[71, 72], [73, 74], [75, 76], [77, 78], [null, 70], [79, null]]","[0.2314877864254532, 0.13552117969478505, 0.05167706125862226, 0.01282687387853998, 0.5661838326109037, 0.002303266131695847]","[0.25764629388491667, 0.1868650341516057, 0.08829599698956403, 0.02716684225904109, 0.43381616738909634, 0.006209665325776159]","[0.026158507459463465, 0.05134385445682066, 0.03661893573094177, 0.014339968380501111, -0.13236766522180732, 0.003906399194080312]",0.022403498801146574
2026-09-21,Denver,KXHIGHDEN-26SEP21,1,prev18Z->00Z,prev18Z,00Z,74.0,74.0,2.0,1.0,0.0,-1.0,2026-09-21T01:00:00+00:00,2026-09-21T03:00:00+00:00,2026-09-21T04:00:00+00:00,"[""KXHIGHDEN-26SEP21-B70.5"", ""KXHIGHDEN-26SEP21-B72.5"", ""KXHIGHDEN-26SEP21-B74.5"", ""KXHIGHDEN-26SEP21-B76.5"", ""KXHIGHDEN-26SEP21-T70"", ""KXHIGHDEN-26SEP21-T77""]","[""70\u00b0 to 71\u00b0"", ""72\u00b0 to 73\u00b0"", ""74\u00b0 to 75\u00b0"", ""76\u00b0 to 77\u00b0"", ""69\u00b0 or below"", ""78\u00b0 or above""]","[[70, 71], [72, 73], [74, 75], [76, 77], [null, 69], [78, null]]","[0.09342530101181062, 0.295643900650221, 0.37207897330605544, 0.18656819551305115, 0.012224472655044671, 0.040059156863817114]","[0.0062062676526514204, 0.3023278734002108, 0.6246552600051549, 0.06657457218982255, 3.3976731247387093e-06, 0.0002326290790355401]","[-0.0872190333591592, 0.006683972749989775, 0.2525762866990995, -0.1199936233232286, -0.012221074981919933, -0.039826527784781574]",0.087580592501877
2026-09-21,Denver,KXHIGHDEN-26SEP21,2,00Z->06Z,00Z,06Z,74.0,74.0,1.0,2.0,0.0,1.0,2026-09-21T06:00:00+00:00,2026-09-21T08:00:00+00:00,2026-09-21T09:00:00+00:00,"[""KXHIGHDEN-26SEP21-B70.5"", ""KXHIGHDEN-26SEP21-B72.5"", ""KXHIGHDEN-26SEP21-B74.5"", ""KXHIGHDEN-26SEP21-B76.5"", ""KXHIGHDEN-26SEP21-T70"", ""KXHIGHDEN-26SEP21-T77""]","[""70\u00b0 to 71\u00b0"", ""72\u00b0 to 73\u00b0"", ""74\u00b0 to 75\u00b0"", ""76\u00b0 to 77\u00b0"", ""69\u00b0 or below"", ""78\u00b0 or above""]","[[70, 71], [72, 73], [74, 75], [76, 77], [null, 69], [78, null]]","[0.0062062676526514204, 0.3023278734002108, 0.6246552600051549, 0.06657457218982255, 3.3976731247387093e-06, 0.0002326290790355401]","[0.09342530101181062, 0.295643900650221, 0.37207897330605544, 0.18656819551305115, 0.012224472655044671, 0.040059156863817114]","[0.0872190333591592, -0.006683972749989775, -0.2525762866990995, 0.1199936233232286, 0.012221074981919933, 0.039826527784781574]",0.087580592501877
2026-09-21,Denver,KXHIGHDEN-26SEP21,3,06Z->12Z,06Z,12Z,74.0,75.0,2.0,2.0,1.0,0.0,2026-09-21T13:00:00+00:00,2026-09-21T15:00:00+00:00,2026-09-21T16:00:00+00:00,"[""KXHIGHDEN-26SEP21-B70.5"", ""KXHIGHDEN-26SEP21-B72.5"", ""KXHIGHDEN-26SEP21-B74.5"", ""KXHIGHDEN-26SEP21-B76.5"", ""KXHIGHDEN-26SEP21-T70"", ""KXHIGHDEN-26SEP21-T77""]","[""70\u00b0 to 71\u00b0"", ""72\u00b0 to 73\u00b0"", ""74\u00b0 to 75\u00b0"", ""76\u00b0 to 77\u00b0"", ""69\u00b0 or below"", ""78\u00b0 or above""]","[[70, 71], [72, 73], [74, 75], [76, 77], [null, 69], [78, null]]","[0.09342530101181062, 0.295643900650221, 0.37207897330605544, 0.18656819551305115, 0.012224472655044671, 0.040059156863817114]","[0.03707939362876256, 0.1865681955130511, 0.3720789733060555, 0.29564390065022095, 0.0029797632350545555, 0.10564977366685535]","[-0.056345907383048066, -0.10907570513716991, 5.551115123125783e-17, 0.1090757051371698, -0.009244709419990116, 0.06559061680303824]",0.03135747384602373
2026-09-21,NYC,KXHIGHNY-26SEP21,2,00Z->06Z,00Z,06Z,70.0,71.0,3.0,3.0,1.0,0.0,2026-09-21T06:00:00+00:00,2026-09-21T08:00:00+00:00,2026-09-21T09:00:00+00:00,"[""KXHIGHNY-26SEP21-B66.5"", ""KXHIGHNY-26SEP21-B68.5"", ""KXHIGHNY-26SEP21-B70.5"", ""KXHIGHNY-26SEP21-B72.5"", ""KXHIGHNY-26SEP21-T66"", ""KXHIGHNY-26SEP21-T73""]","[""66\u00b0 to 67\u00b0"", ""68\u00b0 to 69\u00b0"", ""70\u00b0 to 71\u00b0"", ""72\u00b0 to 73\u00b0"", ""65\u00b0 or below"", ""74\u00b0 or above""]","[[66, 67], [68, 69], [70, 71], [72, 73], [null, 65], [74, null]]","[0.135521179694785, 0.23148778642545326, 0.25764629388491667, 0.1868650341516057, 0.06680720126885809, 0.12167250457438128]","[0.08829599698956403, 0.18686503415160566, 0.2576462938849167, 0.2314877864254532, 0.03337650758481725, 0.20232838096364314]","[-0.04722518270522097, -0.0446227522738476, 5.551115123125783e-17, 0.04462275227384749, -0.033430693684040835, 0.08065587638926186]",0.013835579598843888
2026-09-21,NYC,KXHIGHNY-26SEP21,3,06Z->12Z,06Z,12Z,71.0,73.0,3.0,2.0,2.0,-1.0,2026-09-21T13:00:00+00:00,2026-09-21T15:00:00+00:00,2026-09-21T16:00:00+00:00,"[""KXHIGHNY-26SEP21-B66.5"", ""KXHIGHNY-26SEP21-B68.5"", ""KXHIGHNY-26SEP21-B70.5"", ""KXHIGHNY-26SEP21-B72.5"", ""KXHIGHNY-26SEP21-T66"", ""KXHIGHNY-26SEP21-T73""]","[""66\u00b0 to 67\u00b0"", ""68\u00b0 to 69\u00b0"", ""70\u00b0 to 71\u00b0"", ""72\u00b0 to 73\u00b0"", ""65\u00b0 or below"", ""74\u00b0 or above""]","[[66, 67], [68, 69], [70, 71], [72, 73], [null, 65], [74, null]]","[0.08829599698956403, 0.18686503415160566, 0.2576462938849167, 0.2314877864254532, 0.03337650758481725, 0.20232838096364314]","[0.002891345949853741, 0.03707939362876256, 0.1865681955130511, 0.3720789733060555, 8.841728520081471e-05, 0.4012936743170763]","[-0.08540465103971029, -0.1497856405228431, -0.07107809837186563, 0.1405911868806023, -0.033288090299616435, 0.19896529335343316]",0.09524295533772324
2026-09-22,Chicago,KXHIGHCHI-26SEP22,3,06Z->12Z,06Z,12Z,63.0,65.0,2.0,2.0,2.0,0.0,2026-09-22T13:00:00+00:00,2026-09-22T15:00:00+00:00,2026-09-22T16:00:00+00:00,"[""KXHIGHCHI-26SEP22-B62.5"", ""KXHIGHCHI-26SEP22-B64.5"", ""KXHIGHCHI-26SEP22-B66.5"", ""KXHIGHCHI-26SEP22-B68.5"", ""KXHIGHCHI-26SEP22-T62"", ""KXHIGHCHI-26SEP22-T69""]","[""62\u00b0 to 63\u00b0"", ""64\u00b0 to 65\u00b0"", ""66\u00b0 to 67\u00b0"", ""68\u00b0 to 69\u00b0"", ""61\u00b0 or below"", ""70\u00b0 or above""]","[[62, 63], [64, 65], [66, 67], [68, 69], [null, 61], [70, null]]","[0.3720789733060555, 0.29564390065022095, 0.09342530101181068, 0.011647447612653905, 0.2266273523768682, 0.0005770250423907664]","[0.1865681955130511, 0.3720789733060555, 0.29564390065022095, 0.09342530101181068, 0.040059156863817114, 0.012224472655044671]","[-0.1855107777930044, 0.07643507265583455, 0.20221859963841027, 0.08177785339915677, -0.1865681955130511, 0.011647447612653905]",0.12277990296844737
2026-09-22,NYC,KXHIGHNY-26SEP22,3,06Z->12Z,06Z,12Z,64.0,67.0,3.0,3.0,3.0,0.0,2026-09-22T13:00:00+00:00,2026-09-22T15:00:00+00:00,2026-09-22T16:00:00+00:00,"[""KXHIGHNY-26SEP22-B63.5"", ""KXHIGHNY-26SEP22-B65.5"", ""KXHIGHNY-26SEP22-B67.5"", ""KXHIGHNY-26SEP22-B69.5"", ""KXHIGHNY-26SEP22-T63"", ""KXHIGHNY-26SEP22-T70""]","[""63\u00b0 to 64\u00b0"", ""65\u00b0 to 66\u00b0"", ""67\u00b0 to 68\u00b0"", ""69\u00b0 to 70\u00b0"", ""62\u00b0 or below"", ""71\u00b0 or above""]","[[63, 64], [65, 66], [67, 68], [69, 70], [null, 62], [71, null]]","[0.2576462938849167, 0.2314877864254532, 0.13552117969478505, 0.05167706125862226, 0.30853753872598694, 0.015130140010235826]","[0.135521179694785, 0.23148778642545326, 0.25764629388491667, 0.1868650341516057, 0.06680720126885809, 0.12167250457438128]","[-0.12212511419013172, 5.551115123125783e-17, 0.12212511419013161, 0.13518797289298345, -0.24173033745712885, 0.10654236456414545]",0.11788970654087609
2026-09-23,Chicago,KXHIGHCHI-26SEP23,1,prev18Z->00Z,prev18Z,00Z,67.0,66.0,2.0,2.0,-1.0,0.0,2026-09-23T01:00:00+00:00,2026-09-23T03:00:00+00:00,2026-09-23T04:00:00+00:00,"[""KXHIGHCHI-26SEP23-B63.5"", ""KXHIGHCHI-26SEP23-B65.5"", ""KXHIGHCHI-26SEP23-B67.5"", ""KXHIGHCHI-26SEP23-B69.5"", ""KXHIGHCHI-26SEP23-T63"", ""KXHIGHCHI-26SEP23-T70""]","[""63\u00b0 to 64\u00b0"", ""65\u00b0 to 66\u00b0"", ""67\u00b0 to 68\u00b0"", ""69\u00b0 to 70\u00b0"", ""62\u00b0 or below"", ""71\u00b0 or above""]","[[63, 64], [65, 66], [67, 68], [69, 70], [null, 62], [71, null]]","[0.09342530101181062, 0.295643900650221, 0.37207897330605544, 0.18656819551305115, 0.012224472655044671, 0.040059156863817114]","[0.1865681955130511, 0.3720789733060555, 0.29564390065022095, 0.09342530101181068, 0.040059156863817114, 0.012224472655044671]","[0.09314289450124047, 0.07643507265583449, -0.07643507265583449, -0.09314289450124047, 0.027834684208772442, -0.027834684208772442]",0.030585377545947992
2026-09-23,Chicago,KXHIGHCHI-26SEP23,3,06Z->12Z,06Z,12Z,66.0,68.0,2.0,3.0,2.0,1.0,2026-09-23T13:00:00+00:00,2026-09-23T15:00:00+00:00,2026-09-23T16:00:00+00:00,"[""KXHIGHCHI-26SEP23-B63.5"", ""KXHIGHCHI-26SEP23-B65.5"", ""KXHIGHCHI-26SEP23-B67.5"", ""KXHIGHCHI-26SEP23-B69.5"", ""KXHIGHCHI-26SEP23-T63"", ""KXHIGHCHI-26SEP23-T70""]","[""63\u00b0 to 64\u00b0"", ""65\u00b0 to 66\u00b0"", ""67\u00b0 to 68\u00b0"", ""69\u00b0 to 70\u00b0"", ""62\u00b0 or below"", ""71\u00b0 or above""]","[[63, 64], [65, 66], [67, 68], [69, 70], [null, 62], [71, null]]","[0.1865681955130511, 0.3720789733060555, 0.29564390065022095, 0.09342530101181068, 0.040059156863817114, 0.012224472655044671]","[0.08829599698956403, 0.18686503415160566, 0.2576462938849167, 0.2314877864254532, 0.03337650758481725, 0.20232838096364314]","[-0.09827219852348706, -0.18521393915444984, -0.037997606765304226, 0.13806248541364252, -0.006682649278999864, 0.19010390830859847]",0.10065085001382099
2026-09-23,Denver,KXHIGHDEN-26SEP23,2,00Z->06Z,00Z,06Z,79.0,78.0,2.0,2.0,-1.0,0.0,2026-09-23T06:00:00+00:00,2026-09-23T08:00:00+00:00,2026-09-23T09:00:00+00:00,"[""KXHIGHDEN-26SEP23-B76.5"", ""KXHIGHDEN-26SEP23-B78.5"", ""KXHIGHDEN-26SEP23-B80.5"", ""KXHIGHDEN-26SEP23-B82.5"", ""KXHIGHDEN-26SEP23-T76"", ""KXHIGHDEN-26SEP23-T83""]","[""76\u00b0 to 77\u00b0"", ""78\u00b0 to 79\u00b0"", ""80\u00b0 to 81\u00b0"", ""82\u00b0 to 83\u00b0"", ""75\u00b0 or below"", ""84\u00b0 or above""]","[[76, 77], [78, 79], [80, 81], [82, 83], [null, 75], [84, null]]","[0.1865681955130511, 0.3720789733060555, 0.29564390065022095, 0.09342530101181068, 0.040059156863817114, 0.012224472655044671]","[0.295643900650221, 0.37207897330605544, 0.18656819551305115, 0.03707939362876256, 0.1056497736668553, 0.0029797632350545555]","[0.10907570513716991, -5.551115123125783e-17, -0.1090757051371698, -0.05634590738304812, 0.06559061680303818, -0.009244709419990116]",0.03135747384602373
2026-09-23,Denver,KXHIGHDEN-26SEP23,3,06Z->12Z,06Z,12Z,78.0,80.0,2.0,2.0,2.0,0.0,2026-09-23T13:00:00+00:00,2026-09-23T15:00:00+00:00,2026-09-23T16:00:00+00:00,"[""KXHIGHDEN-26SEP23-B76.5"", ""KXHIGHDEN-26SEP23-B78.5"", ""KXHIGHDEN-26SEP23-B80.5"", ""KXHIGHDEN-26SEP23-B82.5"", ""KXHIGHDEN-26SEP23-T76"", ""KXHIGHDEN-26SEP23-T83""]","[""76\u00b0 to 77\u00b0"", ""78\u00b0 to 79\u00b0"", ""80\u00b0 to 81\u00b0"", ""82\u00b0 to 83\u00b0"", ""75\u00b0 or below"", ""84\u00b0 or above""]","[[76, 77], [78, 79], [80, 81], [82, 83], [null, 75], [84, null]]","[0.295643900650221, 0.37207897330605544, 0.18656819551305115, 0.03707939362876256, 0.1056497736668553, 0.0029797632350545555]","[0.09342530101181062, 0.295643900650221, 0.37207897330605544, 0.18656819551305115, 0.012224472655044671, 0.040059156863817114]","[-0.20221859963841038, -0.07643507265583444, 0.1855107777930043, 0.1494888018842886, -0.09342530101181062, 0.03707939362876256]",0.11359900123881203
2026-09-23,NYC,KXHIGHNY-26SEP23,3,06Z->12Z,06Z,12Z,67.0,69.0,2.0,2.0,2.0,0.0,2026-09-23T13:00:00+00:00,2026-09-23T15:00:00+00:00,2026-09-23T16:00:00+00:00,"[""KXHIGHNY-26SEP23-B65.5"", ""KXHIGHNY-26SEP23-B67.5"", ""KXHIGHNY-26SEP23-B69.5"", ""KXHIGHNY-26SEP23-B71.5"", ""KXHIGHNY-26SEP23-T65"", ""KXHIGHNY-26SEP23-T72""]","[""65\u00b0 to 66\u00b0"", ""67\u00b0 to 68\u00b0"", ""69\u00b0 to 70\u00b0"", ""71\u00b0 to 72\u00b0"", ""64\u00b0 or below"", ""73\u00b0 or above""]","[[65, 66], [67, 68], [69, 70], [71, 72], [null, 64], [73, null]]","[0.295643900650221, 0.37207897330605544, 0.18656819551305115, 0.03707939362876256, 0.1056497736668553, 0.0029797632350545555]","[0.09342530101181062, 0.295643900650221, 0.37207897330605544, 0.18656819551305115, 0.012224472655044671, 0.040059156863817114]","[-0.20221859963841038, -0.07643507265583444, 0.1855107777930043, 0.1494888018842886, -0.09342530101181062, 0.03707939362876256]",0.11359900123881203
2026-09-24,Chicago,KXHIGHCHI-26SEP24,3,06Z->12Z,06Z,12Z,69.0,72.0,2.0,1.0,3.0,-1.0,2026-09-24T16:00:00+00:00,2026-09-24T18:00:00+00:00,2026-09-24T19:00:00+00:00,"[""KXHIGHCHI-26SEP24-B66.5"", ""KXHIGHCHI-26SEP24-B68.5"", ""KXHIGHCHI-26SEP24-B70.5"", ""KXHIGHCHI-26SEP24-B72.5"", ""KXHIGHCHI-26SEP24-T66"", ""KXHIGHCHI-26SEP24-T73""]","[""66\u00b0 to 67\u00b0"", ""68\u00b0 to 69\u00b0"", ""70\u00b0 to 71\u00b0"", ""72\u00b0 to 73\u00b0"", ""65\u00b0 or below"", ""74\u00b0 or above""]","[[66, 67], [68, 69], [70, 71], [72, 73], [null, 65], [74, null]]","[0.1865681955130511, 0.3720789733060555, 0.29564390065022095, 0.09342530101181068, 0.040059156863817114, 0.012224472655044671]","[3.397632964752262e-06, 0.0062062676526514204, 0.3023278734002108, 0.6246552600051549, 4.0159986447463325e-11, 0.06680720126885809]","[-0.18656479788008634, -0.3658727056534041, 0.0066839727499898305, 0.5312299589933442, -0.04005915682365713, 0.054582728613813414]",0.45550321568232427
2026-09-24,Denver,KXHIGHDEN-26SEP24,3,06Z->12Z,06Z,12Z,72.0,75.0,4.0,3.0,3.0,-1.0,2026-09-24T16:00:00+00:00,2026-09-24T18:00:00+00:00,2026-09-24T19:00:00+00:00,"[""KXHIGHDEN-26SEP24-B64.5"", ""KXHIGHDEN-26SEP24-B66.5"", ""KXHIGHDEN-26SEP24-B68.5"", ""KXHIGHDEN-26SEP24-B70.5"", ""KXHIGHDEN-26SEP24-T64"", ""KXHIGHDEN-26SEP24-T71""]","[""64\u00b0 to 65\u00b0"", ""66\u00b0 to 67\u00b0"", ""68\u00b0 to 69\u00b0"", ""70\u00b0 to 71\u00b0"", ""63\u00b0 or below"", ""72\u00b0 or above""]","[[64, 65], [66, 67], [68, 69], [70, 71], [null, 63], [72, null]]","[0.035287972966770775, 0.07821323772158928, 0.1356910119118917, 0.1842762461211866, 0.016793306448448786, 0.5497382248301128]","[0.0007077755526015417, 0.005438680541306196, 0.02716684225904109, 0.08829599698956403, 6.320923186842187e-05, 0.8783274954256187]","[-0.034580197414169234, -0.07277455718028308, -0.10852416965285061, -0.09598024913162256, -0.016730097216580364, 0.3285892705955059]",0.13573243475156108
2026-09-24,NYC,KXHIGHNY-26SEP24,3,06Z->12Z,06Z,12Z,68.0,69.0,3.0,2.0,1.0,-1.0,2026-09-24T16:00:00+00:00,2026-09-24T18:00:00+00:00,2026-09-24T19:00:00+00:00,"[""KXHIGHNY-26SEP24-B66.5"", ""KXHIGHNY-26SEP24-B68.5"", ""KXHIGHNY-26SEP24-B70.5"", ""KXHIGHNY-26SEP24-B72.5"", ""KXHIGHNY-26SEP24-T66"", ""KXHIGHNY-26SEP24-T73""]","[""66\u00b0 to 67\u00b0"", ""68\u00b0 to 69\u00b0"", ""70\u00b0 to 71\u00b0"", ""72\u00b0 to 73\u00b0"", ""65\u00b0 or below"", ""74\u00b0 or above""]","[[66, 67], [68, 69], [70, 71], [72, 73], [null, 65], [74, null]]","[0.23148778642545326, 0.25764629388491667, 0.1868650341516057, 0.08829599698956403, 0.20232838096364308, 0.03337650758481725]","[0.1865681955130511, 0.3720789733060555, 0.29564390065022095, 0.09342530101181068, 0.040059156863817114, 0.012224472655044671]","[-0.04491959091240216, 0.11443267942113883, 0.10877886649861523, 0.00512930402224665, -0.16226922409982597, -0.02115203492977258]",0.05375046899534475
2026-09-25,Chicago,KXHIGHCHI-26SEP25,3,06Z->12Z,06Z,12Z,66.0,68.0,2.0,1.0,2.0,-1.0,2026-09-25T13:00:00+00:00,2026-09-25T15:00:00+00:00,2026-09-25T16:00:00+00:00,"[""KXHIGHCHI-26SEP25-B64.5"", ""KXHIGHCHI-26SEP25-B66.5"", ""KXHIGHCHI-26SEP25-B68.5"", ""KXHIGHCHI-26SEP25-B70.5"", ""KXHIGHCHI-26SEP25-T64"", ""KXHIGHCHI-26SEP25-T71""]","[""64\u00b0 to 65\u00b0"", ""66\u00b0 to 67\u00b0"", ""68\u00b0 to 69\u00b0"", ""70\u00b0 to 71\u00b0"", ""63\u00b0 or below"", ""72\u00b0 or above""]","[[64, 65], [66, 67], [68, 69], [70, 71], [null, 63], [72, null]]","[0.295643900650221, 0.37207897330605544, 0.18656819551305115, 0.03707939362876256, 0.1056497736668553, 0.0029797632350545555]","[0.0062062676526514204, 0.3023278734002108, 0.6246552600051549, 0.06657457218982255, 3.3976731247387093e-06, 0.0002326290790355401]","[-0.2894376329975696, -0.06975109990584466, 0.4380870644921038, 0.029495178561059987, -0.10564637599373056, -0.0027471341560190154]",0.29259830447364826
2026-09-25,Denver,KXHIGHDEN-26SEP25,2,00Z->06Z,00Z,06Z,75.0,75.0,3.0,2.0,0.0,-1.0,2026-09-25T06:00:00+00:00,2026-09-25T08:00:00+00:00,2026-09-25T09:00:00+00:00,"[""KXHIGHDEN-26SEP25-B72.5"", ""KXHIGHDEN-26SEP25-B74.5"", ""KXHIGHDEN-26SEP25-B76.5"", ""KXHIGHDEN-26SEP25-B78.5"", ""KXHIGHDEN-26SEP25-T72"", ""KXHIGHDEN-26SEP25-T79""]","[""72\u00b0 to 73\u00b0"", ""74\u00b0 to 75\u00b0"", ""76\u00b0 to 77\u00b0"", ""78\u00b0 to 79\u00b0"", ""71\u00b0 or below"", ""80\u00b0 or above""]","[[72, 73], [74, 75], [76, 77], [78, 79], [null, 71], [80, null]]","[0.18686503415160566, 0.2576462938849167, 0.2314877864254532, 0.13552117969478505, 0.12167250457438128, 0.06680720126885809]","[0.1865681955130511, 0.3720789733060555, 0.29564390065022095, 0.09342530101181068, 0.040059156863817114, 0.012224472655044671]","[-0.00029683863855456405, 0.11443267942113877, 0.06415611422476775, -0.042095878682974375, -0.08161334771056417, -0.054582728613813414]",0.02862300901464625
2026-09-25,Denver,KXHIGHDEN-26SEP25,3,06Z->12Z,06Z,12Z,75.0,76.0,2.0,2.0,1.0,0.0,2026-09-25T13:00:00+00:00,2026-09-25T15:00:00+00:00,2026-09-25T16:00:00+00:00,"[""KXHIGHDEN-26SEP25-B72.5"", ""KXHIGHDEN-26SEP25-B74.5"", ""KXHIGHDEN-26SEP25-B76.5"", ""KXHIGHDEN-26SEP25-B78.5"", ""KXHIGHDEN-26SEP25-T72"", ""KXHIGHDEN-26SEP25-T79""]","[""72\u00b0 to 73\u00b0"", ""74\u00b0 to 75\u00b0"", ""76\u00b0 to 77\u00b0"", ""78\u00b0 to 79\u00b0"", ""71\u00b0 or below"", ""80\u00b0 or above""]","[[72, 73], [74, 75], [76, 77], [78, 79], [null, 71], [80, null]]","[0.1865681955130511, 0.3720789733060555, 0.29564390065022095, 0.09342530101181068, 0.040059156863817114, 0.012224472655044671]","[0.09342530101181062, 0.295643900650221, 0.37207897330605544, 0.18656819551305115, 0.012224472655044671, 0.040059156863817114]","[-0.09314289450124047, -0.07643507265583449, 0.07643507265583449, 0.09314289450124047, -0.027834684208772442, 0.027834684208772442]",0.030585377545947992
2026-09-25,NYC,KXHIGHNY-26SEP25,1,prev18Z->00Z,prev18Z,00Z,69.0,70.0,5.0,4.0,1.0,-1.0,2026-09-25T01:00:00+00:00,2026-09-25T03:00:00+00:00,2026-09-25T04:00:00+00:00,"[""KXHIGHNY-26SEP25-B67.5"", ""KXHIGHNY-26SEP25-B69.5"", ""KXHIGHNY-26SEP25-B71.5"", ""KXHIGHNY-26SEP25-B73.5"", ""KXHIGHNY-26SEP25-T67"", ""KXHIGHNY-26SEP25-T74""]","[""67\u00b0 to 68\u00b0"", ""69\u00b0 to 70\u00b0"", ""71\u00b0 to 72\u00b0"", ""73\u00b0 to 74\u00b0"", ""66\u00b0 or below"", ""75\u00b0 or above""]","[[67, 68], [69, 70], [71, 72], [73, 74], [null, 66], [75, null]]","[0.15163462399698407, 0.15773925946598155, 0.1401249255879744, 0.10629759127669036, 0.30853753872598694, 0.13566606094638267]","[0.16304328047476563, 0.19590799150283666, 0.18427624612118654, 0.1356910119118917, 0.19078695285251063, 0.13029451713680884]","[0.011408656477781554, 0.03816873203685511, 0.044151320533212135, 0.02939342063520134, -0.11775058587347631, -0.005371543809573831]",0.018294375785838687
2026-09-25,NYC,KXHIGHNY-26SEP25,2,00Z->06Z,00Z,06Z,70.0,71.0,4.0,3.0,1.0,-1.0,2026-09-25T06:00:00+00:00,2026-09-25T08:00:00+00:00,2026-09-25T09:00:00+00:00,"[""KXHIGHNY-26SEP25-B67.5"", ""KXHIGHNY-26SEP25-B69.5"", ""KXHIGHNY-26SEP25-B71.5"", ""KXHIGHNY-26SEP25-B73.5"", ""KXHIGHNY-26SEP25-T67"", ""KXHIGHNY-26SEP25-T74""]","[""67\u00b0 to 68\u00b0"", ""69\u00b0 to 70\u00b0"", ""71\u00b0 to 72\u00b0"", ""73\u00b0 to 74\u00b0"", ""66\u00b0 or below"", ""75\u00b0 or above""]","[[67, 68], [69, 70], [71, 72], [73, 74], [null, 66], [75, null]]","[0.16304328047476563, 0.19590799150283666, 0.18427624612118654, 0.1356910119118917, 0.19078695285251063, 0.13029451713680884]","[0.135521179694785, 0.23148778642545326, 0.25764629388491667, 0.1868650341516057, 0.06680720126885809, 0.12167250457438128]","[-0.02752210077998063, 0.03557979492261659, 0.07337004776373013, 0.05117402223971401, -0.12397975158365254, -0.008622012562427561]",0.025470650202492503
2026-09-25,NYC,KXHIGHNY-26SEP25,3,06Z->12Z,06Z,12Z,71.0,72.0,3.0,2.0,1.0,-1.0,2026-09-25T13:00:00+00:00,2026-09-25T15:00:00+00:00,2026-09-25T16:00:00+00:00,"[""KXHIGHNY-26SEP25-B67.5"", ""KXHIGHNY-26SEP25-B69.5"", ""KXHIGHNY-26SEP25-B71.5"", ""KXHIGHNY-26SEP25-B73.5"", ""KXHIGHNY-26SEP25-T67"", ""KXHIGHNY-26SEP25-T74""]","[""67\u00b0 to 68\u00b0"", ""69\u00b0 to 70\u00b0"", ""71\u00b0 to 72\u00b0"", ""73\u00b0 to 74\u00b0"", ""66\u00b0 or below"", ""75\u00b0 or above""]","[[67, 68], [69, 70], [71, 72], [73, 74], [null, 66], [75, null]]","[0.135521179694785, 0.23148778642545326, 0.25764629388491667, 0.1868650341516057, 0.06680720126885809, 0.12167250457438128]","[0.03707939362876256, 0.1865681955130511, 0.3720789733060555, 0.29564390065022095, 0.0029797632350545555, 0.10564977366685535]","[-0.09844178606602244, -0.04491959091240216, 0.11443267942113883, 0.10877886649861523, -0.06382743803380353, -0.01602273090752593]",0.04096690455952479
2026-09-26,Chicago,KXHIGHCHI-26SEP26,1,prev18Z->00Z,prev18Z,00Z,68.0,68.0,2.0,3.0,0.0,1.0,2026-09-26T01:00:00+00:00,2026-09-26T03:00:00+00:00,2026-09-26T04:00:00+00:00,"[""KXHIGHCHI-26SEP26-B66.5"", ""KXHIGHCHI-26SEP26-B68.5"", ""KXHIGHCHI-26SEP26-B70.5"", ""KXHIGHCHI-26SEP26-B72.5"", ""KXHIGHCHI-26SEP26-T66"", ""KXHIGHCHI-26SEP26-T73""]","[""66\u00b0 to 67\u00b0"", ""68\u00b0 to 69\u00b0"", ""70\u00b0 to 71\u00b0"", ""72\u00b0 to 73\u00b0"", ""65\u00b0 or below"", ""74\u00b0 or above""]","[[66, 67], [68, 69], [70, 71], [72, 73], [null, 65], [74, null]]","[0.295643900650221, 0.37207897330605544, 0.18656819551305115, 0.03707939362876256, 0.1056497736668553, 0.0029797632350545555]","[0.23148778642545326, 0.25764629388491667, 0.1868650341516057, 0.08829599698956403, 0.20232838096364308, 0.03337650758481725]","[-0.06415611422476775, -0.11443267942113877, 0.00029683863855456405, 0.05121660336080147, 0.09667860729678779, 0.030396744349762694]",0.0301047888608289
2026-09-26,Chicago,KXHIGHCHI-26SEP26,2,00Z->06Z,00Z,06Z,68.0,68.0,3.0,2.0,0.0,-1.0,2026-09-26T06:00:00+00:00,2026-09-26T08:00:00+00:00,2026-09-26T09:00:00+00:00,"[""KXHIGHCHI-26SEP26-B66.5"", ""KXHIGHCHI-26SEP26-B68.5"", ""KXHIGHCHI-26SEP26-B70.5"", ""KXHIGHCHI-26SEP26-B72.5"", ""KXHIGHCHI-26SEP26-T66"", ""KXHIGHCHI-26SEP26-T73""]","[""66\u00b0 to 67\u00b0"", ""68\u00b0 to 69\u00b0"", ""70\u00b0 to 71\u00b0"", ""72\u00b0 to 73\u00b0"", ""65\u00b0 or below"", ""74\u00b0 or above""]","[[66, 67], [68, 69], [70, 71], [72, 73], [null, 65], [74, null]]","[0.23148778642545326, 0.25764629388491667, 0.1868650341516057, 0.08829599698956403, 0.20232838096364308, 0.03337650758481725]","[0.295643900650221, 0.37207897330605544, 0.18656819551305115, 0.03707939362876256, 0.1056497736668553, 0.0029797632350545555]","[0.06415611422476775, 0.11443267942113877, -0.00029683863855456405, -0.05121660336080147, -0.09667860729678779, -0.030396744349762694]",0.0301047888608289
2026-09-26,Chicago,KXHIGHCHI-26SEP26,3,06Z->12Z,06Z,12Z,68.0,69.0,2.0,2.0,1.0,0.0,2026-09-26T13:00:00+00:00,2026-09-26T15:00:00+00:00,2026-09-26T16:00:00+00:00,"[""KXHIGHCHI-26SEP26-B66.5"", ""KXHIGHCHI-26SEP26-B68.5"", ""KXHIGHCHI-26SEP26-B70.5"", ""KXHIGHCHI-26SEP26-B72.5"", ""KXHIGHCHI-26SEP26-T66"", ""KXHIGHCHI-26SEP26-T73""]","[""66\u00b0 to 67\u00b0"", ""68\u00b0 to 69\u00b0"", ""70\u00b0 to 71\u00b0"", ""72\u00b0 to 73\u00b0"", ""65\u00b0 or below"", ""74\u00b0 or above""]","[[66, 67], [68, 69], [70, 71], [72, 73], [null, 65], [74, null]]","[0.295643900650221, 0.37207897330605544, 0.18656819551305115, 0.03707939362876256, 0.1056497736668553, 0.0029797632350545555]","[0.1865681955130511, 0.3720789733060555, 0.29564390065022095, 0.09342530101181068, 0.040059156863817114, 0.012224472655044671]","[-0.10907570513716991, 5.551115123125783e-17, 0.1090757051371698, 0.05634590738304812, -0.06559061680303818, 0.009244709419990116]",0.03135747384602373
2026-09-26,Denver,KXHIGHDEN-26SEP26,3,06Z->12Z,06Z,12Z,82.0,83.0,2.0,1.0,1.0,-1.0,2026-09-26T13:00:00+00:00,2026-09-26T15:00:00+00:00,2026-09-26T16:00:00+00:00,"[""KXHIGHDEN-26SEP26-B79.5"", ""KXHIGHDEN-26SEP26-B81.5"", ""KXHIGHDEN-26SEP26-B83.5"", ""KXHIGHDEN-26SEP26-B85.5"", ""KXHIGHDEN-26SEP26-T79"", ""KXHIGHDEN-26SEP26-T86""]","[""79\u00b0 to 80\u00b0"", ""81\u00b0 to 82\u00b0"", ""83\u00b0 to 84\u00b0"", ""85\u00b0 to 86\u00b0"", ""78\u00b0 or below"", ""87\u00b0 or above""]","[[79, 80], [81, 82], [83, 84], [85, 86], [null, 78], [87, null]]","[0.1865681955130511, 0.3720789733060555, 0.29564390065022095, 0.09342530101181068, 0.040059156863817114, 0.012224472655044671]","[0.0062062676526514204, 0.3023278734002108, 0.6246552600051549, 0.06657457218982255, 3.3976731247387093e-06, 0.0002326290790355401]","[-0.18036192786039967, -0.06975109990584472, 0.329011359354934, -0.026850728821988135, -0.040055759190692375, -0.011991843576009131]",0.1481133453391428
2026-09-26,NYC,KXHIGHNY-26SEP26,2,00Z->06Z,00Z,06Z,62.0,61.0,4.0,3.0,-1.0,-1.0,2026-09-26T06:00:00+00:00,2026-09-26T08:00:00+00:00,2026-09-26T09:00:00+00:00,"[""KXHIGHNY-26SEP26-B62.5"", ""KXHIGHNY-26SEP26-B64.5"", ""KXHIGHNY-26SEP26-B66.5"", ""KXHIGHNY-26SEP26-B68.5"", ""KXHIGHNY-26SEP26-T62"", ""KXHIGHNY-26SEP26-T69""]","[""62\u00b0 to 63\u00b0"", ""64\u00b0 to 65\u00b0"", ""66\u00b0 to 67\u00b0"", ""68\u00b0 to 69\u00b0"", ""61\u00b0 or below"", ""70\u00b0 or above""]","[[62, 63], [64, 65], [66, 67], [68, 69], [null, 61], [70, null]]","[0.1959079915028366, 0.16304328047476568, 0.10622123050117482, 0.054169360586074355, 0.45026177516988714, 0.030396361765261393]","[0.2314877864254532, 0.13552117969478505, 0.05167706125862226, 0.01282687387853998, 0.5661838326109037, 0.002303266131695847]","[0.03557979492261659, -0.02752210077998063, -0.054544169242552565, -0.041342486707534376, 0.11592205744101652, -0.028093095633565546]",0.02093480086723673
2026-09-26,NYC,KXHIGHNY-26SEP26,3,06Z->12Z,06Z,12Z,61.0,63.0,3.0,4.0,2.0,1.0,2026-09-26T13:00:00+00:00,2026-09-26T15:00:00+00:00,2026-09-26T16:00:00+00:00,"[""KXHIGHNY-26SEP26-B62.5"", ""KXHIGHNY-26SEP26-B64.5"", ""KXHIGHNY-26SEP26-B66.5"", ""KXHIGHNY-26SEP26-B68.5"", ""KXHIGHNY-26SEP26-T62"", ""KXHIGHNY-26SEP26-T69""]","[""62\u00b0 to 63\u00b0"", ""64\u00b0 to 65\u00b0"", ""66\u00b0 to 67\u00b0"", ""68\u00b0 to 69\u00b0"", ""61\u00b0 or below"", ""70\u00b0 or above""]","[[62, 63], [64, 65], [66, 67], [68, 69], [null, 61], [70, null]]","[0.2314877864254532, 0.13552117969478505, 0.05167706125862226, 0.01282687387853998, 0.5661838326109037, 0.002303266131695847]","[0.19590799150283666, 0.18427624612118654, 0.1356910119118917, 0.07821323772158928, 0.35383023332727626, 0.05208127941521956]","[-0.03557979492261654, 0.04875506642640148, 0.08401395065326944, 0.0653863638430493, -0.2123535992836274, 0.049778013283523714]",0.06254860052512995
2026-09-27,Chicago,KXHIGHCHI-26SEP27,1,prev18Z->00Z,prev18Z,00Z,69.0,69.0,1.0,2.0,0.0,1.0,2026-09-27T01:00:00+00:00,2026-09-27T03:00:00+00:00,2026-09-27T04:00:00+00:00,"[""KXHIGHCHI-26SEP27-B67.5"", ""KXHIGHCHI-26SEP27-B69.5"", ""KXHIGHCHI-26SEP27-B71.5"", ""KXHIGHCHI-26SEP27-B73.5"", ""KXHIGHCHI-26SEP27-T67"", ""KXHIGHCHI-26SEP27-T74""]","[""67\u00b0 to 68\u00b0"", ""69\u00b0 to 70\u00b0"", ""71\u00b0 to 72\u00b0"", ""73\u00b0 to 74\u00b0"", ""66\u00b0 or below"", ""75\u00b0 or above""]","[[67, 68], [69, 70], [71, 72], [73, 74], [null, 66], [75, null]]","[0.3023278734002108, 0.6246552600051549, 0.06657457218982255, 0.00023261008947306205, 0.006209665325776159, 1.8989562478033406e-08]","[0.295643900650221, 0.37207897330605544, 0.18656819551305115, 0.03707939362876256, 0.1056497736668553, 0.0029797632350545555]","[-0.006683972749989775, -0.2525762866990995, 0.1199936233232286, 0.036846783539289496, 0.09944010834107914, 0.0029797442454920775]",0.08949282521251054
2026-09-27,Chicago,KXHIGHCHI-26SEP27,2,00Z->06Z,00Z,06Z,69.0,69.0,2.0,1.0,0.0,-1.0,2026-09-27T06:00:00+00:00,2026-09-27T08:00:00+00:00,2026-09-27T09:00:00+00:00,"[""KXHIGHCHI-26SEP27-B67.5"", ""KXHIGHCHI-26SEP27-B69.5"", ""KXHIGHCHI-26SEP27-B71.5"", ""KXHIGHCHI-26SEP27-B73.5"", ""KXHIGHCHI-26SEP27-T67"", ""KXHIGHCHI-26SEP27-T74""]","[""67\u00b0 to 68\u00b0"", ""69\u00b0 to 70\u00b0"", ""71\u00b0 to 72\u00b0"", ""73\u00b0 to 74\u00b0"", ""66\u00b0 or below"", ""75\u00b0 or above""]","[[67, 68], [69, 70], [71, 72], [73, 74], [null, 66], [75, null]]","[0.295643900650221, 0.37207897330605544, 0.18656819551305115, 0.03707939362876256, 0.1056497736668553, 0.0029797632350545555]","[0.3023278734002108, 0.6246552600051549, 0.06657457218982255, 0.00023261008947306205, 0.006209665325776159, 1.8989562478033406e-08]","[0.006683972749989775, 0.2525762866990995, -0.1199936233232286, -0.036846783539289496, -0.09944010834107914, -0.0029797442454920775]",0.08949282521251054
2026-09-27,Chicago,KXHIGHCHI-26SEP27,3,06Z->12Z,06Z,12Z,69.0,70.0,1.0,1.0,1.0,0.0,2026-09-27T13:00:00+00:00,2026-09-27T15:00:00+00:00,2026-09-27T16:00:00+00:00,"[""KXHIGHCHI-26SEP27-B67.5"", ""KXHIGHCHI-26SEP27-B69.5"", ""KXHIGHCHI-26SEP27-B71.5"", ""KXHIGHCHI-26SEP27-B73.5"", ""KXHIGHCHI-26SEP27-T67"", ""KXHIGHCHI-26SEP27-T74""]","[""67\u00b0 to 68\u00b0"", ""69\u00b0 to 70\u00b0"", ""71\u00b0 to 72\u00b0"", ""73\u00b0 to 74\u00b0"", ""66\u00b0 or below"", ""75\u00b0 or above""]","[[67, 68], [69, 70], [71, 72], [73, 74], [null, 66], [75, null]]","[0.3023278734002108, 0.6246552600051549, 0.06657457218982255, 0.00023261008947306205, 0.006209665325776159, 1.8989562478033406e-08]","[0.06657457218982255, 0.6246552600051549, 0.30232787340021083, 0.0062062676526514204, 0.0002326290790355401, 3.3976731247387093e-06]","[-0.23575330121038823, 0.0, 0.2357533012103883, 0.005973657563178358, -0.005977036246740619, 3.378683562260676e-06]",0.11123064762158459
2026-09-27,Denver,KXHIGHDEN-26SEP27,1,prev18Z->00Z,prev18Z,00Z,83.0,82.0,2.0,2.0,-1.0,0.0,2026-09-27T01:00:00+00:00,2026-09-27T03:00:00+00:00,2026-09-27T04:00:00+00:00,"[""KXHIGHDEN-26SEP27-B80.5"", ""KXHIGHDEN-26SEP27-B82.5"", ""KXHIGHDEN-26SEP27-B84.5"", ""KXHIGHDEN-26SEP27-B86.5"", ""KXHIGHDEN-26SEP27-T80"", ""KXHIGHDEN-26SEP27-T87""]","[""80\u00b0 to 81\u00b0"", ""82\u00b0 to 83\u00b0"", ""84\u00b0 to 85\u00b0"", ""86\u00b0 to 87\u00b0"", ""79\u00b0 or below"", ""88\u00b0 or above""]","[[80, 81], [82, 83], [84, 85], [86, 87], [null, 79], [88, null]]","[0.1865681955130511, 0.3720789733060555, 0.29564390065022095, 0.09342530101181068, 0.040059156863817114, 0.012224472655044671]","[0.295643900650221, 0.37207897330605544, 0.18656819551305115, 0.03707939362876256, 0.1056497736668553, 0.0029797632350545555]","[0.10907570513716991, -5.551115123125783e-17, -0.1090757051371698, -0.05634590738304812, 0.06559061680303818, -0.009244709419990116]",0.03135747384602373
2026-09-27,Denver,KXHIGHDEN-26SEP27,2,00Z->06Z,00Z,06Z,82.0,83.0,2.0,1.0,1.0,-1.0,2026-09-27T06:00:00+00:00,2026-09-27T08:00:00+00:00,2026-09-27T09:00:00+00:00,"[""KXHIGHDEN-26SEP27-B80.5"", ""KXHIGHDEN-26SEP27-B82.5"", ""KXHIGHDEN-26SEP27-B84.5"", ""KXHIGHDEN-26SEP27-B86.5"", ""KXHIGHDEN-26SEP27-T80"", ""KXHIGHDEN-26SEP27-T87""]","[""80\u00b0 to 81\u00b0"", ""82\u00b0 to 83\u00b0"", ""84\u00b0 to 85\u00b0"", ""86\u00b0 to 87\u00b0"", ""79\u00b0 or below"", ""88\u00b0 or above""]","[[80, 81], [82, 83], [84, 85], [86, 87], [null, 79], [88, null]]","[0.295643900650221, 0.37207897330605544, 0.18656819551305115, 0.03707939362876256, 0.1056497736668553, 0.0029797632350545555]","[0.06657457218982255, 0.6246552600051549, 0.30232787340021083, 0.0062062676526514204, 0.0002326290790355401, 3.3976731247387093e-06]","[-0.22906932846039846, 0.2525762866990995, 0.11575967788715968, -0.030873125976111138, -0.10541714458781976, -0.002976365561929817]",0.14174262390108694
2026-09-27,Denver,KXHIGHDEN-26SEP27,3,06Z->12Z,06Z,12Z,83.0,84.0,1.0,2.0,1.0,1.0,2026-09-27T13:00:00+00:00,2026-09-27T15:00:00+00:00,2026-09-27T16:00:00+00:00,"[""KXHIGHDEN-26SEP27-B80.5"", ""KXHIGHDEN-26SEP27-B82.5"", ""KXHIGHDEN-26SEP27-B84.5"", ""KXHIGHDEN-26SEP27-B86.5"", ""KXHIGHDEN-26SEP27-T80"", ""KXHIGHDEN-26SEP27-T87""]","[""80\u00b0 to 81\u00b0"", ""82\u00b0 to 83\u00b0"", ""84\u00b0 to 85\u00b0"", ""86\u00b0 to 87\u00b0"", ""79\u00b0 or below"", ""88\u00b0 or above""]","[[80, 81], [82, 83], [84, 85], [86, 87], [null, 79], [88, null]]","[0.06657457218982255, 0.6246552600051549, 0.30232787340021083, 0.0062062676526514204, 0.0002326290790355401, 3.3976731247387093e-06]","[0.09342530101181062, 0.295643900650221, 0.37207897330605544, 0.18656819551305115, 0.012224472655044671, 0.040059156863817114]","[0.02685072882198808, -0.3290113593549339, 0.0697510999058446, 0.18036192786039973, 0.011991843576009131, 0.040055759190692375]",0.14811334533914275
2026-09-27,NYC,KXHIGHNY-26SEP27,3,06Z->12Z,06Z,12Z,66.0,68.0,2.0,2.0,2.0,0.0,2026-09-27T13:00:00+00:00,2026-09-27T15:00:00+00:00,2026-09-27T16:00:00+00:00,"[""KXHIGHNY-26SEP27-B65.5"", ""KXHIGHNY-26SEP27-B67.5"", ""KXHIGHNY-26SEP27-B69.5"", ""KXHIGHNY-26SEP27-B71.5"", ""KXHIGHNY-26SEP27-T65"", ""KXHIGHNY-26SEP27-T72""]","[""65\u00b0 to 66\u00b0"", ""67\u00b0 to 68\u00b0"", ""69\u00b0 to 70\u00b0"", ""71\u00b0 to 72\u00b0"", ""64\u00b0 or below"", ""73\u00b0 or above""]","[[65, 66], [67, 68], [69, 70], [71, 72], [null, 64], [73, null]]","[0.3720789733060555, 0.29564390065022095, 0.09342530101181068, 0.011647447612653905, 0.2266273523768682, 0.0005770250423907664]","[0.1865681955130511, 0.3720789733060555, 0.29564390065022095, 0.09342530101181068, 0.040059156863817114, 0.012224472655044671]","[-0.1855107777930044, 0.07643507265583455, 0.20221859963841027, 0.08177785339915677, -0.1865681955130511, 0.011647447612653905]",0.12277990296844737
2026-09-28,Chicago,KXHIGHCHI-26SEP28,3,06Z->12Z,06Z,12Z,72.0,73.0,1.0,1.0,1.0,0.0,2026-09-28T13:00:00+00:00,2026-09-28T15:00:00+00:00,2026-09-28T16:00:00+00:00,"[""KXHIGHCHI-26SEP28-B69.5"", ""KXHIGHCHI-26SEP28-B71.5"", ""KXHIGHCHI-26SEP28-B73.5"", ""KXHIGHCHI-26SEP28-B75.5"", ""KXHIGHCHI-26SEP28-T69"", ""KXHIGHCHI-26SEP28-T76""]","[""69\u00b0 to 70\u00b0"", ""71\u00b0 to 72\u00b0"", ""73\u00b0 to 74\u00b0"", ""75\u00b0 to 76\u00b0"", ""68\u00b0 or below"", ""77\u00b0 or above""]","[[69, 70], [71, 72], [73, 74], [75, 76], [null, 68], [77, null]]","[0.06657457218982255, 0.6246552600051549, 0.30232787340021083, 0.0062062676526514204, 0.0002326290790355401, 3.3976731247387093e-06]","[0.0062062676526514204, 0.3023278734002108, 0.6246552600051549, 0.06657457218982255, 3.3976731247387093e-06, 0.0002326290790355401]","[-0.060368304537171125, -0.32232738660494414, 0.3223273866049441, 0.060368304537171125, -0.00022923140591080138, 0.00022923140591080138]",0.21507865779060642
2026-09-28,Denver,KXHIGHDEN-26SEP28,2,00Z->06Z,00Z,06Z,76.0,76.0,3.0,4.0,0.0,1.0,2026-09-28T06:00:00+00:00,2026-09-28T08:00:00+00:00,2026-09-28T09:00:00+00:00,"[""KXHIGHDEN-26SEP28-B73.5"", ""KXHIGHDEN-26SEP28-B75.5"", ""KXHIGHDEN-26SEP28-B77.5"", ""KXHIGHDEN-26SEP28-B79.5"", ""KXHIGHDEN-26SEP28-T73"", ""KXHIGHDEN-26SEP28-T80""]","[""73\u00b0 to 74\u00b0"", ""75\u00b0 to 76\u00b0"", ""77\u00b0 to 78\u00b0"", ""79\u00b0 to 80\u00b0"", ""72\u00b0 or below"", ""81\u00b0 or above""]","[[73, 74], [75, 76], [77, 78], [79, 80], [null, 72], [81, null]]","[0.18686503415160566, 0.2576462938849167, 0.2314877864254532, 0.13552117969478505, 0.12167250457438128, 0.06680720126885809]","[0.16304328047476563, 0.19590799150283666, 0.18427624612118654, 0.1356910119118917, 0.19078695285251063, 0.13029451713680884]","[-0.02382175367684003, -0.06173830238208006, -0.047211540304266664, 0.00016983221710664687, 0.06911444827812935, 0.06348731586795076]",0.015415498547051727
2026-09-28,Denver,KXHIGHDEN-26SEP28,3,06Z->12Z,06Z,12Z,76.0,77.0,4.0,3.0,1.0,-1.0,2026-09-28T13:00:00+00:00,2026-09-28T15:00:00+00:00,2026-09-28T16:00:00+00:00,"[""KXHIGHDEN-26SEP28-B73.5"", ""KXHIGHDEN-26SEP28-B75.5"", ""KXHIGHDEN-26SEP28-B77.5"", ""KXHIGHDEN-26SEP28-B79.5"", ""KXHIGHDEN-26SEP28-T73"", ""KXHIGHDEN-26SEP28-T80""]","[""73\u00b0 to 74\u00b0"", ""75\u00b0 to 76\u00b0"", ""77\u00b0 to 78\u00b0"", ""79\u00b0 to 80\u00b0"", ""72\u00b0 or below"", ""81\u00b0 or above""]","[[73, 74], [75, 76], [77, 78], [79, 80], [null, 72], [81, null]]","[0.16304328047476563, 0.19590799150283666, 0.18427624612118654, 0.1356910119118917, 0.19078695285251063, 0.13029451713680884]","[0.135521179694785, 0.23148778642545326, 0.25764629388491667, 0.1868650341516057, 0.06680720126885809, 0.12167250457438128]","[-0.02752210077998063, 0.03557979492261659, 0.07337004776373013, 0.05117402223971401, -0.12397975158365254, -0.008622012562427561]",0.025470650202492503
2026-09-28,NYC,KXHIGHNY-26SEP28,2,00Z->06Z,00Z,06Z,65.0,64.0,3.0,3.0,-1.0,0.0,2026-09-28T06:00:00+00:00,2026-09-28T08:00:00+00:00,2026-09-28T09:00:00+00:00,"[""KXHIGHNY-26SEP28-B64.5"", ""KXHIGHNY-26SEP28-B66.5"", ""KXHIGHNY-26SEP28-B68.5"", ""KXHIGHNY-26SEP28-B70.5"", ""KXHIGHNY-26SEP28-T64"", ""KXHIGHNY-26SEP28-T71""]","[""64\u00b0 to 65\u00b0"", ""66\u00b0 to 67\u00b0"", ""68\u00b0 to 69\u00b0"", ""70\u00b0 to 71\u00b0"", ""63\u00b0 or below"", ""72\u00b0 or above""]","[[64, 65], [66, 67], [68, 69], [70, 71], [null, 63], [72, null]]","[0.2576462938849167, 0.2314877864254532, 0.13552117969478505, 0.05167706125862226, 0.30853753872598694, 0.015130140010235826]","[0.25764629388491667, 0.1868650341516057, 0.08829599698956403, 0.02716684225904109, 0.43381616738909634, 0.006209665325776159]","[-5.551115123125783e-17, -0.04462275227384749, -0.047225182705221025, -0.024510218999581168, 0.1252786286631094, -0.008920474684459667]",0.02059646840574744
2026-09-28,NYC,KXHIGHNY-26SEP28,3,06Z->12Z,06Z,12Z,64.0,65.0,3.0,2.0,1.0,-1.0,2026-09-28T13:00:00+00:00,2026-09-28T15:00:00+00:00,2026-09-28T16:00:00+00:00,"[""KXHIGHNY-26SEP28-B64.5"", ""KXHIGHNY-26SEP28-B66.5"", ""KXHIGHNY-26SEP28-B68.5"", ""KXHIGHNY-26SEP28-B70.5"", ""KXHIGHNY-26SEP28-T64"", ""KXHIGHNY-26SEP28-T71""]","[""64\u00b0 to 65\u00b0"", ""66\u00b0 to 67\u00b0"", ""68\u00b0 to 69\u00b0"", ""70\u00b0 to 71\u00b0"", ""63\u00b0 or below"", ""72\u00b0 or above""]","[[64, 65], [66, 67], [68, 69], [70, 71], [null, 63], [72, null]]","[0.25764629388491667, 0.1868650341516057, 0.08829599698956403, 0.02716684225904109, 0.43381616738909634, 0.006209665325776159]","[0.3720789733060555, 0.29564390065022095, 0.09342530101181068, 0.011647447612653905, 0.2266273523768682, 0.0005770250423907664]","[0.11443267942113883, 0.10877886649861523, 0.00512930402224665, -0.015519394646387186, -0.20718881501222813, -0.005632640283385393]",0.06815377298890093
