city,event_date_local,event_ticker,market_ticker,market_snapshot_utc,yes_bid_close,yes_ask_close,midpoint_close,spread_close,timestamp_utc,source_yes_bid_close,source_yes_ask_close,source_midpoint_close,source_spread_close,source_row_missing,quote_value_mismatch
Chicago,2026-08-14,KXHIGHCHI-26AUG14,KXHIGHCHI-26AUG14-T76,2026-08-14 15:00:00+00:00,0.01,0.02,0.015,0.01,2026-08-14 15:00:00+00:00,0.01,0.02,0.015,0.01,False,False
Chicago,2026-08-14,KXHIGHCHI-26AUG14,KXHIGHCHI-26AUG14-B76.5,2026-08-14 15:00:00+00:00,0.15,0.18,0.1649999999999999,0.03,2026-08-14 15:00:00+00:00,0.15,0.18,0.1649999999999999,0.03,False,False
Chicago,2026-08-14,KXHIGHCHI-26AUG14,KXHIGHCHI-26AUG14-B78.5,2026-08-14 15:00:00+00:00,0.29,0.3,0.295,0.01,2026-08-14 15:00:00+00:00,0.29,0.3,0.295,0.01,False,False
Chicago,2026-08-14,KXHIGHCHI-26AUG14,KXHIGHCHI-26AUG14-B80.5,2026-08-14 15:00:00+00:00,0.45,0.46,0.455,0.01,2026-08-14 15:00:00+00:00,0.45,0.46,0.455,0.01,False,False
Chicago,2026-08-14,KXHIGHCHI-26AUG14,KXHIGHCHI-26AUG14-B82.5,2026-08-14 15:00:00+00:00,0.05,0.06,0.055,0.0099999999999999,2026-08-14 15:00:00+00:00,0.05,0.06,0.055,0.0099999999999999,False,False
Chicago,2026-08-14,KXHIGHCHI-26AUG14,KXHIGHCHI-26AUG14-T83,2026-08-14 15:00:00+00:00,0.01,0.02,0.015,0.01,2026-08-14 15:00:00+00:00,0.01,0.02,0.015,0.01,False,False
Chicago,2026-08-15,KXHIGHCHI-26AUG15,KXHIGHCHI-26AUG15-T81,2026-08-15 15:00:00+00:00,0.64,0.65,0.645,0.01,2026-08-15 15:00:00+00:00,0.64,0.65,0.645,0.01,False,False
Chicago,2026-08-15,KXHIGHCHI-26AUG15,KXHIGHCHI-26AUG15-B81.5,2026-08-15 15:00:00+00:00,0.24,0.26,0.25,0.02,2026-08-15 15:00:00+00:00,0.24,0.26,0.25,0.02,False,False
Chicago,2026-08-15,KXHIGHCHI-26AUG15,KXHIGHCHI-26AUG15-B83.5,2026-08-15 15:00:00+00:00,0.06,0.07,0.065,0.01,2026-08-15 15:00:00+00:00,0.06,0.07,0.065,0.01,False,False
Chicago,2026-08-15,KXHIGHCHI-26AUG15,KXHIGHCHI-26AUG15-B85.5,2026-08-15 15:00:00+00:00,0.02,0.03,0.025,0.0099999999999999,2026-08-15 15:00:00+00:00,0.02,0.03,0.025,0.0099999999999999,False,False
Chicago,2026-08-15,KXHIGHCHI-26AUG15,KXHIGHCHI-26AUG15-B87.5,2026-08-15 15:00:00+00:00,0.0,0.01,0.005,0.01,2026-08-15 15:00:00+00:00,0.0,0.01,0.005,0.01,False,False
Chicago,2026-08-15,KXHIGHCHI-26AUG15,KXHIGHCHI-26AUG15-T88,2026-08-15 15:00:00+00:00,0.0,0.01,0.005,0.01,2026-08-15 15:00:00+00:00,0.0,0.01,0.005,0.01,False,False
Chicago,2026-08-16,KXHIGHCHI-26AUG16,KXHIGHCHI-26AUG16-T82,2026-08-16 15:00:00+00:00,0.0,0.02,0.01,0.02,2026-08-16 15:00:00+00:00,0.0,0.02,0.01,0.02,False,False
Chicago,2026-08-16,KXHIGHCHI-26AUG16,KXHIGHCHI-26AUG16-B82.5,2026-08-16 15:00:00+00:00,0.1,0.11,0.105,0.0099999999999999,2026-08-16 15:00:00+00:00,0.1,0.11,0.105,0.0099999999999999,False,False
Chicago,2026-08-16,KXHIGHCHI-26AUG16,KXHIGHCHI-26AUG16-B84.5,2026-08-16 15:00:00+00:00,0.41,0.43,0.42,0.02,2026-08-16 15:00:00+00:00,0.41,0.43,0.42,0.02,False,False
Chicago,2026-08-16,KXHIGHCHI-26AUG16,KXHIGHCHI-26AUG16-B86.5,2026-08-16 15:00:00+00:00,0.45,0.47,0.4599999999999999,0.0199999999999999,2026-08-16 15:00:00+00:00,0.45,0.47,0.4599999999999999,0.0199999999999999,False,False
Chicago,2026-08-16,KXHIGHCHI-26AUG16,KXHIGHCHI-26AUG16-B88.5,2026-08-16 15:00:00+00:00,0.02,0.03,0.025,0.0099999999999999,2026-08-16 15:00:00+00:00,0.02,0.03,0.025,0.0099999999999999,False,False
Chicago,2026-08-16,KXHIGHCHI-26AUG16,KXHIGHCHI-26AUG16-T89,2026-08-16 15:00:00+00:00,0.0,0.02,0.01,0.02,2026-08-16 15:00:00+00:00,0.0,0.02,0.01,0.02,False,False
Chicago,2026-08-17,KXHIGHCHI-26AUG17,KXHIGHCHI-26AUG17-T78,2026-08-17 15:00:00+00:00,0.21,0.22,0.215,0.01,2026-08-17 15:00:00+00:00,0.21,0.22,0.215,0.01,False,False
Chicago,2026-08-17,KXHIGHCHI-26AUG17,KXHIGHCHI-26AUG17-B78.5,2026-08-17 15:00:00+00:00,0.61,0.63,0.62,0.02,2026-08-17 15:00:00+00:00,0.61,0.63,0.62,0.02,False,False
Chicago,2026-08-17,KXHIGHCHI-26AUG17,KXHIGHCHI-26AUG17-B80.5,2026-08-17 15:00:00+00:00,0.15,0.16,0.155,0.01,2026-08-17 15:00:00+00:00,0.15,0.16,0.155,0.01,False,False
Chicago,2026-08-17,KXHIGHCHI-26AUG17,KXHIGHCHI-26AUG17-B82.5,2026-08-17 15:00:00+00:00,0.01,0.02,0.015,0.01,2026-08-17 15:00:00+00:00,0.01,0.02,0.015,0.01,False,False
Chicago,2026-08-17,KXHIGHCHI-26AUG17,KXHIGHCHI-26AUG17-B84.5,2026-08-17 15:00:00+00:00,0.0,0.01,0.005,0.01,2026-08-17 15:00:00+00:00,0.0,0.01,0.005,0.01,False,False
Chicago,2026-08-17,KXHIGHCHI-26AUG17,KXHIGHCHI-26AUG17-T85,2026-08-17 15:00:00+00:00,0.0,0.02,0.01,0.02,2026-08-17 15:00:00+00:00,0.0,0.02,0.01,0.02,False,False
Chicago,2026-08-18,KXHIGHCHI-26AUG18,KXHIGHCHI-26AUG18-T78,2026-08-18 15:00:00+00:00,0.0,0.01,0.005,0.01,2026-08-18 15:00:00+00:00,0.0,0.01,0.005,0.01,False,False
Chicago,2026-08-18,KXHIGHCHI-26AUG18,KXHIGHCHI-26AUG18-B78.5,2026-08-18 15:00:00+00:00,0.03,0.05,0.04,0.02,2026-08-18 15:00:00+00:00,0.03,0.05,0.04,0.02,False,False
Chicago,2026-08-18,KXHIGHCHI-26AUG18,KXHIGHCHI-26AUG18-B80.5,2026-08-18 15:00:00+00:00,0.46,0.47,0.4649999999999999,0.0099999999999999,2026-08-18 15:00:00+00:00,0.46,0.47,0.4649999999999999,0.0099999999999999,False,False
Chicago,2026-08-18,KXHIGHCHI-26AUG18,KXHIGHCHI-26AUG18-B82.5,2026-08-18 15:00:00+00:00,0.42,0.44,0.43,0.02,2026-08-18 15:00:00+00:00,0.42,0.44,0.43,0.02,False,False
Chicago,2026-08-18,KXHIGHCHI-26AUG18,KXHIGHCHI-26AUG18-B84.5,2026-08-18 15:00:00+00:00,0.1,0.11,0.105,0.0099999999999999,2026-08-18 15:00:00+00:00,0.1,0.11,0.105,0.0099999999999999,False,False
Chicago,2026-08-18,KXHIGHCHI-26AUG18,KXHIGHCHI-26AUG18-T85,2026-08-18 15:00:00+00:00,0.0,0.01,0.005,0.01,2026-08-18 15:00:00+00:00,0.0,0.01,0.005,0.01,False,False
Chicago,2026-08-19,KXHIGHCHI-26AUG19,KXHIGHCHI-26AUG19-T74,2026-08-19 15:00:00+00:00,0.0,0.01,0.005,0.01,2026-08-19 15:00:00+00:00,0.0,0.01,0.005,0.01,False,False
Chicago,2026-08-19,KXHIGHCHI-26AUG19,KXHIGHCHI-26AUG19-B74.5,2026-08-19 15:00:00+00:00,0.0,0.01,0.005,0.01,2026-08-19 15:00:00+00:00,0.0,0.01,0.005,0.01,False,False
Chicago,2026-08-19,KXHIGHCHI-26AUG19,KXHIGHCHI-26AUG19-B76.5,2026-08-19 15:00:00+00:00,0.07,0.09,0.08,0.0199999999999999,2026-08-19 15:00:00+00:00,0.07,0.09,0.08,0.0199999999999999,False,False
Chicago,2026-08-19,KXHIGHCHI-26AUG19,KXHIGHCHI-26AUG19-B78.5,2026-08-19 15:00:00+00:00,0.48,0.49,0.485,0.01,2026-08-19 15:00:00+00:00,0.48,0.49,0.485,0.01,False,False
Chicago,2026-08-19,KXHIGHCHI-26AUG19,KXHIGHCHI-26AUG19-B80.5,2026-08-19 15:00:00+00:00,0.36,0.37,0.365,0.01,2026-08-19 15:00:00+00:00,0.36,0.37,0.365,0.01,False,False
Chicago,2026-08-19,KXHIGHCHI-26AUG19,KXHIGHCHI-26AUG19-T81,2026-08-19 15:00:00+00:00,0.07,0.09,0.08,0.0199999999999999,2026-08-19 15:00:00+00:00,0.07,0.09,0.08,0.0199999999999999,False,False
Chicago,2026-08-20,KXHIGHCHI-26AUG20,KXHIGHCHI-26AUG20-T77,2026-08-20 15:00:00+00:00,0.0,0.01,0.005,0.01,2026-08-20 15:00:00+00:00,0.0,0.01,0.005,0.01,False,False
Chicago,2026-08-20,KXHIGHCHI-26AUG20,KXHIGHCHI-26AUG20-B77.5,2026-08-20 15:00:00+00:00,0.21,0.22,0.215,0.01,2026-08-20 15:00:00+00:00,0.21,0.22,0.215,0.01,False,False
Chicago,2026-08-20,KXHIGHCHI-26AUG20,KXHIGHCHI-26AUG20-B79.5,2026-08-20 15:00:00+00:00,0.65,0.66,0.655,0.01,2026-08-20 15:00:00+00:00,0.65,0.66,0.655,0.01,False,False
Chicago,2026-08-20,KXHIGHCHI-26AUG20,KXHIGHCHI-26AUG20-B81.5,2026-08-20 15:00:00+00:00,0.12,0.14,0.13,0.02,2026-08-20 15:00:00+00:00,0.12,0.14,0.13,0.02,False,False
Chicago,2026-08-20,KXHIGHCHI-26AUG20,KXHIGHCHI-26AUG20-B83.5,2026-08-20 15:00:00+00:00,0.01,0.02,0.015,0.01,2026-08-20 15:00:00+00:00,0.01,0.02,0.015,0.01,False,False
Chicago,2026-08-20,KXHIGHCHI-26AUG20,KXHIGHCHI-26AUG20-T84,2026-08-20 15:00:00+00:00,0.0,0.01,0.005,0.01,2026-08-20 15:00:00+00:00,0.0,0.01,0.005,0.01,False,False
Chicago,2026-08-21,KXHIGHCHI-26AUG21,KXHIGHCHI-26AUG21-T78,2026-08-21 15:00:00+00:00,0.02,0.04,0.03,0.02,2026-08-21 15:00:00+00:00,0.02,0.04,0.03,0.02,False,False
Chicago,2026-08-21,KXHIGHCHI-26AUG21,KXHIGHCHI-26AUG21-B78.5,2026-08-21 15:00:00+00:00,0.16,0.19,0.175,0.03,2026-08-21 15:00:00+00:00,0.16,0.19,0.175,0.03,False,False
Chicago,2026-08-21,KXHIGHCHI-26AUG21,KXHIGHCHI-26AUG21-B80.5,2026-08-21 15:00:00+00:00,0.43,0.44,0.435,0.01,2026-08-21 15:00:00+00:00,0.43,0.44,0.435,0.01,False,False
Chicago,2026-08-21,KXHIGHCHI-26AUG21,KXHIGHCHI-26AUG21-B82.5,2026-08-21 15:00:00+00:00,0.39,0.4,0.395,0.01,2026-08-21 15:00:00+00:00,0.39,0.4,0.395,0.01,False,False
Chicago,2026-08-21,KXHIGHCHI-26AUG21,KXHIGHCHI-26AUG21-B84.5,2026-08-21 15:00:00+00:00,0.02,0.03,0.025,0.0099999999999999,2026-08-21 15:00:00+00:00,0.02,0.03,0.025,0.0099999999999999,False,False
Chicago,2026-08-21,KXHIGHCHI-26AUG21,KXHIGHCHI-26AUG21-T85,2026-08-21 15:00:00+00:00,0.0,0.01,0.005,0.01,2026-08-21 15:00:00+00:00,0.0,0.01,0.005,0.01,False,False
Chicago,2026-08-22,KXHIGHCHI-26AUG22,KXHIGHCHI-26AUG22-T78,2026-08-22 15:00:00+00:00,0.0,0.02,0.01,0.02,2026-08-22 15:00:00+00:00,0.0,0.02,0.01,0.02,False,False
Chicago,2026-08-22,KXHIGHCHI-26AUG22,KXHIGHCHI-26AUG22-B78.5,2026-08-22 15:00:00+00:00,0.04,0.05,0.045,0.01,2026-08-22 15:00:00+00:00,0.04,0.05,0.045,0.01,False,False
Chicago,2026-08-22,KXHIGHCHI-26AUG22,KXHIGHCHI-26AUG22-B80.5,2026-08-22 15:00:00+00:00,0.54,0.57,0.5549999999999999,0.0299999999999999,2026-08-22 15:00:00+00:00,0.54,0.57,0.5549999999999999,0.0299999999999999,False,False
Chicago,2026-08-22,KXHIGHCHI-26AUG22,KXHIGHCHI-26AUG22-B82.5,2026-08-22 15:00:00+00:00,0.37,0.38,0.375,0.01,2026-08-22 15:00:00+00:00,0.37,0.38,0.375,0.01,False,False
Chicago,2026-08-22,KXHIGHCHI-26AUG22,KXHIGHCHI-26AUG22-B84.5,2026-08-22 15:00:00+00:00,0.02,0.03,0.025,0.0099999999999999,2026-08-22 15:00:00+00:00,0.02,0.03,0.025,0.0099999999999999,False,False
Chicago,2026-08-22,KXHIGHCHI-26AUG22,KXHIGHCHI-26AUG22-T85,2026-08-22 15:00:00+00:00,0.0,0.01,0.005,0.01,2026-08-22 15:00:00+00:00,0.0,0.01,0.005,0.01,False,False
Chicago,2026-08-23,KXHIGHCHI-26AUG23,KXHIGHCHI-26AUG23-T74,2026-08-23 15:00:00+00:00,0.0,0.01,0.005,0.01,2026-08-23 15:00:00+00:00,0.0,0.01,0.005,0.01,False,False
Chicago,2026-08-23,KXHIGHCHI-26AUG23,KXHIGHCHI-26AUG23-B74.5,2026-08-23 15:00:00+00:00,0.01,0.02,0.015,0.01,2026-08-23 15:00:00+00:00,0.01,0.02,0.015,0.01,False,False
Chicago,2026-08-23,KXHIGHCHI-26AUG23,KXHIGHCHI-26AUG23-B76.5,2026-08-23 15:00:00+00:00,0.31,0.34,0.325,0.03,2026-08-23 15:00:00+00:00,0.31,0.34,0.325,0.03,False,False
Chicago,2026-08-23,KXHIGHCHI-26AUG23,KXHIGHCHI-26AUG23-B78.5,2026-08-23 15:00:00+00:00,0.6,0.62,0.61,0.02,2026-08-23 15:00:00+00:00,0.6,0.62,0.61,0.02,False,False
Chicago,2026-08-23,KXHIGHCHI-26AUG23,KXHIGHCHI-26AUG23-B80.5,2026-08-23 15:00:00+00:00,0.05,0.06,0.055,0.0099999999999999,2026-08-23 15:00:00+00:00,0.05,0.06,0.055,0.0099999999999999,False,False
Chicago,2026-08-23,KXHIGHCHI-26AUG23,KXHIGHCHI-26AUG23-T81,2026-08-23 15:00:00+00:00,0.0,0.01,0.005,0.01,2026-08-23 15:00:00+00:00,0.0,0.01,0.005,0.01,False,False
Chicago,2026-08-24,KXHIGHCHI-26AUG24,KXHIGHCHI-26AUG24-T75,2026-08-24 15:00:00+00:00,0.0,0.02,0.01,0.02,2026-08-24 15:00:00+00:00,0.0,0.02,0.01,0.02,False,False
Chicago,2026-08-24,KXHIGHCHI-26AUG24,KXHIGHCHI-26AUG24-B75.5,2026-08-24 15:00:00+00:00,0.01,0.03,0.02,0.0199999999999999,2026-08-24 15:00:00+00:00,0.01,0.03,0.02,0.0199999999999999,False,False
Chicago,2026-08-24,KXHIGHCHI-26AUG24,KXHIGHCHI-26AUG24-B77.5,2026-08-24 15:00:00+00:00,0.44,0.46,0.45,0.02,2026-08-24 15:00:00+00:00,0.44,0.46,0.45,0.02,False,False
Chicago,2026-08-24,KXHIGHCHI-26AUG24,KXHIGHCHI-26AUG24-B79.5,2026-08-24 15:00:00+00:00,0.46,0.48,0.47,0.0199999999999999,2026-08-24 15:00:00+00:00,0.46,0.48,0.47,0.0199999999999999,False,False
Chicago,2026-08-24,KXHIGHCHI-26AUG24,KXHIGHCHI-26AUG24-B81.5,2026-08-24 15:00:00+00:00,0.04,0.05,0.045,0.01,2026-08-24 15:00:00+00:00,0.04,0.05,0.045,0.01,False,False
Chicago,2026-08-24,KXHIGHCHI-26AUG24,KXHIGHCHI-26AUG24-T82,2026-08-24 15:00:00+00:00,0.0,0.01,0.005,0.01,2026-08-24 15:00:00+00:00,0.0,0.01,0.005,0.01,False,False
Chicago,2026-08-25,KXHIGHCHI-26AUG25,KXHIGHCHI-26AUG25-T78,2026-08-25 15:00:00+00:00,0.0,0.01,0.005,0.01,2026-08-25 15:00:00+00:00,0.0,0.01,0.005,0.01,False,False
Chicago,2026-08-25,KXHIGHCHI-26AUG25,KXHIGHCHI-26AUG25-B78.5,2026-08-25 15:00:00+00:00,0.19,0.2,0.195,0.01,2026-08-25 15:00:00+00:00,0.19,0.2,0.195,0.01,False,False
Chicago,2026-08-25,KXHIGHCHI-26AUG25,KXHIGHCHI-26AUG25-B80.5,2026-08-25 15:00:00+00:00,0.61,0.63,0.62,0.02,2026-08-25 15:00:00+00:00,0.61,0.63,0.62,0.02,False,False
Chicago,2026-08-25,KXHIGHCHI-26AUG25,KXHIGHCHI-26AUG25-B82.5,2026-08-25 15:00:00+00:00,0.19,0.2,0.195,0.01,2026-08-25 15:00:00+00:00,0.19,0.2,0.195,0.01,False,False
Chicago,2026-08-25,KXHIGHCHI-26AUG25,KXHIGHCHI-26AUG25-B84.5,2026-08-25 15:00:00+00:00,0.0,0.01,0.005,0.01,2026-08-25 15:00:00+00:00,0.0,0.01,0.005,0.01,False,False
Chicago,2026-08-25,KXHIGHCHI-26AUG25,KXHIGHCHI-26AUG25-T85,2026-08-25 15:00:00+00:00,0.0,0.01,0.005,0.01,2026-08-25 15:00:00+00:00,0.0,0.01,0.005,0.01,False,False
Chicago,2026-08-26,KXHIGHCHI-26AUG26,KXHIGHCHI-26AUG26-T81,2026-08-26 15:00:00+00:00,0.0,0.01,0.005,0.01,2026-08-26 15:00:00+00:00,0.0,0.01,0.005,0.01,False,False
Chicago,2026-08-26,KXHIGHCHI-26AUG26,KXHIGHCHI-26AUG26-B81.5,2026-08-26 15:00:00+00:00,0.03,0.04,0.035,0.01,2026-08-26 15:00:00+00:00,0.03,0.04,0.035,0.01,False,False
Chicago,2026-08-26,KXHIGHCHI-26AUG26,KXHIGHCHI-26AUG26-B83.5,2026-08-26 15:00:00+00:00,0.37,0.39,0.38,0.02,2026-08-26 15:00:00+00:00,0.37,0.39,0.38,0.02,False,False
Chicago,2026-08-26,KXHIGHCHI-26AUG26,KXHIGHCHI-26AUG26-B85.5,2026-08-26 15:00:00+00:00,0.52,0.53,0.525,0.01,2026-08-26 15:00:00+00:00,0.52,0.53,0.525,0.01,False,False
Chicago,2026-08-26,KXHIGHCHI-26AUG26,KXHIGHCHI-26AUG26-B87.5,2026-08-26 15:00:00+00:00,0.07,0.08,0.075,0.0099999999999999,2026-08-26 15:00:00+00:00,0.07,0.08,0.075,0.0099999999999999,False,False
Chicago,2026-08-26,KXHIGHCHI-26AUG26,KXHIGHCHI-26AUG26-T88,2026-08-26 15:00:00+00:00,0.0,0.01,0.005,0.01,2026-08-26 15:00:00+00:00,0.0,0.01,0.005,0.01,False,False
Chicago,2026-08-27,KXHIGHCHI-26AUG27,KXHIGHCHI-26AUG27-T78,2026-08-27 15:00:00+00:00,0.02,0.03,0.025,0.0099999999999999,2026-08-27 15:00:00+00:00,0.02,0.03,0.025,0.0099999999999999,False,False
Chicago,2026-08-27,KXHIGHCHI-26AUG27,KXHIGHCHI-26AUG27-B78.5,2026-08-27 15:00:00+00:00,0.19,0.2,0.195,0.01,2026-08-27 15:00:00+00:00,0.19,0.2,0.195,0.01,False,False
Chicago,2026-08-27,KXHIGHCHI-26AUG27,KXHIGHCHI-26AUG27-B80.5,2026-08-27 15:00:00+00:00,0.55,0.56,0.555,0.01,2026-08-27 15:00:00+00:00,0.55,0.56,0.555,0.01,False,False
Chicago,2026-08-27,KXHIGHCHI-26AUG27,KXHIGHCHI-26AUG27-B82.5,2026-08-27 15:00:00+00:00,0.24,0.26,0.25,0.02,2026-08-27 15:00:00+00:00,0.24,0.26,0.25,0.02,False,False
Chicago,2026-08-27,KXHIGHCHI-26AUG27,KXHIGHCHI-26AUG27-B84.5,2026-08-27 15:00:00+00:00,0.0,0.02,0.01,0.02,2026-08-27 15:00:00+00:00,0.0,0.02,0.01,0.02,False,False
Chicago,2026-08-27,KXHIGHCHI-26AUG27,KXHIGHCHI-26AUG27-T85,2026-08-27 15:00:00+00:00,0.0,0.01,0.005,0.01,2026-08-27 15:00:00+00:00,0.0,0.01,0.005,0.01,False,False
Chicago,2026-08-28,KXHIGHCHI-26AUG28,KXHIGHCHI-26AUG28-T80,2026-08-28 15:00:00+00:00,0.0,0.01,0.005,0.01,2026-08-28 15:00:00+00:00,0.0,0.01,0.005,0.01,False,False
Chicago,2026-08-28,KXHIGHCHI-26AUG28,KXHIGHCHI-26AUG28-B80.5,2026-08-28 15:00:00+00:00,0.06,0.08,0.07,0.02,2026-08-28 15:00:00+00:00,0.06,0.08,0.07,0.02,False,False
Chicago,2026-08-28,KXHIGHCHI-26AUG28,KXHIGHCHI-26AUG28-B82.5,2026-08-28 15:00:00+00:00,0.61,0.62,0.615,0.01,2026-08-28 15:00:00+00:00,0.61,0.62,0.615,0.01,False,False
Chicago,2026-08-28,KXHIGHCHI-26AUG28,KXHIGHCHI-26AUG28-B84.5,2026-08-28 15:00:00+00:00,0.3,0.32,0.31,0.02,2026-08-28 15:00:00+00:00,0.3,0.32,0.31,0.02,False,False
Chicago,2026-08-28,KXHIGHCHI-26AUG28,KXHIGHCHI-26AUG28-B86.5,2026-08-28 15:00:00+00:00,0.01,0.02,0.015,0.01,2026-08-28 15:00:00+00:00,0.01,0.02,0.015,0.01,False,False
Chicago,2026-08-28,KXHIGHCHI-26AUG28,KXHIGHCHI-26AUG28-T87,2026-08-28 15:00:00+00:00,0.0,0.01,0.005,0.01,2026-08-28 15:00:00+00:00,0.0,0.01,0.005,0.01,False,False
Chicago,2026-08-29,KXHIGHCHI-26AUG29,KXHIGHCHI-26AUG29-T80,2026-08-29 15:00:00+00:00,0.08,0.1,0.09,0.02,2026-08-29 15:00:00+00:00,0.08,0.1,0.09,0.02,False,False
Chicago,2026-08-29,KXHIGHCHI-26AUG29,KXHIGHCHI-26AUG29-B80.5,2026-08-29 15:00:00+00:00,0.42,0.44,0.43,0.02,2026-08-29 15:00:00+00:00,0.42,0.44,0.43,0.02,False,False
Chicago,2026-08-29,KXHIGHCHI-26AUG29,KXHIGHCHI-26AUG29-B82.5,2026-08-29 15:00:00+00:00,0.4,0.42,0.41,0.0199999999999999,2026-08-29 15:00:00+00:00,0.4,0.42,0.41,0.0199999999999999,False,False
Chicago,2026-08-29,KXHIGHCHI-26AUG29,KXHIGHCHI-26AUG29-B84.5,2026-08-29 15:00:00+00:00,0.04,0.06,0.05,0.0199999999999999,2026-08-29 15:00:00+00:00,0.04,0.06,0.05,0.0199999999999999,False,False
Chicago,2026-08-29,KXHIGHCHI-26AUG29,KXHIGHCHI-26AUG29-B86.5,2026-08-29 15:00:00+00:00,0.0,0.01,0.005,0.01,2026-08-29 15:00:00+00:00,0.0,0.01,0.005,0.01,False,False
Chicago,2026-08-29,KXHIGHCHI-26AUG29,KXHIGHCHI-26AUG29-T87,2026-08-29 15:00:00+00:00,0.0,0.01,0.005,0.01,2026-08-29 15:00:00+00:00,0.0,0.01,0.005,0.01,False,False
Chicago,2026-08-30,KXHIGHCHI-26AUG30,KXHIGHCHI-26AUG30-T86,2026-08-30 15:00:00+00:00,0.95,0.96,0.955,0.01,2026-08-30 15:00:00+00:00,0.95,0.96,0.955,0.01,False,False
Chicago,2026-08-30,KXHIGHCHI-26AUG30,KXHIGHCHI-26AUG30-B86.5,2026-08-30 15:00:00+00:00,0.04,0.05,0.045,0.01,2026-08-30 15:00:00+00:00,0.04,0.05,0.045,0.01,False,False
Chicago,2026-08-30,KXHIGHCHI-26AUG30,KXHIGHCHI-26AUG30-B88.5,2026-08-30 15:00:00+00:00,0.0,0.02,0.01,0.02,2026-08-30 15:00:00+00:00,0.0,0.02,0.01,0.02,False,False
Chicago,2026-08-30,KXHIGHCHI-26AUG30,KXHIGHCHI-26AUG30-B90.5,2026-08-30 15:00:00+00:00,0.0,0.01,0.005,0.01,2026-08-30 15:00:00+00:00,0.0,0.01,0.005,0.01,False,False
Chicago,2026-08-30,KXHIGHCHI-26AUG30,KXHIGHCHI-26AUG30-B92.5,2026-08-30 15:00:00+00:00,0.0,0.01,0.005,0.01,2026-08-30 15:00:00+00:00,0.0,0.01,0.005,0.01,False,False
Chicago,2026-08-30,KXHIGHCHI-26AUG30,KXHIGHCHI-26AUG30-T93,2026-08-30 15:00:00+00:00,0.0,0.01,0.005,0.01,2026-08-30 15:00:00+00:00,0.0,0.01,0.005,0.01,False,False
Chicago,2026-08-31,KXHIGHCHI-26AUG31,KXHIGHCHI-26AUG31-T89,2026-08-31 15:00:00+00:00,0.26,0.28,0.27,0.02,2026-08-31 15:00:00+00:00,0.26,0.28,0.27,0.02,False,False
Chicago,2026-08-31,KXHIGHCHI-26AUG31,KXHIGHCHI-26AUG31-B89.5,2026-08-31 15:00:00+00:00,0.29,0.3,0.295,0.01,2026-08-31 15:00:00+00:00,0.29,0.3,0.295,0.01,False,False
Chicago,2026-08-31,KXHIGHCHI-26AUG31,KXHIGHCHI-26AUG31-B91.5,2026-08-31 15:00:00+00:00,0.35,0.39,0.37,0.04,2026-08-31 15:00:00+00:00,0.35,0.39,0.37,0.04,False,False
Chicago,2026-08-31,KXHIGHCHI-26AUG31,KXHIGHCHI-26AUG31-B93.5,2026-08-31 15:00:00+00:00,0.07,0.08,0.075,0.0099999999999999,2026-08-31 15:00:00+00:00,0.07,0.08,0.075,0.0099999999999999,False,False
Chicago,2026-08-31,KXHIGHCHI-26AUG31,KXHIGHCHI-26AUG31-B95.5,2026-08-31 15:00:00+00:00,0.02,0.03,0.025,0.0099999999999999,2026-08-31 15:00:00+00:00,0.02,0.03,0.025,0.0099999999999999,False,False
Chicago,2026-08-31,KXHIGHCHI-26AUG31,KXHIGHCHI-26AUG31-T96,2026-08-31 15:00:00+00:00,0.0,0.01,0.005,0.01,2026-08-31 15:00:00+00:00,0.0,0.01,0.005,0.01,False,False
Chicago,2026-09-01,KXHIGHCHI-26SEP01,KXHIGHCHI-26SEP01-T87,2026-09-01 15:00:00+00:00,0.0,0.01,0.005,0.01,2026-09-01 15:00:00+00:00,0.0,0.01,0.005,0.01,False,False
Chicago,2026-09-01,KXHIGHCHI-26SEP01,KXHIGHCHI-26SEP01-B87.5,2026-09-01 15:00:00+00:00,0.0,0.01,0.005,0.01,2026-09-01 15:00:00+00:00,0.0,0.01,0.005,0.01,False,False
Chicago,2026-09-01,KXHIGHCHI-26SEP01,KXHIGHCHI-26SEP01-B89.5,2026-09-01 15:00:00+00:00,0.01,0.03,0.02,0.0199999999999999,2026-09-01 15:00:00+00:00,0.01,0.03,0.02,0.0199999999999999,False,False
Chicago,2026-09-01,KXHIGHCHI-26SEP01,KXHIGHCHI-26SEP01-B91.5,2026-09-01 15:00:00+00:00,0.1,0.11,0.105,0.0099999999999999,2026-09-01 15:00:00+00:00,0.1,0.11,0.105,0.0099999999999999,False,False
Chicago,2026-09-01,KXHIGHCHI-26SEP01,KXHIGHCHI-26SEP01-B93.5,2026-09-01 15:00:00+00:00,0.4,0.41,0.405,0.0099999999999999,2026-09-01 15:00:00+00:00,0.4,0.41,0.405,0.0099999999999999,False,False
Chicago,2026-09-01,KXHIGHCHI-26SEP01,KXHIGHCHI-26SEP01-T94,2026-09-01 15:00:00+00:00,0.49,0.5,0.495,0.01,2026-09-01 15:00:00+00:00,0.49,0.5,0.495,0.01,False,False
Chicago,2026-09-02,KXHIGHCHI-26SEP02,KXHIGHCHI-26SEP02-T92,2026-09-02 15:00:00+00:00,0.02,0.03,0.025,0.0099999999999999,2026-09-02 15:00:00+00:00,0.02,0.03,0.025,0.0099999999999999,False,False
Chicago,2026-09-02,KXHIGHCHI-26SEP02,KXHIGHCHI-26SEP02-B92.5,2026-09-02 15:00:00+00:00,0.13,0.15,0.14,0.0199999999999999,2026-09-02 15:00:00+00:00,0.13,0.15,0.14,0.0199999999999999,False,False
Chicago,2026-09-02,KXHIGHCHI-26SEP02,KXHIGHCHI-26SEP02-B94.5,2026-09-02 15:00:00+00:00,0.61,0.64,0.625,0.03,2026-09-02 15:00:00+00:00,0.61,0.64,0.625,0.03,False,False
Chicago,2026-09-02,KXHIGHCHI-26SEP02,KXHIGHCHI-26SEP02-B96.5,2026-09-02 15:00:00+00:00,0.2,0.21,0.205,0.0099999999999999,2026-09-02 15:00:00+00:00,0.2,0.21,0.205,0.0099999999999999,False,False
Chicago,2026-09-02,KXHIGHCHI-26SEP02,KXHIGHCHI-26SEP02-B98.5,2026-09-02 15:00:00+00:00,0.01,0.02,0.015,0.01,2026-09-02 15:00:00+00:00,0.01,0.02,0.015,0.01,False,False
Chicago,2026-09-02,KXHIGHCHI-26SEP02,KXHIGHCHI-26SEP02-T99,2026-09-02 15:00:00+00:00,0.0,0.01,0.005,0.01,2026-09-02 15:00:00+00:00,0.0,0.01,0.005,0.01,False,False
Chicago,2026-09-03,KXHIGHCHI-26SEP03,KXHIGHCHI-26SEP03-T88,2026-09-03 15:00:00+00:00,0.01,0.03,0.02,0.0199999999999999,2026-09-03 15:00:00+00:00,0.01,0.03,0.02,0.0199999999999999,False,False
Chicago,2026-09-03,KXHIGHCHI-26SEP03,KXHIGHCHI-26SEP03-B88.5,2026-09-03 15:00:00+00:00,0.05,0.09,0.07,0.0399999999999999,2026-09-03 15:00:00+00:00,0.05,0.09,0.07,0.0399999999999999,False,False
Chicago,2026-09-03,KXHIGHCHI-26SEP03,KXHIGHCHI-26SEP03-B90.5,2026-09-03 15:00:00+00:00,0.21,0.26,0.235,0.05,2026-09-03 15:00:00+00:00,0.21,0.26,0.235,0.05,False,False
Chicago,2026-09-03,KXHIGHCHI-26SEP03,KXHIGHCHI-26SEP03-B92.5,2026-09-03 15:00:00+00:00,0.34,0.39,0.365,0.0499999999999999,2026-09-03 15:00:00+00:00,0.34,0.39,0.365,0.0499999999999999,False,False
Chicago,2026-09-03,KXHIGHCHI-26SEP03,KXHIGHCHI-26SEP03-B94.5,2026-09-03 15:00:00+00:00,0.23,0.25,0.24,0.0199999999999999,2026-09-03 15:00:00+00:00,0.23,0.25,0.24,0.0199999999999999,False,False
Chicago,2026-09-03,KXHIGHCHI-26SEP03,KXHIGHCHI-26SEP03-T95,2026-09-03 15:00:00+00:00,0.04,0.05,0.045,0.01,2026-09-03 15:00:00+00:00,0.04,0.05,0.045,0.01,False,False
Chicago,2026-09-04,KXHIGHCHI-26SEP04,KXHIGHCHI-26SEP04-T89,2026-09-04 15:00:00+00:00,0.0,0.04,0.02,0.04,2026-09-04 15:00:00+00:00,0.0,0.04,0.02,0.04,False,False
Chicago,2026-09-04,KXHIGHCHI-26SEP04,KXHIGHCHI-26SEP04-B89.5,2026-09-04 15:00:00+00:00,0.04,0.07,0.055,0.03,2026-09-04 15:00:00+00:00,0.04,0.07,0.055,0.03,False,False
Chicago,2026-09-04,KXHIGHCHI-26SEP04,KXHIGHCHI-26SEP04-B91.5,2026-09-04 15:00:00+00:00,0.12,0.13,0.125,0.01,2026-09-04 15:00:00+00:00,0.12,0.13,0.125,0.01,False,False
Chicago,2026-09-04,KXHIGHCHI-26SEP04,KXHIGHCHI-26SEP04-B93.5,2026-09-04 15:00:00+00:00,0.19,0.2,0.195,0.01,2026-09-04 15:00:00+00:00,0.19,0.2,0.195,0.01,False,False
Chicago,2026-09-04,KXHIGHCHI-26SEP04,KXHIGHCHI-26SEP04-B95.5,2026-09-04 15:00:00+00:00,0.37,0.38,0.375,0.01,2026-09-04 15:00:00+00:00,0.37,0.38,0.375,0.01,False,False
Chicago,2026-09-04,KXHIGHCHI-26SEP04,KXHIGHCHI-26SEP04-T96,2026-09-04 15:00:00+00:00,0.24,0.28,0.26,0.04,2026-09-04 15:00:00+00:00,0.24,0.28,0.26,0.04,False,False
Chicago,2026-09-05,KXHIGHCHI-26SEP05,KXHIGHCHI-26SEP05-T83,2026-09-05 15:00:00+00:00,0.35,0.38,0.365,0.03,2026-09-05 15:00:00+00:00,0.35,0.38,0.365,0.03,False,False
Chicago,2026-09-05,KXHIGHCHI-26SEP05,KXHIGHCHI-26SEP05-B83.5,2026-09-05 15:00:00+00:00,0.51,0.54,0.525,0.03,2026-09-05 15:00:00+00:00,0.51,0.54,0.525,0.03,False,False
Chicago,2026-09-05,KXHIGHCHI-26SEP05,KXHIGHCHI-26SEP05-B85.5,2026-09-05 15:00:00+00:00,0.08,0.09,0.0849999999999999,0.0099999999999999,2026-09-05 15:00:00+00:00,0.08,0.09,0.0849999999999999,0.0099999999999999,False,False
Chicago,2026-09-05,KXHIGHCHI-26SEP05,KXHIGHCHI-26SEP05-B87.5,2026-09-05 15:00:00+00:00,0.01,0.02,0.015,0.01,2026-09-05 15:00:00+00:00,0.01,0.02,0.015,0.01,False,False
Chicago,2026-09-05,KXHIGHCHI-26SEP05,KXHIGHCHI-26SEP05-B89.5,2026-09-05 15:00:00+00:00,0.0,0.01,0.005,0.01,2026-09-05 15:00:00+00:00,0.0,0.01,0.005,0.01,False,False
Chicago,2026-09-05,KXHIGHCHI-26SEP05,KXHIGHCHI-26SEP05-T90,2026-09-05 15:00:00+00:00,0.0,0.01,0.005,0.01,2026-09-05 15:00:00+00:00,0.0,0.01,0.005,0.01,False,False
Chicago,2026-09-06,KXHIGHCHI-26SEP06,KXHIGHCHI-26SEP06-T75,2026-09-06 15:00:00+00:00,0.0,0.01,0.005,0.01,2026-09-06 15:00:00+00:00,0.0,0.01,0.005,0.01,False,False
Chicago,2026-09-06,KXHIGHCHI-26SEP06,KXHIGHCHI-26SEP06-B75.5,2026-09-06 15:00:00+00:00,0.07,0.09,0.08,0.0199999999999999,2026-09-06 15:00:00+00:00,0.07,0.09,0.08,0.0199999999999999,False,False
Chicago,2026-09-06,KXHIGHCHI-26SEP06,KXHIGHCHI-26SEP06-B77.5,2026-09-06 15:00:00+00:00,0.45,0.47,0.4599999999999999,0.0199999999999999,2026-09-06 15:00:00+00:00,0.45,0.47,0.4599999999999999,0.0199999999999999,False,False
Chicago,2026-09-06,KXHIGHCHI-26SEP06,KXHIGHCHI-26SEP06-B79.5,2026-09-06 15:00:00+00:00,0.41,0.43,0.42,0.02,2026-09-06 15:00:00+00:00,0.41,0.43,0.42,0.02,False,False
Chicago,2026-09-06,KXHIGHCHI-26SEP06,KXHIGHCHI-26SEP06-B81.5,2026-09-06 15:00:00+00:00,0.06,0.08,0.07,0.02,2026-09-06 15:00:00+00:00,0.06,0.08,0.07,0.02,False,False
Chicago,2026-09-06,KXHIGHCHI-26SEP06,KXHIGHCHI-26SEP06-T82,2026-09-06 15:00:00+00:00,0.0,0.01,0.005,0.01,2026-09-06 15:00:00+00:00,0.0,0.01,0.005,0.01,False,False
Chicago,2026-09-07,KXHIGHCHI-26SEP07,KXHIGHCHI-26SEP07-T76,2026-09-07 15:00:00+00:00,0.0,0.01,0.005,0.01,2026-09-07 15:00:00+00:00,0.0,0.01,0.005,0.01,False,False
Chicago,2026-09-07,KXHIGHCHI-26SEP07,KXHIGHCHI-26SEP07-B76.5,2026-09-07 15:00:00+00:00,0.01,0.03,0.02,0.0199999999999999,2026-09-07 15:00:00+00:00,0.01,0.03,0.02,0.0199999999999999,False,False
Chicago,2026-09-07,KXHIGHCHI-26SEP07,KXHIGHCHI-26SEP07-B78.5,2026-09-07 15:00:00+00:00,0.27,0.28,0.275,0.01,2026-09-07 15:00:00+00:00,0.27,0.28,0.275,0.01,False,False
Chicago,2026-09-07,KXHIGHCHI-26SEP07,KXHIGHCHI-26SEP07-B80.5,2026-09-07 15:00:00+00:00,0.63,0.64,0.635,0.01,2026-09-07 15:00:00+00:00,0.63,0.64,0.635,0.01,False,False
Chicago,2026-09-07,KXHIGHCHI-26SEP07,KXHIGHCHI-26SEP07-B82.5,2026-09-07 15:00:00+00:00,0.06,0.07,0.065,0.01,2026-09-07 15:00:00+00:00,0.06,0.07,0.065,0.01,False,False
Chicago,2026-09-07,KXHIGHCHI-26SEP07,KXHIGHCHI-26SEP07-T83,2026-09-07 15:00:00+00:00,0.0,0.01,0.005,0.01,2026-09-07 15:00:00+00:00,0.0,0.01,0.005,0.01,False,False
Chicago,2026-09-08,KXHIGHCHI-26SEP08,KXHIGHCHI-26SEP08-T85,2026-09-08 15:00:00+00:00,0.14,0.15,0.145,0.0099999999999999,2026-09-08 15:00:00+00:00,0.14,0.15,0.145,0.0099999999999999,False,False
Chicago,2026-09-08,KXHIGHCHI-26SEP08,KXHIGHCHI-26SEP08-B85.5,2026-09-08 15:00:00+00:00,0.56,0.59,0.575,0.0299999999999999,2026-09-08 15:00:00+00:00,0.56,0.59,0.575,0.0299999999999999,False,False
Chicago,2026-09-08,KXHIGHCHI-26SEP08,KXHIGHCHI-26SEP08-B87.5,2026-09-08 15:00:00+00:00,0.27,0.3,0.285,0.0299999999999999,2026-09-08 15:00:00+00:00,0.27,0.3,0.285,0.0299999999999999,False,False
Chicago,2026-09-08,KXHIGHCHI-26SEP08,KXHIGHCHI-26SEP08-B89.5,2026-09-08 15:00:00+00:00,0.01,0.02,0.015,0.01,2026-09-08 15:00:00+00:00,0.01,0.02,0.015,0.01,False,False
Chicago,2026-09-08,KXHIGHCHI-26SEP08,KXHIGHCHI-26SEP08-B91.5,2026-09-08 15:00:00+00:00,0.0,0.01,0.005,0.01,2026-09-08 15:00:00+00:00,0.0,0.01,0.005,0.01,False,False
Chicago,2026-09-08,KXHIGHCHI-26SEP08,KXHIGHCHI-26SEP08-T92,2026-09-08 15:00:00+00:00,0.0,0.01,0.005,0.01,2026-09-08 15:00:00+00:00,0.0,0.01,0.005,0.01,False,False
Chicago,2026-09-09,KXHIGHCHI-26SEP09,KXHIGHCHI-26SEP09-T80,2026-09-09 15:00:00+00:00,0.35,0.37,0.36,0.02,2026-09-09 15:00:00+00:00,0.35,0.37,0.36,0.02,False,False
Chicago,2026-09-09,KXHIGHCHI-26SEP09,KXHIGHCHI-26SEP09-B80.5,2026-09-09 15:00:00+00:00,0.53,0.55,0.54,0.02,2026-09-09 15:00:00+00:00,0.53,0.55,0.54,0.02,False,False
Chicago,2026-09-09,KXHIGHCHI-26SEP09,KXHIGHCHI-26SEP09-B82.5,2026-09-09 15:00:00+00:00,0.09,0.1,0.095,0.01,2026-09-09 15:00:00+00:00,0.09,0.1,0.095,0.01,False,False
Chicago,2026-09-09,KXHIGHCHI-26SEP09,KXHIGHCHI-26SEP09-B84.5,2026-09-09 15:00:00+00:00,0.02,0.03,0.025,0.0099999999999999,2026-09-09 15:00:00+00:00,0.02,0.03,0.025,0.0099999999999999,False,False
Chicago,2026-09-09,KXHIGHCHI-26SEP09,KXHIGHCHI-26SEP09-B86.5,2026-09-09 15:00:00+00:00,0.0,0.01,0.005,0.01,2026-09-09 15:00:00+00:00,0.0,0.01,0.005,0.01,False,False
Chicago,2026-09-09,KXHIGHCHI-26SEP09,KXHIGHCHI-26SEP09-T87,2026-09-09 15:00:00+00:00,0.0,0.01,0.005,0.01,2026-09-09 15:00:00+00:00,0.0,0.01,0.005,0.01,False,False
Chicago,2026-09-10,KXHIGHCHI-26SEP10,KXHIGHCHI-26SEP10-T75,2026-09-10 15:00:00+00:00,0.0,0.01,0.005,0.01,2026-09-10 15:00:00+00:00,0.0,0.01,0.005,0.01,False,False
Chicago,2026-09-10,KXHIGHCHI-26SEP10,KXHIGHCHI-26SEP10-B75.5,2026-09-10 15:00:00+00:00,0.03,0.04,0.035,0.01,2026-09-10 15:00:00+00:00,0.03,0.04,0.035,0.01,False,False
Chicago,2026-09-10,KXHIGHCHI-26SEP10,KXHIGHCHI-26SEP10-B77.5,2026-09-10 15:00:00+00:00,0.38,0.39,0.385,0.01,2026-09-10 15:00:00+00:00,0.38,0.39,0.385,0.01,False,False
Chicago,2026-09-10,KXHIGHCHI-26SEP10,KXHIGHCHI-26SEP10-B79.5,2026-09-10 15:00:00+00:00,0.51,0.53,0.52,0.02,2026-09-10 15:00:00+00:00,0.51,0.53,0.52,0.02,False,False
Chicago,2026-09-10,KXHIGHCHI-26SEP10,KXHIGHCHI-26SEP10-B81.5,2026-09-10 15:00:00+00:00,0.1,0.11,0.105,0.0099999999999999,2026-09-10 15:00:00+00:00,0.1,0.11,0.105,0.0099999999999999,False,False
Chicago,2026-09-10,KXHIGHCHI-26SEP10,KXHIGHCHI-26SEP10-T82,2026-09-10 15:00:00+00:00,0.01,0.02,0.015,0.01,2026-09-10 15:00:00+00:00,0.01,0.02,0.015,0.01,False,False
Chicago,2026-09-11,KXHIGHCHI-26SEP11,KXHIGHCHI-26SEP11-T76,2026-09-11 15:00:00+00:00,0.0,0.01,0.005,0.01,2026-09-11 15:00:00+00:00,0.0,0.01,0.005,0.01,False,False
Chicago,2026-09-11,KXHIGHCHI-26SEP11,KXHIGHCHI-26SEP11-B76.5,2026-09-11 15:00:00+00:00,0.01,0.02,0.015,0.01,2026-09-11 15:00:00+00:00,0.01,0.02,0.015,0.01,False,False
Chicago,2026-09-11,KXHIGHCHI-26SEP11,KXHIGHCHI-26SEP11-B78.5,2026-09-11 15:00:00+00:00,0.12,0.17,0.145,0.05,2026-09-11 15:00:00+00:00,0.12,0.17,0.145,0.05,False,False
Chicago,2026-09-11,KXHIGHCHI-26SEP11,KXHIGHCHI-26SEP11-B80.5,2026-09-11 15:00:00+00:00,0.59,0.63,0.61,0.04,2026-09-11 15:00:00+00:00,0.59,0.63,0.61,0.04,False,False
Chicago,2026-09-11,KXHIGHCHI-26SEP11,KXHIGHCHI-26SEP11-B82.5,2026-09-11 15:00:00+00:00,0.22,0.23,0.225,0.01,2026-09-11 15:00:00+00:00,0.22,0.23,0.225,0.01,False,False
Chicago,2026-09-11,KXHIGHCHI-26SEP11,KXHIGHCHI-26SEP11-T83,2026-09-11 15:00:00+00:00,0.01,0.02,0.015,0.01,2026-09-11 15:00:00+00:00,0.01,0.02,0.015,0.01,False,False
Chicago,2026-09-12,KXHIGHCHI-26SEP12,KXHIGHCHI-26SEP12-T84,2026-09-12 15:00:00+00:00,0.02,0.03,0.025,0.0099999999999999,2026-09-12 15:00:00+00:00,0.02,0.03,0.025,0.0099999999999999,False,False
Chicago,2026-09-12,KXHIGHCHI-26SEP12,KXHIGHCHI-26SEP12-B84.5,2026-09-12 15:00:00+00:00,0.2,0.22,0.21,0.0199999999999999,2026-09-12 15:00:00+00:00,0.2,0.22,0.21,0.0199999999999999,False,False
Chicago,2026-09-12,KXHIGHCHI-26SEP12,KXHIGHCHI-26SEP12-B86.5,2026-09-12 15:00:00+00:00,0.63,0.65,0.64,0.02,2026-09-12 15:00:00+00:00,0.63,0.65,0.64,0.02,False,False
Chicago,2026-09-12,KXHIGHCHI-26SEP12,KXHIGHCHI-26SEP12-B88.5,2026-09-12 15:00:00+00:00,0.12,0.13,0.125,0.01,2026-09-12 15:00:00+00:00,0.12,0.13,0.125,0.01,False,False
Chicago,2026-09-12,KXHIGHCHI-26SEP12,KXHIGHCHI-26SEP12-B90.5,2026-09-12 15:00:00+00:00,0.0,0.01,0.005,0.01,2026-09-12 15:00:00+00:00,0.0,0.01,0.005,0.01,False,False
Chicago,2026-09-12,KXHIGHCHI-26SEP12,KXHIGHCHI-26SEP12-T91,2026-09-12 15:00:00+00:00,0.0,0.01,0.005,0.01,2026-09-12 15:00:00+00:00,0.0,0.01,0.005,0.01,False,False
Chicago,2026-09-13,KXHIGHCHI-26SEP13,KXHIGHCHI-26SEP13-T72,2026-09-13 15:00:00+00:00,0.0,0.01,0.005,0.01,2026-09-13 15:00:00+00:00,0.0,0.01,0.005,0.01,False,False
Chicago,2026-09-13,KXHIGHCHI-26SEP13,KXHIGHCHI-26SEP13-B72.5,2026-09-13 15:00:00+00:00,0.0,0.01,0.005,0.01,2026-09-13 15:00:00+00:00,0.0,0.01,0.005,0.01,False,False
Chicago,2026-09-13,KXHIGHCHI-26SEP13,KXHIGHCHI-26SEP13-B74.5,2026-09-13 15:00:00+00:00,0.26,0.29,0.275,0.0299999999999999,2026-09-13 15:00:00+00:00,0.26,0.29,0.275,0.0299999999999999,False,False
Chicago,2026-09-13,KXHIGHCHI-26SEP13,KXHIGHCHI-26SEP13-B76.5,2026-09-13 15:00:00+00:00,0.62,0.66,0.64,0.04,2026-09-13 15:00:00+00:00,0.62,0.66,0.64,0.04,False,False
Chicago,2026-09-13,KXHIGHCHI-26SEP13,KXHIGHCHI-26SEP13-B78.5,2026-09-13 15:00:00+00:00,0.06,0.08,0.07,0.02,2026-09-13 15:00:00+00:00,0.06,0.08,0.07,0.02,False,False
Chicago,2026-09-13,KXHIGHCHI-26SEP13,KXHIGHCHI-26SEP13-T79,2026-09-13 15:00:00+00:00,0.02,0.03,0.025,0.0099999999999999,2026-09-13 15:00:00+00:00,0.02,0.03,0.025,0.0099999999999999,False,False
Chicago,2026-09-14,KXHIGHCHI-26SEP14,KXHIGHCHI-26SEP14-T72,2026-09-14 15:00:00+00:00,0.01,0.02,0.015,0.01,2026-09-14 15:00:00+00:00,0.01,0.02,0.015,0.01,False,False
Chicago,2026-09-14,KXHIGHCHI-26SEP14,KXHIGHCHI-26SEP14-B72.5,2026-09-14 15:00:00+00:00,0.25,0.27,0.26,0.02,2026-09-14 15:00:00+00:00,0.25,0.27,0.26,0.02,False,False
Chicago,2026-09-14,KXHIGHCHI-26SEP14,KXHIGHCHI-26SEP14-B74.5,2026-09-14 15:00:00+00:00,0.53,0.56,0.545,0.03,2026-09-14 15:00:00+00:00,0.53,0.56,0.545,0.03,False,False
Chicago,2026-09-14,KXHIGHCHI-26SEP14,KXHIGHCHI-26SEP14-B76.5,2026-09-14 15:00:00+00:00,0.18,0.21,0.195,0.03,2026-09-14 15:00:00+00:00,0.18,0.21,0.195,0.03,False,False
Chicago,2026-09-14,KXHIGHCHI-26SEP14,KXHIGHCHI-26SEP14-B78.5,2026-09-14 15:00:00+00:00,0.02,0.03,0.025,0.0099999999999999,2026-09-14 15:00:00+00:00,0.02,0.03,0.025,0.0099999999999999,False,False
Chicago,2026-09-14,KXHIGHCHI-26SEP14,KXHIGHCHI-26SEP14-T79,2026-09-14 15:00:00+00:00,0.0,0.01,0.005,0.01,2026-09-14 15:00:00+00:00,0.0,0.01,0.005,0.01,False,False
Chicago,2026-09-15,KXHIGHCHI-26SEP15,KXHIGHCHI-26SEP15-T80,2026-09-15 15:00:00+00:00,0.03,0.04,0.035,0.01,2026-09-15 15:00:00+00:00,0.03,0.04,0.035,0.01,False,False
Chicago,2026-09-15,KXHIGHCHI-26SEP15,KXHIGHCHI-26SEP15-B80.5,2026-09-15 15:00:00+00:00,0.11,0.12,0.1149999999999999,0.0099999999999999,2026-09-15 15:00:00+00:00,0.11,0.12,0.1149999999999999,0.0099999999999999,False,False
Chicago,2026-09-15,KXHIGHCHI-26SEP15,KXHIGHCHI-26SEP15-B82.5,2026-09-15 15:00:00+00:00,0.22,0.23,0.225,0.01,2026-09-15 15:00:00+00:00,0.22,0.23,0.225,0.01,False,False
Chicago,2026-09-15,KXHIGHCHI-26SEP15,KXHIGHCHI-26SEP15-B84.5,2026-09-15 15:00:00+00:00,0.44,0.46,0.45,0.02,2026-09-15 15:00:00+00:00,0.44,0.46,0.45,0.02,False,False
Chicago,2026-09-15,KXHIGHCHI-26SEP15,KXHIGHCHI-26SEP15-B86.5,2026-09-15 15:00:00+00:00,0.2,0.21,0.205,0.0099999999999999,2026-09-15 15:00:00+00:00,0.2,0.21,0.205,0.0099999999999999,False,False
Chicago,2026-09-15,KXHIGHCHI-26SEP15,KXHIGHCHI-26SEP15-T87,2026-09-15 15:00:00+00:00,0.03,0.04,0.035,0.01,2026-09-15 15:00:00+00:00,0.03,0.04,0.035,0.01,False,False
Chicago,2026-09-16,KXHIGHCHI-26SEP16,KXHIGHCHI-26SEP16-T71,2026-09-16 15:00:00+00:00,0.0,0.01,0.005,0.01,2026-09-16 15:00:00+00:00,0.0,0.01,0.005,0.01,False,False
Chicago,2026-09-16,KXHIGHCHI-26SEP16,KXHIGHCHI-26SEP16-B71.5,2026-09-16 15:00:00+00:00,0.0,0.01,0.005,0.01,2026-09-16 15:00:00+00:00,0.0,0.01,0.005,0.01,False,False
Chicago,2026-09-16,KXHIGHCHI-26SEP16,KXHIGHCHI-26SEP16-B73.5,2026-09-16 15:00:00+00:00,0.7,0.73,0.715,0.03,2026-09-16 15:00:00+00:00,0.7,0.73,0.715,0.03,False,False
Chicago,2026-09-16,KXHIGHCHI-26SEP16,KXHIGHCHI-26SEP16-B75.5,2026-09-16 15:00:00+00:00,0.23,0.27,0.25,0.04,2026-09-16 15:00:00+00:00,0.23,0.27,0.25,0.04,False,False
Chicago,2026-09-16,KXHIGHCHI-26SEP16,KXHIGHCHI-26SEP16-B77.5,2026-09-16 15:00:00+00:00,0.01,0.02,0.015,0.01,2026-09-16 15:00:00+00:00,0.01,0.02,0.015,0.01,False,False
Chicago,2026-09-16,KXHIGHCHI-26SEP16,KXHIGHCHI-26SEP16-T78,2026-09-16 15:00:00+00:00,0.0,0.01,0.005,0.01,2026-09-16 15:00:00+00:00,0.0,0.01,0.005,0.01,False,False
Chicago,2026-09-17,KXHIGHCHI-26SEP17,KXHIGHCHI-26SEP17-T74,2026-09-17 15:00:00+00:00,0.05,0.08,0.065,0.03,2026-09-17 15:00:00+00:00,0.05,0.08,0.065,0.03,False,False
Chicago,2026-09-17,KXHIGHCHI-26SEP17,KXHIGHCHI-26SEP17-B74.5,2026-09-17 15:00:00+00:00,0.25,0.29,0.27,0.0399999999999999,2026-09-17 15:00:00+00:00,0.25,0.29,0.27,0.0399999999999999,False,False
Chicago,2026-09-17,KXHIGHCHI-26SEP17,KXHIGHCHI-26SEP17-B76.5,2026-09-17 15:00:00+00:00,0.41,0.43,0.42,0.02,2026-09-17 15:00:00+00:00,0.41,0.43,0.42,0.02,False,False
Chicago,2026-09-17,KXHIGHCHI-26SEP17,KXHIGHCHI-26SEP17-B78.5,2026-09-17 15:00:00+00:00,0.24,0.25,0.245,0.01,2026-09-17 15:00:00+00:00,0.24,0.25,0.245,0.01,False,False
Chicago,2026-09-17,KXHIGHCHI-26SEP17,KXHIGHCHI-26SEP17-B80.5,2026-09-17 15:00:00+00:00,0.02,0.03,0.025,0.0099999999999999,2026-09-17 15:00:00+00:00,0.02,0.03,0.025,0.0099999999999999,False,False
Chicago,2026-09-17,KXHIGHCHI-26SEP17,KXHIGHCHI-26SEP17-T81,2026-09-17 15:00:00+00:00,0.0,0.01,0.005,0.01,2026-09-17 15:00:00+00:00,0.0,0.01,0.005,0.01,False,False
Chicago,2026-09-18,KXHIGHCHI-26SEP18,KXHIGHCHI-26SEP18-T70,2026-09-18 15:00:00+00:00,0.0,0.01,0.005,0.01,2026-09-18 15:00:00+00:00,0.0,0.01,0.005,0.01,False,False
Chicago,2026-09-18,KXHIGHCHI-26SEP18,KXHIGHCHI-26SEP18-B70.5,2026-09-18 15:00:00+00:00,0.14,0.16,0.15,0.0199999999999999,2026-09-18 15:00:00+00:00,0.14,0.16,0.15,0.0199999999999999,False,False
Chicago,2026-09-18,KXHIGHCHI-26SEP18,KXHIGHCHI-26SEP18-B72.5,2026-09-18 15:00:00+00:00,0.54,0.55,0.545,0.01,2026-09-18 15:00:00+00:00,0.54,0.55,0.545,0.01,False,False
Chicago,2026-09-18,KXHIGHCHI-26SEP18,KXHIGHCHI-26SEP18-B74.5,2026-09-18 15:00:00+00:00,0.22,0.23,0.225,0.01,2026-09-18 15:00:00+00:00,0.22,0.23,0.225,0.01,False,False
Chicago,2026-09-18,KXHIGHCHI-26SEP18,KXHIGHCHI-26SEP18-B76.5,2026-09-18 15:00:00+00:00,0.02,0.03,0.025,0.0099999999999999,2026-09-18 15:00:00+00:00,0.02,0.03,0.025,0.0099999999999999,False,False
Chicago,2026-09-18,KXHIGHCHI-26SEP18,KXHIGHCHI-26SEP18-T77,2026-09-18 15:00:00+00:00,0.0,0.01,0.005,0.01,2026-09-18 15:00:00+00:00,0.0,0.01,0.005,0.01,False,False
Chicago,2026-09-19,KXHIGHCHI-26SEP19,KXHIGHCHI-26SEP19-T72,2026-09-19 15:00:00+00:00,0.13,0.15,0.14,0.0199999999999999,2026-09-19 15:00:00+00:00,0.13,0.15,0.14,0.0199999999999999,False,False
Chicago,2026-09-19,KXHIGHCHI-26SEP19,KXHIGHCHI-26SEP19-B72.5,2026-09-19 15:00:00+00:00,0.17,0.22,0.195,0.0499999999999999,2026-09-19 15:00:00+00:00,0.17,0.22,0.195,0.0499999999999999,False,False
Chicago,2026-09-19,KXHIGHCHI-26SEP19,KXHIGHCHI-26SEP19-B74.5,2026-09-19 15:00:00+00:00,0.38,0.4,0.39,0.02,2026-09-19 15:00:00+00:00,0.38,0.4,0.39,0.02,False,False
Chicago,2026-09-19,KXHIGHCHI-26SEP19,KXHIGHCHI-26SEP19-B76.5,2026-09-19 15:00:00+00:00,0.14,0.16,0.15,0.0199999999999999,2026-09-19 15:00:00+00:00,0.14,0.16,0.15,0.0199999999999999,False,False
Chicago,2026-09-19,KXHIGHCHI-26SEP19,KXHIGHCHI-26SEP19-B78.5,2026-09-19 15:00:00+00:00,0.07,0.09,0.08,0.0199999999999999,2026-09-19 15:00:00+00:00,0.07,0.09,0.08,0.0199999999999999,False,False
Chicago,2026-09-19,KXHIGHCHI-26SEP19,KXHIGHCHI-26SEP19-T79,2026-09-19 15:00:00+00:00,0.02,0.04,0.03,0.02,2026-09-19 15:00:00+00:00,0.02,0.04,0.03,0.02,False,False
Chicago,2026-09-20,KXHIGHCHI-26SEP20,KXHIGHCHI-26SEP20-T69,2026-09-20 15:00:00+00:00,0.0,0.01,0.005,0.01,2026-09-20 15:00:00+00:00,0.0,0.01,0.005,0.01,False,False
Chicago,2026-09-20,KXHIGHCHI-26SEP20,KXHIGHCHI-26SEP20-B69.5,2026-09-20 15:00:00+00:00,0.89,0.92,0.905,0.03,2026-09-20 15:00:00+00:00,0.89,0.92,0.905,0.03,False,False
Chicago,2026-09-20,KXHIGHCHI-26SEP20,KXHIGHCHI-26SEP20-B71.5,2026-09-20 15:00:00+00:00,0.06,0.1,0.08,0.04,2026-09-20 15:00:00+00:00,0.06,0.1,0.08,0.04,False,False
Chicago,2026-09-20,KXHIGHCHI-26SEP20,KXHIGHCHI-26SEP20-B73.5,2026-09-20 15:00:00+00:00,0.0,0.01,0.005,0.01,2026-09-20 15:00:00+00:00,0.0,0.01,0.005,0.01,False,False
Chicago,2026-09-20,KXHIGHCHI-26SEP20,KXHIGHCHI-26SEP20-B75.5,2026-09-20 15:00:00+00:00,0.0,0.01,0.005,0.01,2026-09-20 15:00:00+00:00,0.0,0.01,0.005,0.01,False,False
Chicago,2026-09-20,KXHIGHCHI-26SEP20,KXHIGHCHI-26SEP20-T76,2026-09-20 15:00:00+00:00,0.0,0.01,0.005,0.01,2026-09-20 15:00:00+00:00,0.0,0.01,0.005,0.01,False,False
Chicago,2026-09-21,KXHIGHCHI-26SEP21,KXHIGHCHI-26SEP21-T63,2026-09-21 15:00:00+00:00,0.28,0.3,0.29,0.0199999999999999,2026-09-21 15:00:00+00:00,0.28,0.3,0.29,0.0199999999999999,False,False
Chicago,2026-09-21,KXHIGHCHI-26SEP21,KXHIGHCHI-26SEP21-B63.5,2026-09-21 15:00:00+00:00,0.52,0.54,0.53,0.02,2026-09-21 15:00:00+00:00,0.52,0.54,0.53,0.02,False,False
Chicago,2026-09-21,KXHIGHCHI-26SEP21,KXHIGHCHI-26SEP21-B65.5,2026-09-21 15:00:00+00:00,0.17,0.18,0.175,0.0099999999999999,2026-09-21 15:00:00+00:00,0.17,0.18,0.175,0.0099999999999999,False,False
Chicago,2026-09-21,KXHIGHCHI-26SEP21,KXHIGHCHI-26SEP21-B67.5,2026-09-21 15:00:00+00:00,0.02,0.03,0.025,0.0099999999999999,2026-09-21 15:00:00+00:00,0.02,0.03,0.025,0.0099999999999999,False,False
Chicago,2026-09-21,KXHIGHCHI-26SEP21,KXHIGHCHI-26SEP21-B69.5,2026-09-21 15:00:00+00:00,0.0,0.01,0.005,0.01,2026-09-21 15:00:00+00:00,0.0,0.01,0.005,0.01,False,False
Chicago,2026-09-21,KXHIGHCHI-26SEP21,KXHIGHCHI-26SEP21-T70,2026-09-21 15:00:00+00:00,0.0,0.01,0.005,0.01,2026-09-21 15:00:00+00:00,0.0,0.01,0.005,0.01,False,False
Chicago,2026-09-22,KXHIGHCHI-26SEP22,KXHIGHCHI-26SEP22-T62,2026-09-22 15:00:00+00:00,0.15,0.16,0.155,0.01,2026-09-22 15:00:00+00:00,0.15,0.16,0.155,0.01,False,False
Chicago,2026-09-22,KXHIGHCHI-26SEP22,KXHIGHCHI-26SEP22-B62.5,2026-09-22 15:00:00+00:00,0.51,0.52,0.515,0.01,2026-09-22 15:00:00+00:00,0.51,0.52,0.515,0.01,False,False
Chicago,2026-09-22,KXHIGHCHI-26SEP22,KXHIGHCHI-26SEP22-B64.5,2026-09-22 15:00:00+00:00,0.31,0.32,0.315,0.01,2026-09-22 15:00:00+00:00,0.31,0.32,0.315,0.01,False,False
Chicago,2026-09-22,KXHIGHCHI-26SEP22,KXHIGHCHI-26SEP22-B66.5,2026-09-22 15:00:00+00:00,0.01,0.02,0.015,0.01,2026-09-22 15:00:00+00:00,0.01,0.02,0.015,0.01,False,False
Chicago,2026-09-22,KXHIGHCHI-26SEP22,KXHIGHCHI-26SEP22-B68.5,2026-09-22 15:00:00+00:00,0.0,0.01,0.005,0.01,2026-09-22 15:00:00+00:00,0.0,0.01,0.005,0.01,False,False
Chicago,2026-09-22,KXHIGHCHI-26SEP22,KXHIGHCHI-26SEP22-T69,2026-09-22 15:00:00+00:00,0.0,0.01,0.005,0.01,2026-09-22 15:00:00+00:00,0.0,0.01,0.005,0.01,False,False
Chicago,2026-09-23,KXHIGHCHI-26SEP23,KXHIGHCHI-26SEP23-T63,2026-09-23 15:00:00+00:00,0.0,0.01,0.005,0.01,2026-09-23 15:00:00+00:00,0.0,0.01,0.005,0.01,False,False
Chicago,2026-09-23,KXHIGHCHI-26SEP23,KXHIGHCHI-26SEP23-B63.5,2026-09-23 15:00:00+00:00,0.19,0.21,0.2,0.0199999999999999,2026-09-23 15:00:00+00:00,0.19,0.21,0.2,0.0199999999999999,False,False
Chicago,2026-09-23,KXHIGHCHI-26SEP23,KXHIGHCHI-26SEP23-B65.5,2026-09-23 15:00:00+00:00,0.51,0.54,0.525,0.03,2026-09-23 15:00:00+00:00,0.51,0.54,0.525,0.03,False,False
Chicago,2026-09-23,KXHIGHCHI-26SEP23,KXHIGHCHI-26SEP23-B67.5,2026-09-23 15:00:00+00:00,0.26,0.28,0.27,0.02,2026-09-23 15:00:00+00:00,0.26,0.28,0.27,0.02,False,False
Chicago,2026-09-23,KXHIGHCHI-26SEP23,KXHIGHCHI-26SEP23-B69.5,2026-09-23 15:00:00+00:00,0.04,0.05,0.045,0.01,2026-09-23 15:00:00+00:00,0.04,0.05,0.045,0.01,False,False
Chicago,2026-09-23,KXHIGHCHI-26SEP23,KXHIGHCHI-26SEP23-T70,2026-09-23 15:00:00+00:00,0.0,0.01,0.005,0.01,2026-09-23 15:00:00+00:00,0.0,0.01,0.005,0.01,False,False
Chicago,2026-09-24,KXHIGHCHI-26SEP24,KXHIGHCHI-26SEP24-T66,2026-09-24 15:00:00+00:00,0.01,0.02,0.015,0.01,2026-09-24 15:00:00+00:00,0.01,0.02,0.015,0.01,False,False
Chicago,2026-09-24,KXHIGHCHI-26SEP24,KXHIGHCHI-26SEP24-B66.5,2026-09-24 15:00:00+00:00,0.21,0.22,0.215,0.01,2026-09-24 15:00:00+00:00,0.21,0.22,0.215,0.01,False,False
Chicago,2026-09-24,KXHIGHCHI-26SEP24,KXHIGHCHI-26SEP24-B68.5,2026-09-24 15:00:00+00:00,0.48,0.49,0.485,0.01,2026-09-24 15:00:00+00:00,0.48,0.49,0.485,0.01,False,False
Chicago,2026-09-24,KXHIGHCHI-26SEP24,KXHIGHCHI-26SEP24-B70.5,2026-09-24 15:00:00+00:00,0.31,0.32,0.315,0.01,2026-09-24 15:00:00+00:00,0.31,0.32,0.315,0.01,False,False
Chicago,2026-09-24,KXHIGHCHI-26SEP24,KXHIGHCHI-26SEP24-B72.5,2026-09-24 15:00:00+00:00,0.02,0.03,0.025,0.0099999999999999,2026-09-24 15:00:00+00:00,0.02,0.03,0.025,0.0099999999999999,False,False
Chicago,2026-09-24,KXHIGHCHI-26SEP24,KXHIGHCHI-26SEP24-T73,2026-09-24 15:00:00+00:00,0.0,0.01,0.005,0.01,2026-09-24 15:00:00+00:00,0.0,0.01,0.005,0.01,False,False
Chicago,2026-09-25,KXHIGHCHI-26SEP25,KXHIGHCHI-26SEP25-T64,2026-09-25 15:00:00+00:00,0.01,0.02,0.015,0.01,2026-09-25 15:00:00+00:00,0.01,0.02,0.015,0.01,False,False
Chicago,2026-09-25,KXHIGHCHI-26SEP25,KXHIGHCHI-26SEP25-B64.5,2026-09-25 15:00:00+00:00,0.29,0.34,0.315,0.05,2026-09-25 15:00:00+00:00,0.29,0.34,0.315,0.05,False,False
Chicago,2026-09-25,KXHIGHCHI-26SEP25,KXHIGHCHI-26SEP25-B66.5,2026-09-25 15:00:00+00:00,0.52,0.53,0.525,0.01,2026-09-25 15:00:00+00:00,0.52,0.53,0.525,0.01,False,False
Chicago,2026-09-25,KXHIGHCHI-26SEP25,KXHIGHCHI-26SEP25-B68.5,2026-09-25 15:00:00+00:00,0.15,0.16,0.155,0.01,2026-09-25 15:00:00+00:00,0.15,0.16,0.155,0.01,False,False
Chicago,2026-09-25,KXHIGHCHI-26SEP25,KXHIGHCHI-26SEP25-B70.5,2026-09-25 15:00:00+00:00,0.02,0.03,0.025,0.0099999999999999,2026-09-25 15:00:00+00:00,0.02,0.03,0.025,0.0099999999999999,False,False
Chicago,2026-09-25,KXHIGHCHI-26SEP25,KXHIGHCHI-26SEP25-T71,2026-09-25 15:00:00+00:00,0.0,0.01,0.005,0.01,2026-09-25 15:00:00+00:00,0.0,0.01,0.005,0.01,False,False
Chicago,2026-09-26,KXHIGHCHI-26SEP26,KXHIGHCHI-26SEP26-T66,2026-09-26 15:00:00+00:00,0.02,0.03,0.025,0.0099999999999999,2026-09-26 15:00:00+00:00,0.02,0.03,0.025,0.0099999999999999,False,False
Chicago,2026-09-26,KXHIGHCHI-26SEP26,KXHIGHCHI-26SEP26-B66.5,2026-09-26 15:00:00+00:00,0.16,0.18,0.1699999999999999,0.0199999999999999,2026-09-26 15:00:00+00:00,0.16,0.18,0.1699999999999999,0.0199999999999999,False,False
Chicago,2026-09-26,KXHIGHCHI-26SEP26,KXHIGHCHI-26SEP26-B68.5,2026-09-26 15:00:00+00:00,0.54,0.56,0.55,0.02,2026-09-26 15:00:00+00:00,0.54,0.56,0.55,0.02,False,False
Chicago,2026-09-26,KXHIGHCHI-26SEP26,KXHIGHCHI-26SEP26-B70.5,2026-09-26 15:00:00+00:00,0.25,0.26,0.255,0.01,2026-09-26 15:00:00+00:00,0.25,0.26,0.255,0.01,False,False
Chicago,2026-09-26,KXHIGHCHI-26SEP26,KXHIGHCHI-26SEP26-B72.5,2026-09-26 15:00:00+00:00,0.02,0.03,0.025,0.0099999999999999,2026-09-26 15:00:00+00:00,0.02,0.03,0.025,0.0099999999999999,False,False
Chicago,2026-09-26,KXHIGHCHI-26SEP26,KXHIGHCHI-26SEP26-T73,2026-09-26 15:00:00+00:00,0.0,0.01,0.005,0.01,2026-09-26 15:00:00+00:00,0.0,0.01,0.005,0.01,False,False
Chicago,2026-09-27,KXHIGHCHI-26SEP27,KXHIGHCHI-26SEP27-T67,2026-09-27 15:00:00+00:00,0.01,0.03,0.02,0.0199999999999999,2026-09-27 15:00:00+00:00,0.01,0.03,0.02,0.0199999999999999,False,False
Chicago,2026-09-27,KXHIGHCHI-26SEP27,KXHIGHCHI-26SEP27-B67.5,2026-09-27 15:00:00+00:00,0.08,0.09,0.0849999999999999,0.0099999999999999,2026-09-27 15:00:00+00:00,0.08,0.09,0.0849999999999999,0.0099999999999999,False,False
Chicago,2026-09-27,KXHIGHCHI-26SEP27,KXHIGHCHI-26SEP27-B69.5,2026-09-27 15:00:00+00:00,0.51,0.52,0.515,0.01,2026-09-27 15:00:00+00:00,0.51,0.52,0.515,0.01,False,False
Chicago,2026-09-27,KXHIGHCHI-26SEP27,KXHIGHCHI-26SEP27-B71.5,2026-09-27 15:00:00+00:00,0.35,0.36,0.355,0.01,2026-09-27 15:00:00+00:00,0.35,0.36,0.355,0.01,False,False
Chicago,2026-09-27,KXHIGHCHI-26SEP27,KXHIGHCHI-26SEP27-B73.5,2026-09-27 15:00:00+00:00,0.03,0.04,0.035,0.01,2026-09-27 15:00:00+00:00,0.03,0.04,0.035,0.01,False,False
Chicago,2026-09-27,KXHIGHCHI-26SEP27,KXHIGHCHI-26SEP27-T74,2026-09-27 15:00:00+00:00,0.0,0.01,0.005,0.01,2026-09-27 15:00:00+00:00,0.0,0.01,0.005,0.01,False,False
Chicago,2026-09-28,KXHIGHCHI-26SEP28,KXHIGHCHI-26SEP28-T69,2026-09-28 15:00:00+00:00,0.01,0.04,0.025,0.03,2026-09-28 15:00:00+00:00,0.01,0.04,0.025,0.03,False,False
Chicago,2026-09-28,KXHIGHCHI-26SEP28,KXHIGHCHI-26SEP28-B69.5,2026-09-28 15:00:00+00:00,0.03,0.06,0.045,0.03,2026-09-28 15:00:00+00:00,0.03,0.06,0.045,0.03,False,False
Chicago,2026-09-28,KXHIGHCHI-26SEP28,KXHIGHCHI-26SEP28-B71.5,2026-09-28 15:00:00+00:00,0.41,0.42,0.415,0.01,2026-09-28 15:00:00+00:00,0.41,0.42,0.415,0.01,False,False
Chicago,2026-09-28,KXHIGHCHI-26SEP28,KXHIGHCHI-26SEP28-B73.5,2026-09-28 15:00:00+00:00,0.51,0.52,0.515,0.01,2026-09-28 15:00:00+00:00,0.51,0.52,0.515,0.01,False,False
Chicago,2026-09-28,KXHIGHCHI-26SEP28,KXHIGHCHI-26SEP28-B75.5,2026-09-28 15:00:00+00:00,0.06,0.07,0.065,0.01,2026-09-28 15:00:00+00:00,0.06,0.07,0.065,0.01,False,False
Chicago,2026-09-28,KXHIGHCHI-26SEP28,KXHIGHCHI-26SEP28-T76,2026-09-28 15:00:00+00:00,0.0,0.01,0.005,0.01,2026-09-28 15:00:00+00:00,0.0,0.01,0.005,0.01,False,False
Denver,2026-08-14,KXHIGHDEN-26AUG14,KXHIGHDEN-26AUG14-T81,2026-08-14 16:00:00+00:00,0.0,0.02,0.01,0.02,2026-08-14 16:00:00+00:00,0.0,0.02,0.01,0.02,False,False
Denver,2026-08-14,KXHIGHDEN-26AUG14,KXHIGHDEN-26AUG14-B81.5,2026-08-14 16:00:00+00:00,0.02,0.04,0.03,0.02,2026-08-14 16:00:00+00:00,0.02,0.04,0.03,0.02,False,False
Denver,2026-08-14,KXHIGHDEN-26AUG14,KXHIGHDEN-26AUG14-B83.5,2026-08-14 16:00:00+00:00,0.07,0.08,0.075,0.0099999999999999,2026-08-14 16:00:00+00:00,0.07,0.08,0.075,0.0099999999999999,False,False
Denver,2026-08-14,KXHIGHDEN-26AUG14,KXHIGHDEN-26AUG14-B85.5,2026-08-14 16:00:00+00:00,0.28,0.29,0.285,0.0099999999999999,2026-08-14 16:00:00+00:00,0.28,0.29,0.285,0.0099999999999999,False,False
Denver,2026-08-14,KXHIGHDEN-26AUG14,KXHIGHDEN-26AUG14-B87.5,2026-08-14 16:00:00+00:00,0.47,0.49,0.48,0.02,2026-08-14 16:00:00+00:00,0.47,0.49,0.48,0.02,False,False
Denver,2026-08-14,KXHIGHDEN-26AUG14,KXHIGHDEN-26AUG14-T88,2026-08-14 16:00:00+00:00,0.12,0.13,0.125,0.01,2026-08-14 16:00:00+00:00,0.12,0.13,0.125,0.01,False,False
Denver,2026-08-15,KXHIGHDEN-26AUG15,KXHIGHDEN-26AUG15-T77,2026-08-15 16:00:00+00:00,0.01,0.02,0.015,0.01,2026-08-15 16:00:00+00:00,0.01,0.02,0.015,0.01,False,False
Denver,2026-08-15,KXHIGHDEN-26AUG15,KXHIGHDEN-26AUG15-B77.5,2026-08-15 16:00:00+00:00,0.03,0.04,0.035,0.01,2026-08-15 16:00:00+00:00,0.03,0.04,0.035,0.01,False,False
Denver,2026-08-15,KXHIGHDEN-26AUG15,KXHIGHDEN-26AUG15-B79.5,2026-08-15 16:00:00+00:00,0.17,0.18,0.175,0.0099999999999999,2026-08-15 16:00:00+00:00,0.17,0.18,0.175,0.0099999999999999,False,False
Denver,2026-08-15,KXHIGHDEN-26AUG15,KXHIGHDEN-26AUG15-B81.5,2026-08-15 16:00:00+00:00,0.26,0.27,0.265,0.01,2026-08-15 16:00:00+00:00,0.26,0.27,0.265,0.01,False,False
Denver,2026-08-15,KXHIGHDEN-26AUG15,KXHIGHDEN-26AUG15-B83.5,2026-08-15 16:00:00+00:00,0.36,0.4,0.38,0.04,2026-08-15 16:00:00+00:00,0.36,0.4,0.38,0.04,False,False
Denver,2026-08-15,KXHIGHDEN-26AUG15,KXHIGHDEN-26AUG15-T84,2026-08-15 16:00:00+00:00,0.12,0.13,0.125,0.01,2026-08-15 16:00:00+00:00,0.12,0.13,0.125,0.01,False,False
Denver,2026-08-16,KXHIGHDEN-26AUG16,KXHIGHDEN-26AUG16-T80,2026-08-16 16:00:00+00:00,0.07,0.1,0.085,0.03,2026-08-16 16:00:00+00:00,0.07,0.1,0.085,0.03,False,False
Denver,2026-08-16,KXHIGHDEN-26AUG16,KXHIGHDEN-26AUG16-B80.5,2026-08-16 16:00:00+00:00,0.08,0.1,0.09,0.02,2026-08-16 16:00:00+00:00,0.08,0.1,0.09,0.02,False,False
Denver,2026-08-16,KXHIGHDEN-26AUG16,KXHIGHDEN-26AUG16-B82.5,2026-08-16 16:00:00+00:00,0.42,0.43,0.425,0.01,2026-08-16 16:00:00+00:00,0.42,0.43,0.425,0.01,False,False
Denver,2026-08-16,KXHIGHDEN-26AUG16,KXHIGHDEN-26AUG16-B84.5,2026-08-16 16:00:00+00:00,0.31,0.32,0.315,0.01,2026-08-16 16:00:00+00:00,0.31,0.32,0.315,0.01,False,False
Denver,2026-08-16,KXHIGHDEN-26AUG16,KXHIGHDEN-26AUG16-B86.5,2026-08-16 16:00:00+00:00,0.05,0.06,0.055,0.0099999999999999,2026-08-16 16:00:00+00:00,0.05,0.06,0.055,0.0099999999999999,False,False
Denver,2026-08-16,KXHIGHDEN-26AUG16,KXHIGHDEN-26AUG16-T87,2026-08-16 16:00:00+00:00,0.03,0.08,0.055,0.05,2026-08-16 16:00:00+00:00,0.03,0.08,0.055,0.05,False,False
Denver,2026-08-17,KXHIGHDEN-26AUG17,KXHIGHDEN-26AUG17-T85,2026-08-17 15:00:00+00:00,0.0,0.01,0.005,0.01,2026-08-17 15:00:00+00:00,0.0,0.01,0.005,0.01,False,False
Denver,2026-08-17,KXHIGHDEN-26AUG17,KXHIGHDEN-26AUG17-B85.5,2026-08-17 15:00:00+00:00,0.01,0.02,0.015,0.01,2026-08-17 15:00:00+00:00,0.01,0.02,0.015,0.01,False,False
Denver,2026-08-17,KXHIGHDEN-26AUG17,KXHIGHDEN-26AUG17-B87.5,2026-08-17 15:00:00+00:00,0.02,0.03,0.025,0.0099999999999999,2026-08-17 15:00:00+00:00,0.02,0.03,0.025,0.0099999999999999,False,False
Denver,2026-08-17,KXHIGHDEN-26AUG17,KXHIGHDEN-26AUG17-B89.5,2026-08-17 15:00:00+00:00,0.16,0.17,0.165,0.01,2026-08-17 15:00:00+00:00,0.16,0.17,0.165,0.01,False,False
Denver,2026-08-17,KXHIGHDEN-26AUG17,KXHIGHDEN-26AUG17-B91.5,2026-08-17 15:00:00+00:00,0.6,0.61,0.605,0.01,2026-08-17 15:00:00+00:00,0.6,0.61,0.605,0.01,False,False
Denver,2026-08-17,KXHIGHDEN-26AUG17,KXHIGHDEN-26AUG17-T92,2026-08-17 15:00:00+00:00,0.21,0.24,0.2249999999999999,0.03,2026-08-17 15:00:00+00:00,0.21,0.24,0.2249999999999999,0.03,False,False
Denver,2026-08-18,KXHIGHDEN-26AUG18,KXHIGHDEN-26AUG18-T89,2026-08-18 16:00:00+00:00,0.08,0.09,0.0849999999999999,0.0099999999999999,2026-08-18 16:00:00+00:00,0.08,0.09,0.0849999999999999,0.0099999999999999,False,False
Denver,2026-08-18,KXHIGHDEN-26AUG18,KXHIGHDEN-26AUG18-B89.5,2026-08-18 16:00:00+00:00,0.36,0.39,0.375,0.03,2026-08-18 16:00:00+00:00,0.36,0.39,0.375,0.03,False,False
Denver,2026-08-18,KXHIGHDEN-26AUG18,KXHIGHDEN-26AUG18-B91.5,2026-08-18 16:00:00+00:00,0.49,0.5,0.495,0.01,2026-08-18 16:00:00+00:00,0.49,0.5,0.495,0.01,False,False
Denver,2026-08-18,KXHIGHDEN-26AUG18,KXHIGHDEN-26AUG18-B93.5,2026-08-18 16:00:00+00:00,0.07,0.08,0.075,0.0099999999999999,2026-08-18 16:00:00+00:00,0.07,0.08,0.075,0.0099999999999999,False,False
Denver,2026-08-18,KXHIGHDEN-26AUG18,KXHIGHDEN-26AUG18-B95.5,2026-08-18 16:00:00+00:00,0.0,0.02,0.01,0.02,2026-08-18 16:00:00+00:00,0.0,0.02,0.01,0.02,False,False
Denver,2026-08-18,KXHIGHDEN-26AUG18,KXHIGHDEN-26AUG18-T96,2026-08-18 16:00:00+00:00,0.0,0.01,0.005,0.01,2026-08-18 16:00:00+00:00,0.0,0.01,0.005,0.01,False,False
Denver,2026-08-19,KXHIGHDEN-26AUG19,KXHIGHDEN-26AUG19-T84,2026-08-19 16:00:00+00:00,0.0,0.05,0.025,0.05,2026-08-19 16:00:00+00:00,0.0,0.05,0.025,0.05,False,False
Denver,2026-08-19,KXHIGHDEN-26AUG19,KXHIGHDEN-26AUG19-B84.5,2026-08-19 16:00:00+00:00,0.02,0.03,0.025,0.0099999999999999,2026-08-19 16:00:00+00:00,0.02,0.03,0.025,0.0099999999999999,False,False
Denver,2026-08-19,KXHIGHDEN-26AUG19,KXHIGHDEN-26AUG19-B86.5,2026-08-19 16:00:00+00:00,0.1,0.12,0.11,0.0199999999999999,2026-08-19 16:00:00+00:00,0.1,0.12,0.11,0.0199999999999999,False,False
Denver,2026-08-19,KXHIGHDEN-26AUG19,KXHIGHDEN-26AUG19-B88.5,2026-08-19 16:00:00+00:00,0.5,0.51,0.505,0.01,2026-08-19 16:00:00+00:00,0.5,0.51,0.505,0.01,False,False
Denver,2026-08-19,KXHIGHDEN-26AUG19,KXHIGHDEN-26AUG19-B90.5,2026-08-19 16:00:00+00:00,0.38,0.4,0.39,0.02,2026-08-19 16:00:00+00:00,0.38,0.4,0.39,0.02,False,False
Denver,2026-08-19,KXHIGHDEN-26AUG19,KXHIGHDEN-26AUG19-T91,2026-08-19 16:00:00+00:00,0.01,0.02,0.015,0.01,2026-08-19 16:00:00+00:00,0.01,0.02,0.015,0.01,False,False
Denver,2026-08-20,KXHIGHDEN-26AUG20,KXHIGHDEN-26AUG20-T90,2026-08-20 15:00:00+00:00,0.01,0.02,0.015,0.01,2026-08-20 15:00:00+00:00,0.01,0.02,0.015,0.01,False,False
Denver,2026-08-20,KXHIGHDEN-26AUG20,KXHIGHDEN-26AUG20-B90.5,2026-08-20 15:00:00+00:00,0.04,0.06,0.05,0.0199999999999999,2026-08-20 15:00:00+00:00,0.04,0.06,0.05,0.0199999999999999,False,False
Denver,2026-08-20,KXHIGHDEN-26AUG20,KXHIGHDEN-26AUG20-B92.5,2026-08-20 15:00:00+00:00,0.57,0.6,0.585,0.03,2026-08-20 15:00:00+00:00,0.57,0.6,0.585,0.03,False,False
Denver,2026-08-20,KXHIGHDEN-26AUG20,KXHIGHDEN-26AUG20-B94.5,2026-08-20 15:00:00+00:00,0.35,0.4,0.375,0.05,2026-08-20 15:00:00+00:00,0.35,0.4,0.375,0.05,False,False
Denver,2026-08-20,KXHIGHDEN-26AUG20,KXHIGHDEN-26AUG20-B96.5,2026-08-20 15:00:00+00:00,0.01,0.02,0.015,0.01,2026-08-20 15:00:00+00:00,0.01,0.02,0.015,0.01,False,False
Denver,2026-08-20,KXHIGHDEN-26AUG20,KXHIGHDEN-26AUG20-T97,2026-08-20 15:00:00+00:00,0.0,0.01,0.005,0.01,2026-08-20 15:00:00+00:00,0.0,0.01,0.005,0.01,False,False
Denver,2026-08-21,KXHIGHDEN-26AUG21,KXHIGHDEN-26AUG21-T94,2026-08-21 16:00:00+00:00,0.0,0.01,0.005,0.01,2026-08-21 16:00:00+00:00,0.0,0.01,0.005,0.01,False,False
Denver,2026-08-21,KXHIGHDEN-26AUG21,KXHIGHDEN-26AUG21-B94.5,2026-08-21 16:00:00+00:00,0.05,0.06,0.055,0.0099999999999999,2026-08-21 16:00:00+00:00,0.05,0.06,0.055,0.0099999999999999,False,False
Denver,2026-08-21,KXHIGHDEN-26AUG21,KXHIGHDEN-26AUG21-B96.5,2026-08-21 16:00:00+00:00,0.52,0.53,0.525,0.01,2026-08-21 16:00:00+00:00,0.52,0.53,0.525,0.01,False,False
Denver,2026-08-21,KXHIGHDEN-26AUG21,KXHIGHDEN-26AUG21-B98.5,2026-08-21 16:00:00+00:00,0.38,0.39,0.385,0.01,2026-08-21 16:00:00+00:00,0.38,0.39,0.385,0.01,False,False
Denver,2026-08-21,KXHIGHDEN-26AUG21,KXHIGHDEN-26AUG21-B100.5,2026-08-21 16:00:00+00:00,0.04,0.05,0.045,0.01,2026-08-21 16:00:00+00:00,0.04,0.05,0.045,0.01,False,False
Denver,2026-08-21,KXHIGHDEN-26AUG21,KXHIGHDEN-26AUG21-T101,2026-08-21 16:00:00+00:00,0.0,0.01,0.005,0.01,2026-08-21 16:00:00+00:00,0.0,0.01,0.005,0.01,False,False
Denver,2026-08-22,KXHIGHDEN-26AUG22,KXHIGHDEN-26AUG22-T88,2026-08-22 16:00:00+00:00,0.01,0.02,0.015,0.01,2026-08-22 16:00:00+00:00,0.01,0.02,0.015,0.01,False,False
Denver,2026-08-22,KXHIGHDEN-26AUG22,KXHIGHDEN-26AUG22-B88.5,2026-08-22 16:00:00+00:00,0.04,0.05,0.045,0.01,2026-08-22 16:00:00+00:00,0.04,0.05,0.045,0.01,False,False
Denver,2026-08-22,KXHIGHDEN-26AUG22,KXHIGHDEN-26AUG22-B90.5,2026-08-22 16:00:00+00:00,0.11,0.12,0.1149999999999999,0.0099999999999999,2026-08-22 16:00:00+00:00,0.11,0.12,0.1149999999999999,0.0099999999999999,False,False
Denver,2026-08-22,KXHIGHDEN-26AUG22,KXHIGHDEN-26AUG22-B92.5,2026-08-22 16:00:00+00:00,0.31,0.35,0.3299999999999999,0.0399999999999999,2026-08-22 16:00:00+00:00,0.31,0.35,0.3299999999999999,0.0399999999999999,False,False
Denver,2026-08-22,KXHIGHDEN-26AUG22,KXHIGHDEN-26AUG22-B94.5,2026-08-22 16:00:00+00:00,0.42,0.44,0.43,0.02,2026-08-22 16:00:00+00:00,0.42,0.44,0.43,0.02,False,False
Denver,2026-08-22,KXHIGHDEN-26AUG22,KXHIGHDEN-26AUG22-T95,2026-08-22 16:00:00+00:00,0.08,0.09,0.0849999999999999,0.0099999999999999,2026-08-22 16:00:00+00:00,0.08,0.09,0.0849999999999999,0.0099999999999999,False,False
Denver,2026-08-23,KXHIGHDEN-26AUG23,KXHIGHDEN-26AUG23-T87,2026-08-23 16:00:00+00:00,0.0,0.01,0.005,0.01,2026-08-23 16:00:00+00:00,0.0,0.01,0.005,0.01,False,False
Denver,2026-08-23,KXHIGHDEN-26AUG23,KXHIGHDEN-26AUG23-B87.5,2026-08-23 16:00:00+00:00,0.02,0.03,0.025,0.0099999999999999,2026-08-23 16:00:00+00:00,0.02,0.03,0.025,0.0099999999999999,False,False
Denver,2026-08-23,KXHIGHDEN-26AUG23,KXHIGHDEN-26AUG23-B89.5,2026-08-23 16:00:00+00:00,0.06,0.07,0.065,0.01,2026-08-23 16:00:00+00:00,0.06,0.07,0.065,0.01,False,False
Denver,2026-08-23,KXHIGHDEN-26AUG23,KXHIGHDEN-26AUG23-B91.5,2026-08-23 16:00:00+00:00,0.3,0.31,0.305,0.01,2026-08-23 16:00:00+00:00,0.3,0.31,0.305,0.01,False,False
Denver,2026-08-23,KXHIGHDEN-26AUG23,KXHIGHDEN-26AUG23-B93.5,2026-08-23 16:00:00+00:00,0.49,0.51,0.5,0.02,2026-08-23 16:00:00+00:00,0.49,0.51,0.5,0.02,False,False
Denver,2026-08-23,KXHIGHDEN-26AUG23,KXHIGHDEN-26AUG23-T94,2026-08-23 16:00:00+00:00,0.14,0.15,0.145,0.0099999999999999,2026-08-23 16:00:00+00:00,0.14,0.15,0.145,0.0099999999999999,False,False
Denver,2026-08-24,KXHIGHDEN-26AUG24,KXHIGHDEN-26AUG24-T87,2026-08-24 16:00:00+00:00,0.0,0.01,0.005,0.01,2026-08-24 16:00:00+00:00,0.0,0.01,0.005,0.01,False,False
Denver,2026-08-24,KXHIGHDEN-26AUG24,KXHIGHDEN-26AUG24-B87.5,2026-08-24 16:00:00+00:00,0.0,0.01,0.005,0.01,2026-08-24 16:00:00+00:00,0.0,0.01,0.005,0.01,False,False
Denver,2026-08-24,KXHIGHDEN-26AUG24,KXHIGHDEN-26AUG24-B89.5,2026-08-24 16:00:00+00:00,0.06,0.07,0.065,0.01,2026-08-24 16:00:00+00:00,0.06,0.07,0.065,0.01,False,False
Denver,2026-08-24,KXHIGHDEN-26AUG24,KXHIGHDEN-26AUG24-B91.5,2026-08-24 16:00:00+00:00,0.45,0.47,0.4599999999999999,0.0199999999999999,2026-08-24 16:00:00+00:00,0.45,0.47,0.4599999999999999,0.0199999999999999,False,False
Denver,2026-08-24,KXHIGHDEN-26AUG24,KXHIGHDEN-26AUG24-B93.5,2026-08-24 16:00:00+00:00,0.5,0.51,0.505,0.01,2026-08-24 16:00:00+00:00,0.5,0.51,0.505,0.01,False,False
Denver,2026-08-24,KXHIGHDEN-26AUG24,KXHIGHDEN-26AUG24-T94,2026-08-24 16:00:00+00:00,0.01,0.02,0.015,0.01,2026-08-24 16:00:00+00:00,0.01,0.02,0.015,0.01,False,False
Denver,2026-08-25,KXHIGHDEN-26AUG25,KXHIGHDEN-26AUG25-T83,2026-08-25 16:00:00+00:00,0.0,0.02,0.01,0.02,2026-08-25 16:00:00+00:00,0.0,0.02,0.01,0.02,False,False
Denver,2026-08-25,KXHIGHDEN-26AUG25,KXHIGHDEN-26AUG25-B83.5,2026-08-25 16:00:00+00:00,0.04,0.05,0.045,0.01,2026-08-25 16:00:00+00:00,0.04,0.05,0.045,0.01,False,False
Denver,2026-08-25,KXHIGHDEN-26AUG25,KXHIGHDEN-26AUG25-B85.5,2026-08-25 16:00:00+00:00,0.18,0.2,0.19,0.02,2026-08-25 16:00:00+00:00,0.18,0.2,0.19,0.02,False,False
Denver,2026-08-25,KXHIGHDEN-26AUG25,KXHIGHDEN-26AUG25-B87.5,2026-08-25 16:00:00+00:00,0.46,0.5,0.48,0.0399999999999999,2026-08-25 16:00:00+00:00,0.46,0.5,0.48,0.0399999999999999,False,False
Denver,2026-08-25,KXHIGHDEN-26AUG25,KXHIGHDEN-26AUG25-B89.5,2026-08-25 16:00:00+00:00,0.23,0.24,0.235,0.0099999999999999,2026-08-25 16:00:00+00:00,0.23,0.24,0.235,0.0099999999999999,False,False
Denver,2026-08-25,KXHIGHDEN-26AUG25,KXHIGHDEN-26AUG25-T90,2026-08-25 16:00:00+00:00,0.04,0.06,0.05,0.0199999999999999,2026-08-25 16:00:00+00:00,0.04,0.06,0.05,0.0199999999999999,False,False
Denver,2026-08-26,KXHIGHDEN-26AUG26,KXHIGHDEN-26AUG26-T80,2026-08-26 16:00:00+00:00,0.0,0.01,0.005,0.01,2026-08-26 16:00:00+00:00,0.0,0.01,0.005,0.01,False,False
Denver,2026-08-26,KXHIGHDEN-26AUG26,KXHIGHDEN-26AUG26-B80.5,2026-08-26 16:00:00+00:00,0.0,0.01,0.005,0.01,2026-08-26 16:00:00+00:00,0.0,0.01,0.005,0.01,False,False
Denver,2026-08-26,KXHIGHDEN-26AUG26,KXHIGHDEN-26AUG26-B82.5,2026-08-26 16:00:00+00:00,0.01,0.02,0.015,0.01,2026-08-26 16:00:00+00:00,0.01,0.02,0.015,0.01,False,False
Denver,2026-08-26,KXHIGHDEN-26AUG26,KXHIGHDEN-26AUG26-B84.5,2026-08-26 16:00:00+00:00,0.07,0.08,0.075,0.0099999999999999,2026-08-26 16:00:00+00:00,0.07,0.08,0.075,0.0099999999999999,False,False
Denver,2026-08-26,KXHIGHDEN-26AUG26,KXHIGHDEN-26AUG26-B86.5,2026-08-26 16:00:00+00:00,0.32,0.33,0.325,0.01,2026-08-26 16:00:00+00:00,0.32,0.33,0.325,0.01,False,False
Denver,2026-08-26,KXHIGHDEN-26AUG26,KXHIGHDEN-26AUG26-T87,2026-08-26 16:00:00+00:00,0.54,0.55,0.545,0.01,2026-08-26 16:00:00+00:00,0.54,0.55,0.545,0.01,False,False
Denver,2026-08-27,KXHIGHDEN-26AUG27,KXHIGHDEN-26AUG27-T85,2026-08-27 16:00:00+00:00,0.0,0.01,0.005,0.01,2026-08-27 16:00:00+00:00,0.0,0.01,0.005,0.01,False,False
Denver,2026-08-27,KXHIGHDEN-26AUG27,KXHIGHDEN-26AUG27-B85.5,2026-08-27 16:00:00+00:00,0.01,0.03,0.02,0.0199999999999999,2026-08-27 16:00:00+00:00,0.01,0.03,0.02,0.0199999999999999,False,False
Denver,2026-08-27,KXHIGHDEN-26AUG27,KXHIGHDEN-26AUG27-B87.5,2026-08-27 16:00:00+00:00,0.05,0.08,0.065,0.03,2026-08-27 16:00:00+00:00,0.05,0.08,0.065,0.03,False,False
Denver,2026-08-27,KXHIGHDEN-26AUG27,KXHIGHDEN-26AUG27-B89.5,2026-08-27 16:00:00+00:00,0.5,0.51,0.505,0.01,2026-08-27 16:00:00+00:00,0.5,0.51,0.505,0.01,False,False
Denver,2026-08-27,KXHIGHDEN-26AUG27,KXHIGHDEN-26AUG27-B91.5,2026-08-27 16:00:00+00:00,0.42,0.43,0.425,0.01,2026-08-27 16:00:00+00:00,0.42,0.43,0.425,0.01,False,False
Denver,2026-08-27,KXHIGHDEN-26AUG27,KXHIGHDEN-26AUG27-T92,2026-08-27 16:00:00+00:00,0.03,0.05,0.04,0.02,2026-08-27 16:00:00+00:00,0.03,0.05,0.04,0.02,False,False
Denver,2026-08-28,KXHIGHDEN-26AUG28,KXHIGHDEN-26AUG28-T90,2026-08-28 16:00:00+00:00,0.0,0.01,0.005,0.01,2026-08-28 16:00:00+00:00,0.0,0.01,0.005,0.01,False,False
Denver,2026-08-28,KXHIGHDEN-26AUG28,KXHIGHDEN-26AUG28-B90.5,2026-08-28 16:00:00+00:00,0.01,0.02,0.015,0.01,2026-08-28 16:00:00+00:00,0.01,0.02,0.015,0.01,False,False
Denver,2026-08-28,KXHIGHDEN-26AUG28,KXHIGHDEN-26AUG28-B92.5,2026-08-28 16:00:00+00:00,0.11,0.13,0.12,0.02,2026-08-28 16:00:00+00:00,0.11,0.13,0.12,0.02,False,False
Denver,2026-08-28,KXHIGHDEN-26AUG28,KXHIGHDEN-26AUG28-B94.5,2026-08-28 16:00:00+00:00,0.54,0.57,0.5549999999999999,0.0299999999999999,2026-08-28 16:00:00+00:00,0.54,0.57,0.5549999999999999,0.0299999999999999,False,False
Denver,2026-08-28,KXHIGHDEN-26AUG28,KXHIGHDEN-26AUG28-B96.5,2026-08-28 16:00:00+00:00,0.25,0.3,0.275,0.0499999999999999,2026-08-28 16:00:00+00:00,0.25,0.3,0.275,0.0499999999999999,False,False
Denver,2026-08-28,KXHIGHDEN-26AUG28,KXHIGHDEN-26AUG28-T97,2026-08-28 16:00:00+00:00,0.01,0.03,0.02,0.0199999999999999,2026-08-28 16:00:00+00:00,0.01,0.03,0.02,0.0199999999999999,False,False
Denver,2026-08-29,KXHIGHDEN-26AUG29,KXHIGHDEN-26AUG29-T90,2026-08-29 16:00:00+00:00,0.06,0.11,0.0849999999999999,0.05,2026-08-29 16:00:00+00:00,0.06,0.11,0.0849999999999999,0.05,False,False
Denver,2026-08-29,KXHIGHDEN-26AUG29,KXHIGHDEN-26AUG29-B90.5,2026-08-29 16:00:00+00:00,0.35,0.37,0.36,0.02,2026-08-29 16:00:00+00:00,0.35,0.37,0.36,0.02,False,False
Denver,2026-08-29,KXHIGHDEN-26AUG29,KXHIGHDEN-26AUG29-B92.5,2026-08-29 16:00:00+00:00,0.48,0.5,0.49,0.02,2026-08-29 16:00:00+00:00,0.48,0.5,0.49,0.02,False,False
Denver,2026-08-29,KXHIGHDEN-26AUG29,KXHIGHDEN-26AUG29-B94.5,2026-08-29 16:00:00+00:00,0.02,0.04,0.03,0.02,2026-08-29 16:00:00+00:00,0.02,0.04,0.03,0.02,False,False
Denver,2026-08-29,KXHIGHDEN-26AUG29,KXHIGHDEN-26AUG29-B96.5,2026-08-29 16:00:00+00:00,0.0,0.01,0.005,0.01,2026-08-29 16:00:00+00:00,0.0,0.01,0.005,0.01,False,False
Denver,2026-08-29,KXHIGHDEN-26AUG29,KXHIGHDEN-26AUG29-T97,2026-08-29 16:00:00+00:00,0.0,0.01,0.005,0.01,2026-08-29 16:00:00+00:00,0.0,0.01,0.005,0.01,False,False
Denver,2026-08-30,KXHIGHDEN-26AUG30,KXHIGHDEN-26AUG30-T85,2026-08-30 16:00:00+00:00,0.04,0.06,0.05,0.0199999999999999,2026-08-30 16:00:00+00:00,0.04,0.06,0.05,0.0199999999999999,False,False
Denver,2026-08-30,KXHIGHDEN-26AUG30,KXHIGHDEN-26AUG30-B85.5,2026-08-30 16:00:00+00:00,0.16,0.18,0.1699999999999999,0.0199999999999999,2026-08-30 16:00:00+00:00,0.16,0.18,0.1699999999999999,0.0199999999999999,False,False
Denver,2026-08-30,KXHIGHDEN-26AUG30,KXHIGHDEN-26AUG30-B87.5,2026-08-30 16:00:00+00:00,0.48,0.5,0.49,0.02,2026-08-30 16:00:00+00:00,0.48,0.5,0.49,0.02,False,False
Denver,2026-08-30,KXHIGHDEN-26AUG30,KXHIGHDEN-26AUG30-B89.5,2026-08-30 16:00:00+00:00,0.2,0.22,0.21,0.0199999999999999,2026-08-30 16:00:00+00:00,0.2,0.22,0.21,0.0199999999999999,False,False
Denver,2026-08-30,KXHIGHDEN-26AUG30,KXHIGHDEN-26AUG30-B91.5,2026-08-30 16:00:00+00:00,0.0,0.03,0.015,0.03,2026-08-30 16:00:00+00:00,0.0,0.03,0.015,0.03,False,False
Denver,2026-08-30,KXHIGHDEN-26AUG30,KXHIGHDEN-26AUG30-T92,2026-08-30 16:00:00+00:00,0.0,0.01,0.005,0.01,2026-08-30 16:00:00+00:00,0.0,0.01,0.005,0.01,False,False
Denver,2026-08-31,KXHIGHDEN-26AUG31,KXHIGHDEN-26AUG31-T80,2026-08-31 16:00:00+00:00,0.0,0.01,0.005,0.01,2026-08-31 16:00:00+00:00,0.0,0.01,0.005,0.01,False,False
Denver,2026-08-31,KXHIGHDEN-26AUG31,KXHIGHDEN-26AUG31-B80.5,2026-08-31 16:00:00+00:00,0.01,0.02,0.015,0.01,2026-08-31 16:00:00+00:00,0.01,0.02,0.015,0.01,False,False
Denver,2026-08-31,KXHIGHDEN-26AUG31,KXHIGHDEN-26AUG31-B82.5,2026-08-31 16:00:00+00:00,0.06,0.07,0.065,0.01,2026-08-31 16:00:00+00:00,0.06,0.07,0.065,0.01,False,False
Denver,2026-08-31,KXHIGHDEN-26AUG31,KXHIGHDEN-26AUG31-B84.5,2026-08-31 16:00:00+00:00,0.41,0.42,0.415,0.01,2026-08-31 16:00:00+00:00,0.41,0.42,0.415,0.01,False,False
Denver,2026-08-31,KXHIGHDEN-26AUG31,KXHIGHDEN-26AUG31-B86.5,2026-08-31 16:00:00+00:00,0.4,0.42,0.41,0.0199999999999999,2026-08-31 16:00:00+00:00,0.4,0.42,0.41,0.0199999999999999,False,False
Denver,2026-08-31,KXHIGHDEN-26AUG31,KXHIGHDEN-26AUG31-T87,2026-08-31 16:00:00+00:00,0.13,0.15,0.14,0.0199999999999999,2026-08-31 16:00:00+00:00,0.13,0.15,0.14,0.0199999999999999,False,False
Denver,2026-09-01,KXHIGHDEN-26SEP01,KXHIGHDEN-26SEP01-T81,2026-09-01 16:00:00+00:00,0.01,0.02,0.015,0.01,2026-09-01 16:00:00+00:00,0.01,0.02,0.015,0.01,False,False
Denver,2026-09-01,KXHIGHDEN-26SEP01,KXHIGHDEN-26SEP01-B81.5,2026-09-01 16:00:00+00:00,0.01,0.04,0.025,0.03,2026-09-01 16:00:00+00:00,0.01,0.04,0.025,0.03,False,False
Denver,2026-09-01,KXHIGHDEN-26SEP01,KXHIGHDEN-26SEP01-B83.5,2026-09-01 16:00:00+00:00,0.11,0.12,0.1149999999999999,0.0099999999999999,2026-09-01 16:00:00+00:00,0.11,0.12,0.1149999999999999,0.0099999999999999,False,False
Denver,2026-09-01,KXHIGHDEN-26SEP01,KXHIGHDEN-26SEP01-B85.5,2026-09-01 16:00:00+00:00,0.54,0.58,0.56,0.0399999999999999,2026-09-01 16:00:00+00:00,0.54,0.58,0.56,0.0399999999999999,False,False
Denver,2026-09-01,KXHIGHDEN-26SEP01,KXHIGHDEN-26SEP01-B87.5,2026-09-01 16:00:00+00:00,0.29,0.3,0.295,0.01,2026-09-01 16:00:00+00:00,0.29,0.3,0.295,0.01,False,False
Denver,2026-09-01,KXHIGHDEN-26SEP01,KXHIGHDEN-26SEP01-T88,2026-09-01 16:00:00+00:00,0.04,0.05,0.045,0.01,2026-09-01 16:00:00+00:00,0.04,0.05,0.045,0.01,False,False
Denver,2026-09-02,KXHIGHDEN-26SEP02,KXHIGHDEN-26SEP02-T87,2026-09-02 16:00:00+00:00,0.02,0.04,0.03,0.02,2026-09-02 16:00:00+00:00,0.02,0.04,0.03,0.02,False,False
Denver,2026-09-02,KXHIGHDEN-26SEP02,KXHIGHDEN-26SEP02-B87.5,2026-09-02 16:00:00+00:00,0.38,0.39,0.385,0.01,2026-09-02 16:00:00+00:00,0.38,0.39,0.385,0.01,False,False
Denver,2026-09-02,KXHIGHDEN-26SEP02,KXHIGHDEN-26SEP02-B89.5,2026-09-02 16:00:00+00:00,0.55,0.56,0.555,0.01,2026-09-02 16:00:00+00:00,0.55,0.56,0.555,0.01,False,False
Denver,2026-09-02,KXHIGHDEN-26SEP02,KXHIGHDEN-26SEP02-B91.5,2026-09-02 16:00:00+00:00,0.07,0.08,0.075,0.0099999999999999,2026-09-02 16:00:00+00:00,0.07,0.08,0.075,0.0099999999999999,False,False
Denver,2026-09-02,KXHIGHDEN-26SEP02,KXHIGHDEN-26SEP02-B93.5,2026-09-02 16:00:00+00:00,0.01,0.02,0.015,0.01,2026-09-02 16:00:00+00:00,0.01,0.02,0.015,0.01,False,False
Denver,2026-09-02,KXHIGHDEN-26SEP02,KXHIGHDEN-26SEP02-T94,2026-09-02 16:00:00+00:00,0.0,0.01,0.005,0.01,2026-09-02 16:00:00+00:00,0.0,0.01,0.005,0.01,False,False
Denver,2026-09-03,KXHIGHDEN-26SEP03,KXHIGHDEN-26SEP03-T87,2026-09-03 15:00:00+00:00,0.01,0.02,0.015,0.01,2026-09-03 15:00:00+00:00,0.01,0.02,0.015,0.01,False,False
Denver,2026-09-03,KXHIGHDEN-26SEP03,KXHIGHDEN-26SEP03-B87.5,2026-09-03 15:00:00+00:00,0.01,0.03,0.02,0.0199999999999999,2026-09-03 15:00:00+00:00,0.01,0.03,0.02,0.0199999999999999,False,False
Denver,2026-09-03,KXHIGHDEN-26SEP03,KXHIGHDEN-26SEP03-B89.5,2026-09-03 15:00:00+00:00,0.16,0.17,0.165,0.01,2026-09-03 15:00:00+00:00,0.16,0.17,0.165,0.01,False,False
Denver,2026-09-03,KXHIGHDEN-26SEP03,KXHIGHDEN-26SEP03-B91.5,2026-09-03 15:00:00+00:00,0.59,0.61,0.6,0.02,2026-09-03 15:00:00+00:00,0.59,0.61,0.6,0.02,False,False
Denver,2026-09-03,KXHIGHDEN-26SEP03,KXHIGHDEN-26SEP03-B93.5,2026-09-03 15:00:00+00:00,0.15,0.19,0.1699999999999999,0.04,2026-09-03 15:00:00+00:00,0.15,0.19,0.1699999999999999,0.04,False,False
Denver,2026-09-03,KXHIGHDEN-26SEP03,KXHIGHDEN-26SEP03-T94,2026-09-03 15:00:00+00:00,0.0,0.01,0.005,0.01,2026-09-03 15:00:00+00:00,0.0,0.01,0.005,0.01,False,False
Denver,2026-09-04,KXHIGHDEN-26SEP04,KXHIGHDEN-26SEP04-T88,2026-09-04 16:00:00+00:00,0.0,0.01,0.005,0.01,2026-09-04 16:00:00+00:00,0.0,0.01,0.005,0.01,False,False
Denver,2026-09-04,KXHIGHDEN-26SEP04,KXHIGHDEN-26SEP04-B88.5,2026-09-04 16:00:00+00:00,0.01,0.02,0.015,0.01,2026-09-04 16:00:00+00:00,0.01,0.02,0.015,0.01,False,False
Denver,2026-09-04,KXHIGHDEN-26SEP04,KXHIGHDEN-26SEP04-B90.5,2026-09-04 16:00:00+00:00,0.08,0.09,0.0849999999999999,0.0099999999999999,2026-09-04 16:00:00+00:00,0.08,0.09,0.0849999999999999,0.0099999999999999,False,False
Denver,2026-09-04,KXHIGHDEN-26SEP04,KXHIGHDEN-26SEP04-B92.5,2026-09-04 16:00:00+00:00,0.6,0.61,0.605,0.01,2026-09-04 16:00:00+00:00,0.6,0.61,0.605,0.01,False,False
Denver,2026-09-04,KXHIGHDEN-26SEP04,KXHIGHDEN-26SEP04-B94.5,2026-09-04 16:00:00+00:00,0.32,0.33,0.325,0.01,2026-09-04 16:00:00+00:00,0.32,0.33,0.325,0.01,False,False
Denver,2026-09-04,KXHIGHDEN-26SEP04,KXHIGHDEN-26SEP04-T95,2026-09-04 16:00:00+00:00,0.02,0.03,0.025,0.0099999999999999,2026-09-04 16:00:00+00:00,0.02,0.03,0.025,0.0099999999999999,False,False
Denver,2026-09-05,KXHIGHDEN-26SEP05,KXHIGHDEN-26SEP05-T87,2026-09-05 16:00:00+00:00,0.0,0.01,0.005,0.01,2026-09-05 16:00:00+00:00,0.0,0.01,0.005,0.01,False,False
Denver,2026-09-05,KXHIGHDEN-26SEP05,KXHIGHDEN-26SEP05-B87.5,2026-09-05 16:00:00+00:00,0.01,0.02,0.015,0.01,2026-09-05 16:00:00+00:00,0.01,0.02,0.015,0.01,False,False
Denver,2026-09-05,KXHIGHDEN-26SEP05,KXHIGHDEN-26SEP05-B89.5,2026-09-05 16:00:00+00:00,0.02,0.03,0.025,0.0099999999999999,2026-09-05 16:00:00+00:00,0.02,0.03,0.025,0.0099999999999999,False,False
Denver,2026-09-05,KXHIGHDEN-26SEP05,KXHIGHDEN-26SEP05-B91.5,2026-09-05 16:00:00+00:00,0.42,0.43,0.425,0.01,2026-09-05 16:00:00+00:00,0.42,0.43,0.425,0.01,False,False
Denver,2026-09-05,KXHIGHDEN-26SEP05,KXHIGHDEN-26SEP05-B93.5,2026-09-05 16:00:00+00:00,0.52,0.55,0.535,0.03,2026-09-05 16:00:00+00:00,0.52,0.55,0.535,0.03,False,False
Denver,2026-09-05,KXHIGHDEN-26SEP05,KXHIGHDEN-26SEP05-T94,2026-09-05 16:00:00+00:00,0.03,0.04,0.035,0.01,2026-09-05 16:00:00+00:00,0.03,0.04,0.035,0.01,False,False
Denver,2026-09-06,KXHIGHDEN-26SEP06,KXHIGHDEN-26SEP06-T89,2026-09-06 16:00:00+00:00,0.05,0.07,0.06,0.02,2026-09-06 16:00:00+00:00,0.05,0.07,0.06,0.02,False,False
Denver,2026-09-06,KXHIGHDEN-26SEP06,KXHIGHDEN-26SEP06-B89.5,2026-09-06 16:00:00+00:00,0.15,0.16,0.155,0.01,2026-09-06 16:00:00+00:00,0.15,0.16,0.155,0.01,False,False
Denver,2026-09-06,KXHIGHDEN-26SEP06,KXHIGHDEN-26SEP06-B91.5,2026-09-06 16:00:00+00:00,0.65,0.7,0.675,0.0499999999999999,2026-09-06 16:00:00+00:00,0.65,0.7,0.675,0.0499999999999999,False,False
Denver,2026-09-06,KXHIGHDEN-26SEP06,KXHIGHDEN-26SEP06-B93.5,2026-09-06 16:00:00+00:00,0.13,0.18,0.155,0.0499999999999999,2026-09-06 16:00:00+00:00,0.13,0.18,0.155,0.0499999999999999,False,False
Denver,2026-09-06,KXHIGHDEN-26SEP06,KXHIGHDEN-26SEP06-B95.5,2026-09-06 16:00:00+00:00,0.01,0.02,0.015,0.01,2026-09-06 16:00:00+00:00,0.01,0.02,0.015,0.01,False,False
Denver,2026-09-06,KXHIGHDEN-26SEP06,KXHIGHDEN-26SEP06-T96,2026-09-06 16:00:00+00:00,0.0,0.01,0.005,0.01,2026-09-06 16:00:00+00:00,0.0,0.01,0.005,0.01,False,False
Denver,2026-09-07,KXHIGHDEN-26SEP07,KXHIGHDEN-26SEP07-T86,2026-09-07 16:00:00+00:00,0.0,0.01,0.005,0.01,2026-09-07 16:00:00+00:00,0.0,0.01,0.005,0.01,False,False
Denver,2026-09-07,KXHIGHDEN-26SEP07,KXHIGHDEN-26SEP07-B86.5,2026-09-07 16:00:00+00:00,0.03,0.04,0.035,0.01,2026-09-07 16:00:00+00:00,0.03,0.04,0.035,0.01,False,False
Denver,2026-09-07,KXHIGHDEN-26SEP07,KXHIGHDEN-26SEP07-B88.5,2026-09-07 16:00:00+00:00,0.21,0.22,0.215,0.01,2026-09-07 16:00:00+00:00,0.21,0.22,0.215,0.01,False,False
Denver,2026-09-07,KXHIGHDEN-26SEP07,KXHIGHDEN-26SEP07-B90.5,2026-09-07 16:00:00+00:00,0.54,0.55,0.545,0.01,2026-09-07 16:00:00+00:00,0.54,0.55,0.545,0.01,False,False
Denver,2026-09-07,KXHIGHDEN-26SEP07,KXHIGHDEN-26SEP07-B92.5,2026-09-07 16:00:00+00:00,0.18,0.2,0.19,0.02,2026-09-07 16:00:00+00:00,0.18,0.2,0.19,0.02,False,False
Denver,2026-09-07,KXHIGHDEN-26SEP07,KXHIGHDEN-26SEP07-T93,2026-09-07 16:00:00+00:00,0.02,0.03,0.025,0.0099999999999999,2026-09-07 16:00:00+00:00,0.02,0.03,0.025,0.0099999999999999,False,False
Denver,2026-09-08,KXHIGHDEN-26SEP08,KXHIGHDEN-26SEP08-T82,2026-09-08 15:00:00+00:00,0.01,0.02,0.015,0.01,2026-09-08 15:00:00+00:00,0.01,0.02,0.015,0.01,False,False
Denver,2026-09-08,KXHIGHDEN-26SEP08,KXHIGHDEN-26SEP08-B82.5,2026-09-08 15:00:00+00:00,0.05,0.06,0.055,0.0099999999999999,2026-09-08 15:00:00+00:00,0.05,0.06,0.055,0.0099999999999999,False,False
Denver,2026-09-08,KXHIGHDEN-26SEP08,KXHIGHDEN-26SEP08-B84.5,2026-09-08 15:00:00+00:00,0.44,0.46,0.45,0.02,2026-09-08 15:00:00+00:00,0.44,0.46,0.45,0.02,False,False
Denver,2026-09-08,KXHIGHDEN-26SEP08,KXHIGHDEN-26SEP08-B86.5,2026-09-08 15:00:00+00:00,0.4,0.42,0.41,0.0199999999999999,2026-09-08 15:00:00+00:00,0.4,0.42,0.41,0.0199999999999999,False,False
Denver,2026-09-08,KXHIGHDEN-26SEP08,KXHIGHDEN-26SEP08-B88.5,2026-09-08 15:00:00+00:00,0.05,0.06,0.055,0.0099999999999999,2026-09-08 15:00:00+00:00,0.05,0.06,0.055,0.0099999999999999,False,False
Denver,2026-09-08,KXHIGHDEN-26SEP08,KXHIGHDEN-26SEP08-T89,2026-09-08 15:00:00+00:00,0.0,0.01,0.005,0.01,2026-09-08 15:00:00+00:00,0.0,0.01,0.005,0.01,False,False
Denver,2026-09-09,KXHIGHDEN-26SEP09,KXHIGHDEN-26SEP09-T78,2026-09-09 16:00:00+00:00,0.0,0.01,0.005,0.01,2026-09-09 16:00:00+00:00,0.0,0.01,0.005,0.01,False,False
Denver,2026-09-09,KXHIGHDEN-26SEP09,KXHIGHDEN-26SEP09-B78.5,2026-09-09 16:00:00+00:00,0.02,0.03,0.025,0.0099999999999999,2026-09-09 16:00:00+00:00,0.02,0.03,0.025,0.0099999999999999,False,False
Denver,2026-09-09,KXHIGHDEN-26SEP09,KXHIGHDEN-26SEP09-B80.5,2026-09-09 16:00:00+00:00,0.46,0.5,0.48,0.0399999999999999,2026-09-09 16:00:00+00:00,0.46,0.5,0.48,0.0399999999999999,False,False
Denver,2026-09-09,KXHIGHDEN-26SEP09,KXHIGHDEN-26SEP09-B82.5,2026-09-09 16:00:00+00:00,0.39,0.4,0.395,0.01,2026-09-09 16:00:00+00:00,0.39,0.4,0.395,0.01,False,False
Denver,2026-09-09,KXHIGHDEN-26SEP09,KXHIGHDEN-26SEP09-B84.5,2026-09-09 16:00:00+00:00,0.04,0.05,0.045,0.01,2026-09-09 16:00:00+00:00,0.04,0.05,0.045,0.01,False,False
Denver,2026-09-09,KXHIGHDEN-26SEP09,KXHIGHDEN-26SEP09-T85,2026-09-09 16:00:00+00:00,0.0,0.02,0.01,0.02,2026-09-09 16:00:00+00:00,0.0,0.02,0.01,0.02,False,False
Denver,2026-09-10,KXHIGHDEN-26SEP10,KXHIGHDEN-26SEP10-T86,2026-09-10 16:00:00+00:00,0.01,0.02,0.015,0.01,2026-09-10 16:00:00+00:00,0.01,0.02,0.015,0.01,False,False
Denver,2026-09-10,KXHIGHDEN-26SEP10,KXHIGHDEN-26SEP10-B86.5,2026-09-10 16:00:00+00:00,0.37,0.38,0.375,0.01,2026-09-10 16:00:00+00:00,0.37,0.38,0.375,0.01,False,False
Denver,2026-09-10,KXHIGHDEN-26SEP10,KXHIGHDEN-26SEP10-B88.5,2026-09-10 16:00:00+00:00,0.51,0.53,0.52,0.02,2026-09-10 16:00:00+00:00,0.51,0.53,0.52,0.02,False,False
Denver,2026-09-10,KXHIGHDEN-26SEP10,KXHIGHDEN-26SEP10-B90.5,2026-09-10 16:00:00+00:00,0.02,0.05,0.035,0.03,2026-09-10 16:00:00+00:00,0.02,0.05,0.035,0.03,False,False
Denver,2026-09-10,KXHIGHDEN-26SEP10,KXHIGHDEN-26SEP10-B92.5,2026-09-10 16:00:00+00:00,0.01,0.02,0.015,0.01,2026-09-10 16:00:00+00:00,0.01,0.02,0.015,0.01,False,False
Denver,2026-09-10,KXHIGHDEN-26SEP10,KXHIGHDEN-26SEP10-T93,2026-09-10 16:00:00+00:00,0.0,0.01,0.005,0.01,2026-09-10 16:00:00+00:00,0.0,0.01,0.005,0.01,False,False
Denver,2026-09-11,KXHIGHDEN-26SEP11,KXHIGHDEN-26SEP11-T87,2026-09-11 16:00:00+00:00,0.0,0.01,0.005,0.01,2026-09-11 16:00:00+00:00,0.0,0.01,0.005,0.01,False,False
Denver,2026-09-11,KXHIGHDEN-26SEP11,KXHIGHDEN-26SEP11-B87.5,2026-09-11 16:00:00+00:00,0.05,0.06,0.055,0.0099999999999999,2026-09-11 16:00:00+00:00,0.05,0.06,0.055,0.0099999999999999,False,False
Denver,2026-09-11,KXHIGHDEN-26SEP11,KXHIGHDEN-26SEP11-B89.5,2026-09-11 16:00:00+00:00,0.34,0.38,0.36,0.0399999999999999,2026-09-11 16:00:00+00:00,0.34,0.38,0.36,0.0399999999999999,False,False
Denver,2026-09-11,KXHIGHDEN-26SEP11,KXHIGHDEN-26SEP11-B91.5,2026-09-11 16:00:00+00:00,0.55,0.56,0.555,0.01,2026-09-11 16:00:00+00:00,0.55,0.56,0.555,0.01,False,False
Denver,2026-09-11,KXHIGHDEN-26SEP11,KXHIGHDEN-26SEP11-B93.5,2026-09-11 16:00:00+00:00,0.04,0.05,0.045,0.01,2026-09-11 16:00:00+00:00,0.04,0.05,0.045,0.01,False,False
Denver,2026-09-11,KXHIGHDEN-26SEP11,KXHIGHDEN-26SEP11-T94,2026-09-11 16:00:00+00:00,0.01,0.02,0.015,0.01,2026-09-11 16:00:00+00:00,0.01,0.02,0.015,0.01,False,False
Denver,2026-09-12,KXHIGHDEN-26SEP12,KXHIGHDEN-26SEP12-T80,2026-09-12 15:00:00+00:00,0.05,0.07,0.06,0.02,2026-09-12 15:00:00+00:00,0.05,0.07,0.06,0.02,False,False
Denver,2026-09-12,KXHIGHDEN-26SEP12,KXHIGHDEN-26SEP12-B80.5,2026-09-12 15:00:00+00:00,0.13,0.15,0.14,0.0199999999999999,2026-09-12 15:00:00+00:00,0.13,0.15,0.14,0.0199999999999999,False,False
Denver,2026-09-12,KXHIGHDEN-26SEP12,KXHIGHDEN-26SEP12-B82.5,2026-09-12 15:00:00+00:00,0.52,0.53,0.525,0.01,2026-09-12 15:00:00+00:00,0.52,0.53,0.525,0.01,False,False
Denver,2026-09-12,KXHIGHDEN-26SEP12,KXHIGHDEN-26SEP12-B84.5,2026-09-12 15:00:00+00:00,0.28,0.31,0.295,0.0299999999999999,2026-09-12 15:00:00+00:00,0.28,0.31,0.295,0.0299999999999999,False,False
Denver,2026-09-12,KXHIGHDEN-26SEP12,KXHIGHDEN-26SEP12-B86.5,2026-09-12 15:00:00+00:00,0.03,0.04,0.035,0.01,2026-09-12 15:00:00+00:00,0.03,0.04,0.035,0.01,False,False
Denver,2026-09-12,KXHIGHDEN-26SEP12,KXHIGHDEN-26SEP12-T87,2026-09-12 15:00:00+00:00,0.0,0.01,0.005,0.01,2026-09-12 15:00:00+00:00,0.0,0.01,0.005,0.01,False,False
Denver,2026-09-13,KXHIGHDEN-26SEP13,KXHIGHDEN-26SEP13-T89,2026-09-13 16:00:00+00:00,0.01,0.02,0.015,0.01,2026-09-13 16:00:00+00:00,0.01,0.02,0.015,0.01,False,False
Denver,2026-09-13,KXHIGHDEN-26SEP13,KXHIGHDEN-26SEP13-B89.5,2026-09-13 16:00:00+00:00,0.03,0.04,0.035,0.01,2026-09-13 16:00:00+00:00,0.03,0.04,0.035,0.01,False,False
Denver,2026-09-13,KXHIGHDEN-26SEP13,KXHIGHDEN-26SEP13-B91.5,2026-09-13 16:00:00+00:00,0.19,0.2,0.195,0.01,2026-09-13 16:00:00+00:00,0.19,0.2,0.195,0.01,False,False
Denver,2026-09-13,KXHIGHDEN-26SEP13,KXHIGHDEN-26SEP13-B93.5,2026-09-13 16:00:00+00:00,0.64,0.65,0.645,0.01,2026-09-13 16:00:00+00:00,0.64,0.65,0.645,0.01,False,False
Denver,2026-09-13,KXHIGHDEN-26SEP13,KXHIGHDEN-26SEP13-B95.5,2026-09-13 16:00:00+00:00,0.1,0.11,0.105,0.0099999999999999,2026-09-13 16:00:00+00:00,0.1,0.11,0.105,0.0099999999999999,False,False
Denver,2026-09-13,KXHIGHDEN-26SEP13,KXHIGHDEN-26SEP13-T96,2026-09-13 16:00:00+00:00,0.02,0.03,0.025,0.0099999999999999,2026-09-13 16:00:00+00:00,0.02,0.03,0.025,0.0099999999999999,False,False
Denver,2026-09-14,KXHIGHDEN-26SEP14,KXHIGHDEN-26SEP14-T83,2026-09-14 16:00:00+00:00,0.0,0.01,0.005,0.01,2026-09-14 16:00:00+00:00,0.0,0.01,0.005,0.01,False,False
Denver,2026-09-14,KXHIGHDEN-26SEP14,KXHIGHDEN-26SEP14-B83.5,2026-09-14 16:00:00+00:00,0.02,0.03,0.025,0.0099999999999999,2026-09-14 16:00:00+00:00,0.02,0.03,0.025,0.0099999999999999,False,False
Denver,2026-09-14,KXHIGHDEN-26SEP14,KXHIGHDEN-26SEP14-B85.5,2026-09-14 16:00:00+00:00,0.12,0.14,0.13,0.02,2026-09-14 16:00:00+00:00,0.12,0.14,0.13,0.02,False,False
Denver,2026-09-14,KXHIGHDEN-26SEP14,KXHIGHDEN-26SEP14-B87.5,2026-09-14 16:00:00+00:00,0.45,0.48,0.4649999999999999,0.0299999999999999,2026-09-14 16:00:00+00:00,0.45,0.48,0.4649999999999999,0.0299999999999999,False,False
Denver,2026-09-14,KXHIGHDEN-26SEP14,KXHIGHDEN-26SEP14-B89.5,2026-09-14 16:00:00+00:00,0.36,0.38,0.37,0.02,2026-09-14 16:00:00+00:00,0.36,0.38,0.37,0.02,False,False
Denver,2026-09-14,KXHIGHDEN-26SEP14,KXHIGHDEN-26SEP14-T90,2026-09-14 16:00:00+00:00,0.03,0.05,0.04,0.02,2026-09-14 16:00:00+00:00,0.03,0.05,0.04,0.02,False,False
Denver,2026-09-15,KXHIGHDEN-26SEP15,KXHIGHDEN-26SEP15-T70,2026-09-15 16:00:00+00:00,0.08,0.11,0.095,0.03,2026-09-15 16:00:00+00:00,0.08,0.11,0.095,0.03,False,False
Denver,2026-09-15,KXHIGHDEN-26SEP15,KXHIGHDEN-26SEP15-B70.5,2026-09-15 16:00:00+00:00,0.31,0.33,0.32,0.02,2026-09-15 16:00:00+00:00,0.31,0.33,0.32,0.02,False,False
Denver,2026-09-15,KXHIGHDEN-26SEP15,KXHIGHDEN-26SEP15-B72.5,2026-09-15 16:00:00+00:00,0.34,0.36,0.35,0.0199999999999999,2026-09-15 16:00:00+00:00,0.34,0.36,0.35,0.0199999999999999,False,False
Denver,2026-09-15,KXHIGHDEN-26SEP15,KXHIGHDEN-26SEP15-B74.5,2026-09-15 16:00:00+00:00,0.15,0.16,0.155,0.01,2026-09-15 16:00:00+00:00,0.15,0.16,0.155,0.01,False,False
Denver,2026-09-15,KXHIGHDEN-26SEP15,KXHIGHDEN-26SEP15-B76.5,2026-09-15 16:00:00+00:00,0.03,0.04,0.035,0.01,2026-09-15 16:00:00+00:00,0.03,0.04,0.035,0.01,False,False
Denver,2026-09-15,KXHIGHDEN-26SEP15,KXHIGHDEN-26SEP15-T77,2026-09-15 16:00:00+00:00,0.01,0.02,0.015,0.01,2026-09-15 16:00:00+00:00,0.01,0.02,0.015,0.01,False,False
Denver,2026-09-16,KXHIGHDEN-26SEP16,KXHIGHDEN-26SEP16-T79,2026-09-16 16:00:00+00:00,0.01,0.02,0.015,0.01,2026-09-16 16:00:00+00:00,0.01,0.02,0.015,0.01,False,False
Denver,2026-09-16,KXHIGHDEN-26SEP16,KXHIGHDEN-26SEP16-B79.5,2026-09-16 16:00:00+00:00,0.03,0.04,0.035,0.01,2026-09-16 16:00:00+00:00,0.03,0.04,0.035,0.01,False,False
Denver,2026-09-16,KXHIGHDEN-26SEP16,KXHIGHDEN-26SEP16-B81.5,2026-09-16 16:00:00+00:00,0.13,0.15,0.14,0.0199999999999999,2026-09-16 16:00:00+00:00,0.13,0.15,0.14,0.0199999999999999,False,False
Denver,2026-09-16,KXHIGHDEN-26SEP16,KXHIGHDEN-26SEP16-B83.5,2026-09-16 16:00:00+00:00,0.56,0.57,0.565,0.0099999999999998,2026-09-16 16:00:00+00:00,0.56,0.57,0.565,0.0099999999999998,False,False
Denver,2026-09-16,KXHIGHDEN-26SEP16,KXHIGHDEN-26SEP16-B85.5,2026-09-16 16:00:00+00:00,0.26,0.27,0.265,0.01,2026-09-16 16:00:00+00:00,0.26,0.27,0.265,0.01,False,False
Denver,2026-09-16,KXHIGHDEN-26SEP16,KXHIGHDEN-26SEP16-T86,2026-09-16 16:00:00+00:00,0.01,0.02,0.015,0.01,2026-09-16 16:00:00+00:00,0.01,0.02,0.015,0.01,False,False
Denver,2026-09-17,KXHIGHDEN-26SEP17,KXHIGHDEN-26SEP17-T75,2026-09-17 16:00:00+00:00,0.0,0.01,0.005,0.01,2026-09-17 16:00:00+00:00,0.0,0.01,0.005,0.01,False,False
Denver,2026-09-17,KXHIGHDEN-26SEP17,KXHIGHDEN-26SEP17-B75.5,2026-09-17 16:00:00+00:00,0.0,0.01,0.005,0.01,2026-09-17 16:00:00+00:00,0.0,0.01,0.005,0.01,False,False
Denver,2026-09-17,KXHIGHDEN-26SEP17,KXHIGHDEN-26SEP17-B77.5,2026-09-17 16:00:00+00:00,0.01,0.02,0.015,0.01,2026-09-17 16:00:00+00:00,0.01,0.02,0.015,0.01,False,False
Denver,2026-09-17,KXHIGHDEN-26SEP17,KXHIGHDEN-26SEP17-B79.5,2026-09-17 16:00:00+00:00,0.04,0.08,0.06,0.04,2026-09-17 16:00:00+00:00,0.04,0.08,0.06,0.04,False,False
Denver,2026-09-17,KXHIGHDEN-26SEP17,KXHIGHDEN-26SEP17-B81.5,2026-09-17 16:00:00+00:00,0.2,0.21,0.205,0.0099999999999999,2026-09-17 16:00:00+00:00,0.2,0.21,0.205,0.0099999999999999,False,False
Denver,2026-09-17,KXHIGHDEN-26SEP17,KXHIGHDEN-26SEP17-T82,2026-09-17 16:00:00+00:00,0.68,0.74,0.71,0.0599999999999999,2026-09-17 16:00:00+00:00,0.68,0.74,0.71,0.0599999999999999,False,False
Denver,2026-09-18,KXHIGHDEN-26SEP18,KXHIGHDEN-26SEP18-T78,2026-09-18 16:00:00+00:00,0.01,0.02,0.015,0.01,2026-09-18 16:00:00+00:00,0.01,0.02,0.015,0.01,False,False
Denver,2026-09-18,KXHIGHDEN-26SEP18,KXHIGHDEN-26SEP18-B78.5,2026-09-18 16:00:00+00:00,0.01,0.02,0.015,0.01,2026-09-18 16:00:00+00:00,0.01,0.02,0.015,0.01,False,False
Denver,2026-09-18,KXHIGHDEN-26SEP18,KXHIGHDEN-26SEP18-B80.5,2026-09-18 16:00:00+00:00,0.09,0.1,0.095,0.01,2026-09-18 16:00:00+00:00,0.09,0.1,0.095,0.01,False,False
Denver,2026-09-18,KXHIGHDEN-26SEP18,KXHIGHDEN-26SEP18-B82.5,2026-09-18 16:00:00+00:00,0.5,0.51,0.505,0.01,2026-09-18 16:00:00+00:00,0.5,0.51,0.505,0.01,False,False
Denver,2026-09-18,KXHIGHDEN-26SEP18,KXHIGHDEN-26SEP18-B84.5,2026-09-18 16:00:00+00:00,0.32,0.33,0.325,0.01,2026-09-18 16:00:00+00:00,0.32,0.33,0.325,0.01,False,False
Denver,2026-09-18,KXHIGHDEN-26SEP18,KXHIGHDEN-26SEP18-T85,2026-09-18 16:00:00+00:00,0.03,0.04,0.035,0.01,2026-09-18 16:00:00+00:00,0.03,0.04,0.035,0.01,False,False
Denver,2026-09-19,KXHIGHDEN-26SEP19,KXHIGHDEN-26SEP19-T73,2026-09-19 16:00:00+00:00,0.01,0.02,0.015,0.01,2026-09-19 16:00:00+00:00,0.01,0.02,0.015,0.01,False,False
Denver,2026-09-19,KXHIGHDEN-26SEP19,KXHIGHDEN-26SEP19-B73.5,2026-09-19 16:00:00+00:00,0.03,0.05,0.04,0.02,2026-09-19 16:00:00+00:00,0.03,0.05,0.04,0.02,False,False
Denver,2026-09-19,KXHIGHDEN-26SEP19,KXHIGHDEN-26SEP19-B75.5,2026-09-19 16:00:00+00:00,0.12,0.14,0.13,0.02,2026-09-19 16:00:00+00:00,0.12,0.14,0.13,0.02,False,False
Denver,2026-09-19,KXHIGHDEN-26SEP19,KXHIGHDEN-26SEP19-B77.5,2026-09-19 16:00:00+00:00,0.33,0.35,0.3399999999999999,0.0199999999999999,2026-09-19 16:00:00+00:00,0.33,0.35,0.3399999999999999,0.0199999999999999,False,False
Denver,2026-09-19,KXHIGHDEN-26SEP19,KXHIGHDEN-26SEP19-B79.5,2026-09-19 16:00:00+00:00,0.37,0.38,0.375,0.01,2026-09-19 16:00:00+00:00,0.37,0.38,0.375,0.01,False,False
Denver,2026-09-19,KXHIGHDEN-26SEP19,KXHIGHDEN-26SEP19-T80,2026-09-19 16:00:00+00:00,0.07,0.08,0.075,0.0099999999999999,2026-09-19 16:00:00+00:00,0.07,0.08,0.075,0.0099999999999999,False,False
Denver,2026-09-20,KXHIGHDEN-26SEP20,KXHIGHDEN-26SEP20-T67,2026-09-20 16:00:00+00:00,0.0,0.01,0.005,0.01,2026-09-20 16:00:00+00:00,0.0,0.01,0.005,0.01,False,False
Denver,2026-09-20,KXHIGHDEN-26SEP20,KXHIGHDEN-26SEP20-B67.5,2026-09-20 16:00:00+00:00,0.01,0.02,0.015,0.01,2026-09-20 16:00:00+00:00,0.01,0.02,0.015,0.01,False,False
Denver,2026-09-20,KXHIGHDEN-26SEP20,KXHIGHDEN-26SEP20-B69.5,2026-09-20 16:00:00+00:00,0.06,0.07,0.065,0.01,2026-09-20 16:00:00+00:00,0.06,0.07,0.065,0.01,False,False
Denver,2026-09-20,KXHIGHDEN-26SEP20,KXHIGHDEN-26SEP20-B71.5,2026-09-20 16:00:00+00:00,0.31,0.32,0.315,0.01,2026-09-20 16:00:00+00:00,0.31,0.32,0.315,0.01,False,False
Denver,2026-09-20,KXHIGHDEN-26SEP20,KXHIGHDEN-26SEP20-B73.5,2026-09-20 16:00:00+00:00,0.48,0.52,0.5,0.04,2026-09-20 16:00:00+00:00,0.48,0.52,0.5,0.04,False,False
Denver,2026-09-20,KXHIGHDEN-26SEP20,KXHIGHDEN-26SEP20-T74,2026-09-20 16:00:00+00:00,0.14,0.15,0.145,0.0099999999999999,2026-09-20 16:00:00+00:00,0.14,0.15,0.145,0.0099999999999999,False,False
Denver,2026-09-21,KXHIGHDEN-26SEP21,KXHIGHDEN-26SEP21-T70,2026-09-21 16:00:00+00:00,0.0,0.01,0.005,0.01,2026-09-21 16:00:00+00:00,0.0,0.01,0.005,0.01,False,False
Denver,2026-09-21,KXHIGHDEN-26SEP21,KXHIGHDEN-26SEP21-B70.5,2026-09-21 16:00:00+00:00,0.01,0.02,0.015,0.01,2026-09-21 16:00:00+00:00,0.01,0.02,0.015,0.01,False,False
Denver,2026-09-21,KXHIGHDEN-26SEP21,KXHIGHDEN-26SEP21-B72.5,2026-09-21 16:00:00+00:00,0.07,0.08,0.075,0.0099999999999999,2026-09-21 16:00:00+00:00,0.07,0.08,0.075,0.0099999999999999,False,False
Denver,2026-09-21,KXHIGHDEN-26SEP21,KXHIGHDEN-26SEP21-B74.5,2026-09-21 16:00:00+00:00,0.61,0.63,0.62,0.02,2026-09-21 16:00:00+00:00,0.61,0.63,0.62,0.02,False,False
Denver,2026-09-21,KXHIGHDEN-26SEP21,KXHIGHDEN-26SEP21-B76.5,2026-09-21 16:00:00+00:00,0.3,0.31,0.305,0.01,2026-09-21 16:00:00+00:00,0.3,0.31,0.305,0.01,False,False
Denver,2026-09-21,KXHIGHDEN-26SEP21,KXHIGHDEN-26SEP21-T77,2026-09-21 16:00:00+00:00,0.01,0.02,0.015,0.01,2026-09-21 16:00:00+00:00,0.01,0.02,0.015,0.01,False,False
Denver,2026-09-22,KXHIGHDEN-26SEP22,KXHIGHDEN-26SEP22-T77,2026-09-22 16:00:00+00:00,0.0,0.01,0.005,0.01,2026-09-22 16:00:00+00:00,0.0,0.01,0.005,0.01,False,False
Denver,2026-09-22,KXHIGHDEN-26SEP22,KXHIGHDEN-26SEP22-B77.5,2026-09-22 16:00:00+00:00,0.01,0.03,0.02,0.0199999999999999,2026-09-22 16:00:00+00:00,0.01,0.03,0.02,0.0199999999999999,False,False
Denver,2026-09-22,KXHIGHDEN-26SEP22,KXHIGHDEN-26SEP22-B79.5,2026-09-22 16:00:00+00:00,0.06,0.07,0.065,0.01,2026-09-22 16:00:00+00:00,0.06,0.07,0.065,0.01,False,False
Denver,2026-09-22,KXHIGHDEN-26SEP22,KXHIGHDEN-26SEP22-B81.5,2026-09-22 16:00:00+00:00,0.37,0.42,0.395,0.0499999999999999,2026-09-22 16:00:00+00:00,0.37,0.42,0.395,0.0499999999999999,False,False
Denver,2026-09-22,KXHIGHDEN-26SEP22,KXHIGHDEN-26SEP22-B83.5,2026-09-22 16:00:00+00:00,0.45,0.49,0.47,0.0399999999999999,2026-09-22 16:00:00+00:00,0.45,0.49,0.47,0.0399999999999999,False,False
Denver,2026-09-22,KXHIGHDEN-26SEP22,KXHIGHDEN-26SEP22-T84,2026-09-22 16:00:00+00:00,0.04,0.05,0.045,0.01,2026-09-22 16:00:00+00:00,0.04,0.05,0.045,0.01,False,False
Denver,2026-09-23,KXHIGHDEN-26SEP23,KXHIGHDEN-26SEP23-T76,2026-09-23 16:00:00+00:00,0.62,0.64,0.63,0.02,2026-09-23 16:00:00+00:00,0.62,0.64,0.63,0.02,False,False
Denver,2026-09-23,KXHIGHDEN-26SEP23,KXHIGHDEN-26SEP23-B76.5,2026-09-23 16:00:00+00:00,0.23,0.27,0.25,0.04,2026-09-23 16:00:00+00:00,0.23,0.27,0.25,0.04,False,False
Denver,2026-09-23,KXHIGHDEN-26SEP23,KXHIGHDEN-26SEP23-B78.5,2026-09-23 16:00:00+00:00,0.11,0.13,0.12,0.02,2026-09-23 16:00:00+00:00,0.11,0.13,0.12,0.02,False,False
Denver,2026-09-23,KXHIGHDEN-26SEP23,KXHIGHDEN-26SEP23-B80.5,2026-09-23 16:00:00+00:00,0.01,0.02,0.015,0.01,2026-09-23 16:00:00+00:00,0.01,0.02,0.015,0.01,False,False
Denver,2026-09-23,KXHIGHDEN-26SEP23,KXHIGHDEN-26SEP23-B82.5,2026-09-23 16:00:00+00:00,0.01,0.02,0.015,0.01,2026-09-23 16:00:00+00:00,0.01,0.02,0.015,0.01,False,False
Denver,2026-09-23,KXHIGHDEN-26SEP23,KXHIGHDEN-26SEP23-T83,2026-09-23 16:00:00+00:00,0.0,0.01,0.005,0.01,2026-09-23 16:00:00+00:00,0.0,0.01,0.005,0.01,False,False
Denver,2026-09-24,KXHIGHDEN-26SEP24,KXHIGHDEN-26SEP24-T64,2026-09-24 16:00:00+00:00,0.0,0.01,0.005,0.01,2026-09-24 16:00:00+00:00,0.0,0.01,0.005,0.01,False,False
Denver,2026-09-24,KXHIGHDEN-26SEP24,KXHIGHDEN-26SEP24-B64.5,2026-09-24 16:00:00+00:00,0.0,0.01,0.005,0.01,2026-09-24 16:00:00+00:00,0.0,0.01,0.005,0.01,False,False
Denver,2026-09-24,KXHIGHDEN-26SEP24,KXHIGHDEN-26SEP24-B66.5,2026-09-24 16:00:00+00:00,0.0,0.01,0.005,0.01,2026-09-24 16:00:00+00:00,0.0,0.01,0.005,0.01,False,False
Denver,2026-09-24,KXHIGHDEN-26SEP24,KXHIGHDEN-26SEP24-B68.5,2026-09-24 16:00:00+00:00,0.03,0.04,0.035,0.01,2026-09-24 16:00:00+00:00,0.03,0.04,0.035,0.01,False,False
Denver,2026-09-24,KXHIGHDEN-26SEP24,KXHIGHDEN-26SEP24-B70.5,2026-09-24 16:00:00+00:00,0.16,0.2,0.18,0.04,2026-09-24 16:00:00+00:00,0.16,0.2,0.18,0.04,False,False
Denver,2026-09-24,KXHIGHDEN-26SEP24,KXHIGHDEN-26SEP24-T71,2026-09-24 16:00:00+00:00,0.74,0.75,0.745,0.01,2026-09-24 16:00:00+00:00,0.74,0.75,0.745,0.01,False,False
Denver,2026-09-25,KXHIGHDEN-26SEP25,KXHIGHDEN-26SEP25-T72,2026-09-25 16:00:00+00:00,0.06,0.08,0.07,0.02,2026-09-25 16:00:00+00:00,0.06,0.08,0.07,0.02,False,False
Denver,2026-09-25,KXHIGHDEN-26SEP25,KXHIGHDEN-26SEP25-B72.5,2026-09-25 16:00:00+00:00,0.18,0.21,0.195,0.03,2026-09-25 16:00:00+00:00,0.18,0.21,0.195,0.03,False,False
Denver,2026-09-25,KXHIGHDEN-26SEP25,KXHIGHDEN-26SEP25-B74.5,2026-09-25 16:00:00+00:00,0.4,0.41,0.405,0.0099999999999999,2026-09-25 16:00:00+00:00,0.4,0.41,0.405,0.0099999999999999,False,False
Denver,2026-09-25,KXHIGHDEN-26SEP25,KXHIGHDEN-26SEP25-B76.5,2026-09-25 16:00:00+00:00,0.31,0.32,0.315,0.01,2026-09-25 16:00:00+00:00,0.31,0.32,0.315,0.01,False,False
Denver,2026-09-25,KXHIGHDEN-26SEP25,KXHIGHDEN-26SEP25-B78.5,2026-09-25 16:00:00+00:00,0.02,0.04,0.03,0.02,2026-09-25 16:00:00+00:00,0.02,0.04,0.03,0.02,False,False
Denver,2026-09-25,KXHIGHDEN-26SEP25,KXHIGHDEN-26SEP25-T79,2026-09-25 16:00:00+00:00,0.0,0.01,0.005,0.01,2026-09-25 16:00:00+00:00,0.0,0.01,0.005,0.01,False,False
Denver,2026-09-26,KXHIGHDEN-26SEP26,KXHIGHDEN-26SEP26-T79,2026-09-26 16:00:00+00:00,0.0,0.01,0.005,0.01,2026-09-26 16:00:00+00:00,0.0,0.01,0.005,0.01,False,False
Denver,2026-09-26,KXHIGHDEN-26SEP26,KXHIGHDEN-26SEP26-B79.5,2026-09-26 16:00:00+00:00,0.06,0.11,0.0849999999999999,0.05,2026-09-26 16:00:00+00:00,0.06,0.11,0.0849999999999999,0.05,False,False
Denver,2026-09-26,KXHIGHDEN-26SEP26,KXHIGHDEN-26SEP26-B81.5,2026-09-26 16:00:00+00:00,0.51,0.54,0.525,0.03,2026-09-26 16:00:00+00:00,0.51,0.54,0.525,0.03,False,False
Denver,2026-09-26,KXHIGHDEN-26SEP26,KXHIGHDEN-26SEP26-B83.5,2026-09-26 16:00:00+00:00,0.39,0.4,0.395,0.01,2026-09-26 16:00:00+00:00,0.39,0.4,0.395,0.01,False,False
Denver,2026-09-26,KXHIGHDEN-26SEP26,KXHIGHDEN-26SEP26-B85.5,2026-09-26 16:00:00+00:00,0.02,0.03,0.025,0.0099999999999999,2026-09-26 16:00:00+00:00,0.02,0.03,0.025,0.0099999999999999,False,False
Denver,2026-09-26,KXHIGHDEN-26SEP26,KXHIGHDEN-26SEP26-T86,2026-09-26 16:00:00+00:00,0.0,0.01,0.005,0.01,2026-09-26 16:00:00+00:00,0.0,0.01,0.005,0.01,False,False
Denver,2026-09-27,KXHIGHDEN-26SEP27,KXHIGHDEN-26SEP27-T80,2026-09-27 16:00:00+00:00,0.01,0.02,0.015,0.01,2026-09-27 16:00:00+00:00,0.01,0.02,0.015,0.01,False,False
Denver,2026-09-27,KXHIGHDEN-26SEP27,KXHIGHDEN-26SEP27-B80.5,2026-09-27 16:00:00+00:00,0.01,0.03,0.02,0.0199999999999999,2026-09-27 16:00:00+00:00,0.01,0.03,0.02,0.0199999999999999,False,False
Denver,2026-09-27,KXHIGHDEN-26SEP27,KXHIGHDEN-26SEP27-B82.5,2026-09-27 16:00:00+00:00,0.58,0.59,0.585,0.01,2026-09-27 16:00:00+00:00,0.58,0.59,0.585,0.01,False,False
Denver,2026-09-27,KXHIGHDEN-26SEP27,KXHIGHDEN-26SEP27-B84.5,2026-09-27 16:00:00+00:00,0.31,0.32,0.315,0.01,2026-09-27 16:00:00+00:00,0.31,0.32,0.315,0.01,False,False
Denver,2026-09-27,KXHIGHDEN-26SEP27,KXHIGHDEN-26SEP27-B86.5,2026-09-27 16:00:00+00:00,0.01,0.02,0.015,0.01,2026-09-27 16:00:00+00:00,0.01,0.02,0.015,0.01,False,False
Denver,2026-09-27,KXHIGHDEN-26SEP27,KXHIGHDEN-26SEP27-T87,2026-09-27 16:00:00+00:00,0.0,0.01,0.005,0.01,2026-09-27 16:00:00+00:00,0.0,0.01,0.005,0.01,False,False
Denver,2026-09-28,KXHIGHDEN-26SEP28,KXHIGHDEN-26SEP28-T73,2026-09-28 16:00:00+00:00,0.63,0.64,0.635,0.01,2026-09-28 16:00:00+00:00,0.63,0.64,0.635,0.01,False,False
Denver,2026-09-28,KXHIGHDEN-26SEP28,KXHIGHDEN-26SEP28-B73.5,2026-09-28 16:00:00+00:00,0.12,0.14,0.13,0.02,2026-09-28 16:00:00+00:00,0.12,0.14,0.13,0.02,False,False
Denver,2026-09-28,KXHIGHDEN-26SEP28,KXHIGHDEN-26SEP28-B75.5,2026-09-28 16:00:00+00:00,0.07,0.08,0.075,0.0099999999999999,2026-09-28 16:00:00+00:00,0.07,0.08,0.075,0.0099999999999999,False,False
Denver,2026-09-28,KXHIGHDEN-26SEP28,KXHIGHDEN-26SEP28-B77.5,2026-09-28 16:00:00+00:00,0.07,0.08,0.075,0.0099999999999999,2026-09-28 16:00:00+00:00,0.07,0.08,0.075,0.0099999999999999,False,False
Denver,2026-09-28,KXHIGHDEN-26SEP28,KXHIGHDEN-26SEP28-B79.5,2026-09-28 16:00:00+00:00,0.09,0.1,0.095,0.01,2026-09-28 16:00:00+00:00,0.09,0.1,0.095,0.01,False,False
Denver,2026-09-28,KXHIGHDEN-26SEP28,KXHIGHDEN-26SEP28-T80,2026-09-28 16:00:00+00:00,0.02,0.03,0.025,0.0099999999999999,2026-09-28 16:00:00+00:00,0.02,0.03,0.025,0.0099999999999999,False,False
NYC,2026-08-14,KXHIGHNY-26AUG14,KXHIGHNY-26AUG14-T85,2026-08-14 14:00:00+00:00,0.29,0.31,0.3,0.02,2026-08-14 14:00:00+00:00,0.29,0.31,0.3,0.02,False,False
NYC,2026-08-14,KXHIGHNY-26AUG14,KXHIGHNY-26AUG14-B85.5,2026-08-14 14:00:00+00:00,0.54,0.58,0.56,0.0399999999999999,2026-08-14 14:00:00+00:00,0.54,0.58,0.56,0.0399999999999999,False,False
NYC,2026-08-14,KXHIGHNY-26AUG14,KXHIGHNY-26AUG14-B87.5,2026-08-14 14:00:00+00:00,0.14,0.15,0.145,0.0099999999999999,2026-08-14 14:00:00+00:00,0.14,0.15,0.145,0.0099999999999999,False,False
NYC,2026-08-14,KXHIGHNY-26AUG14,KXHIGHNY-26AUG14-B89.5,2026-08-14 14:00:00+00:00,0.01,0.02,0.015,0.01,2026-08-14 14:00:00+00:00,0.01,0.02,0.015,0.01,False,False
NYC,2026-08-14,KXHIGHNY-26AUG14,KXHIGHNY-26AUG14-B91.5,2026-08-14 14:00:00+00:00,0.0,0.01,0.005,0.01,2026-08-14 14:00:00+00:00,0.0,0.01,0.005,0.01,False,False
NYC,2026-08-14,KXHIGHNY-26AUG14,KXHIGHNY-26AUG14-T92,2026-08-14 14:00:00+00:00,0.0,0.01,0.005,0.01,2026-08-14 14:00:00+00:00,0.0,0.01,0.005,0.01,False,False
NYC,2026-08-15,KXHIGHNY-26AUG15,KXHIGHNY-26AUG15-T80,2026-08-15 14:00:00+00:00,0.01,0.02,0.015,0.01,2026-08-15 14:00:00+00:00,0.01,0.02,0.015,0.01,False,False
NYC,2026-08-15,KXHIGHNY-26AUG15,KXHIGHNY-26AUG15-B80.5,2026-08-15 14:00:00+00:00,0.3,0.32,0.31,0.02,2026-08-15 14:00:00+00:00,0.3,0.32,0.31,0.02,False,False
NYC,2026-08-15,KXHIGHNY-26AUG15,KXHIGHNY-26AUG15-B82.5,2026-08-15 14:00:00+00:00,0.51,0.52,0.515,0.01,2026-08-15 14:00:00+00:00,0.51,0.52,0.515,0.01,False,False
NYC,2026-08-15,KXHIGHNY-26AUG15,KXHIGHNY-26AUG15-B84.5,2026-08-15 14:00:00+00:00,0.17,0.18,0.175,0.0099999999999999,2026-08-15 14:00:00+00:00,0.17,0.18,0.175,0.0099999999999999,False,False
NYC,2026-08-15,KXHIGHNY-26AUG15,KXHIGHNY-26AUG15-B86.5,2026-08-15 14:00:00+00:00,0.01,0.02,0.015,0.01,2026-08-15 14:00:00+00:00,0.01,0.02,0.015,0.01,False,False
NYC,2026-08-15,KXHIGHNY-26AUG15,KXHIGHNY-26AUG15-T87,2026-08-15 14:00:00+00:00,0.0,0.01,0.005,0.01,2026-08-15 14:00:00+00:00,0.0,0.01,0.005,0.01,False,False
NYC,2026-08-16,KXHIGHNY-26AUG16,KXHIGHNY-26AUG16-T78,2026-08-16 14:00:00+00:00,0.0,0.01,0.005,0.01,2026-08-16 14:00:00+00:00,0.0,0.01,0.005,0.01,False,False
NYC,2026-08-16,KXHIGHNY-26AUG16,KXHIGHNY-26AUG16-B78.5,2026-08-16 14:00:00+00:00,0.23,0.26,0.245,0.03,2026-08-16 14:00:00+00:00,0.23,0.26,0.245,0.03,False,False
NYC,2026-08-16,KXHIGHNY-26AUG16,KXHIGHNY-26AUG16-B80.5,2026-08-16 14:00:00+00:00,0.57,0.59,0.58,0.02,2026-08-16 14:00:00+00:00,0.57,0.59,0.58,0.02,False,False
NYC,2026-08-16,KXHIGHNY-26AUG16,KXHIGHNY-26AUG16-B82.5,2026-08-16 14:00:00+00:00,0.11,0.14,0.125,0.03,2026-08-16 14:00:00+00:00,0.11,0.14,0.125,0.03,False,False
NYC,2026-08-16,KXHIGHNY-26AUG16,KXHIGHNY-26AUG16-B84.5,2026-08-16 14:00:00+00:00,0.0,0.01,0.005,0.01,2026-08-16 14:00:00+00:00,0.0,0.01,0.005,0.01,False,False
NYC,2026-08-16,KXHIGHNY-26AUG16,KXHIGHNY-26AUG16-T85,2026-08-16 14:00:00+00:00,0.0,0.01,0.005,0.01,2026-08-16 14:00:00+00:00,0.0,0.01,0.005,0.01,False,False
NYC,2026-08-17,KXHIGHNY-26AUG17,KXHIGHNY-26AUG17-T84,2026-08-17 14:00:00+00:00,0.82,0.84,0.83,0.02,2026-08-17 14:00:00+00:00,0.82,0.84,0.83,0.02,False,False
NYC,2026-08-17,KXHIGHNY-26AUG17,KXHIGHNY-26AUG17-B84.5,2026-08-17 14:00:00+00:00,0.16,0.18,0.1699999999999999,0.0199999999999999,2026-08-17 14:00:00+00:00,0.16,0.18,0.1699999999999999,0.0199999999999999,False,False
NYC,2026-08-17,KXHIGHNY-26AUG17,KXHIGHNY-26AUG17-B86.5,2026-08-17 14:00:00+00:00,0.01,0.04,0.025,0.03,2026-08-17 14:00:00+00:00,0.01,0.04,0.025,0.03,False,False
NYC,2026-08-17,KXHIGHNY-26AUG17,KXHIGHNY-26AUG17-B88.5,2026-08-17 14:00:00+00:00,0.0,0.01,0.005,0.01,2026-08-17 14:00:00+00:00,0.0,0.01,0.005,0.01,False,False
NYC,2026-08-17,KXHIGHNY-26AUG17,KXHIGHNY-26AUG17-B90.5,2026-08-17 14:00:00+00:00,0.0,0.01,0.005,0.01,2026-08-17 14:00:00+00:00,0.0,0.01,0.005,0.01,False,False
NYC,2026-08-17,KXHIGHNY-26AUG17,KXHIGHNY-26AUG17-T91,2026-08-17 14:00:00+00:00,0.0,0.01,0.005,0.01,2026-08-17 14:00:00+00:00,0.0,0.01,0.005,0.01,False,False
NYC,2026-08-18,KXHIGHNY-26AUG18,KXHIGHNY-26AUG18-T85,2026-08-18 14:00:00+00:00,0.78,0.81,0.795,0.03,2026-08-18 14:00:00+00:00,0.78,0.81,0.795,0.03,False,False
NYC,2026-08-18,KXHIGHNY-26AUG18,KXHIGHNY-26AUG18-B85.5,2026-08-18 14:00:00+00:00,0.16,0.18,0.1699999999999999,0.0199999999999999,2026-08-18 14:00:00+00:00,0.16,0.18,0.1699999999999999,0.0199999999999999,False,False
NYC,2026-08-18,KXHIGHNY-26AUG18,KXHIGHNY-26AUG18-B87.5,2026-08-18 14:00:00+00:00,0.01,0.02,0.015,0.01,2026-08-18 14:00:00+00:00,0.01,0.02,0.015,0.01,False,False
NYC,2026-08-18,KXHIGHNY-26AUG18,KXHIGHNY-26AUG18-B89.5,2026-08-18 14:00:00+00:00,0.0,0.01,0.005,0.01,2026-08-18 14:00:00+00:00,0.0,0.01,0.005,0.01,False,False
NYC,2026-08-18,KXHIGHNY-26AUG18,KXHIGHNY-26AUG18-B91.5,2026-08-18 14:00:00+00:00,0.0,0.01,0.005,0.01,2026-08-18 14:00:00+00:00,0.0,0.01,0.005,0.01,False,False
NYC,2026-08-18,KXHIGHNY-26AUG18,KXHIGHNY-26AUG18-T92,2026-08-18 14:00:00+00:00,0.0,0.01,0.005,0.01,2026-08-18 14:00:00+00:00,0.0,0.01,0.005,0.01,False,False
NYC,2026-08-19,KXHIGHNY-26AUG19,KXHIGHNY-26AUG19-T85,2026-08-19 14:00:00+00:00,0.04,0.05,0.045,0.01,2026-08-19 14:00:00+00:00,0.04,0.05,0.045,0.01,False,False
NYC,2026-08-19,KXHIGHNY-26AUG19,KXHIGHNY-26AUG19-B85.5,2026-08-19 14:00:00+00:00,0.5,0.52,0.51,0.02,2026-08-19 14:00:00+00:00,0.5,0.52,0.51,0.02,False,False
NYC,2026-08-19,KXHIGHNY-26AUG19,KXHIGHNY-26AUG19-B87.5,2026-08-19 14:00:00+00:00,0.4,0.42,0.41,0.0199999999999999,2026-08-19 14:00:00+00:00,0.4,0.42,0.41,0.0199999999999999,False,False
NYC,2026-08-19,KXHIGHNY-26AUG19,KXHIGHNY-26AUG19-B89.5,2026-08-19 14:00:00+00:00,0.07,0.08,0.075,0.0099999999999999,2026-08-19 14:00:00+00:00,0.07,0.08,0.075,0.0099999999999999,False,False
NYC,2026-08-19,KXHIGHNY-26AUG19,KXHIGHNY-26AUG19-B91.5,2026-08-19 14:00:00+00:00,0.0,0.01,0.005,0.01,2026-08-19 14:00:00+00:00,0.0,0.01,0.005,0.01,False,False
NYC,2026-08-19,KXHIGHNY-26AUG19,KXHIGHNY-26AUG19-T92,2026-08-19 14:00:00+00:00,0.0,0.01,0.005,0.01,2026-08-19 14:00:00+00:00,0.0,0.01,0.005,0.01,False,False
NYC,2026-08-20,KXHIGHNY-26AUG20,KXHIGHNY-26AUG20-T78,2026-08-20 14:00:00+00:00,0.0,0.01,0.005,0.01,2026-08-20 14:00:00+00:00,0.0,0.01,0.005,0.01,False,False
NYC,2026-08-20,KXHIGHNY-26AUG20,KXHIGHNY-26AUG20-B78.5,2026-08-20 14:00:00+00:00,0.0,0.01,0.005,0.01,2026-08-20 14:00:00+00:00,0.0,0.01,0.005,0.01,False,False
NYC,2026-08-20,KXHIGHNY-26AUG20,KXHIGHNY-26AUG20-B80.5,2026-08-20 14:00:00+00:00,0.01,0.02,0.015,0.01,2026-08-20 14:00:00+00:00,0.01,0.02,0.015,0.01,False,False
NYC,2026-08-20,KXHIGHNY-26AUG20,KXHIGHNY-26AUG20-B82.5,2026-08-20 14:00:00+00:00,0.4,0.42,0.41,0.0199999999999999,2026-08-20 14:00:00+00:00,0.4,0.42,0.41,0.0199999999999999,False,False
NYC,2026-08-20,KXHIGHNY-26AUG20,KXHIGHNY-26AUG20-B84.5,2026-08-20 14:00:00+00:00,0.51,0.55,0.53,0.04,2026-08-20 14:00:00+00:00,0.51,0.55,0.53,0.04,False,False
NYC,2026-08-20,KXHIGHNY-26AUG20,KXHIGHNY-26AUG20-T85,2026-08-20 14:00:00+00:00,0.06,0.07,0.065,0.01,2026-08-20 14:00:00+00:00,0.06,0.07,0.065,0.01,False,False
NYC,2026-08-21,KXHIGHNY-26AUG21,KXHIGHNY-26AUG21-T77,2026-08-21 14:00:00+00:00,0.35,0.36,0.355,0.01,2026-08-21 14:00:00+00:00,0.35,0.36,0.355,0.01,False,False
NYC,2026-08-21,KXHIGHNY-26AUG21,KXHIGHNY-26AUG21-B77.5,2026-08-21 14:00:00+00:00,0.45,0.47,0.4599999999999999,0.0199999999999999,2026-08-21 14:00:00+00:00,0.45,0.47,0.4599999999999999,0.0199999999999999,False,False
NYC,2026-08-21,KXHIGHNY-26AUG21,KXHIGHNY-26AUG21-B79.5,2026-08-21 14:00:00+00:00,0.19,0.2,0.195,0.01,2026-08-21 14:00:00+00:00,0.19,0.2,0.195,0.01,False,False
NYC,2026-08-21,KXHIGHNY-26AUG21,KXHIGHNY-26AUG21-B81.5,2026-08-21 14:00:00+00:00,0.02,0.03,0.025,0.0099999999999999,2026-08-21 14:00:00+00:00,0.02,0.03,0.025,0.0099999999999999,False,False
NYC,2026-08-21,KXHIGHNY-26AUG21,KXHIGHNY-26AUG21-B83.5,2026-08-21 14:00:00+00:00,0.0,0.01,0.005,0.01,2026-08-21 14:00:00+00:00,0.0,0.01,0.005,0.01,False,False
NYC,2026-08-21,KXHIGHNY-26AUG21,KXHIGHNY-26AUG21-T84,2026-08-21 14:00:00+00:00,0.0,0.01,0.005,0.01,2026-08-21 14:00:00+00:00,0.0,0.01,0.005,0.01,False,False
NYC,2026-08-22,KXHIGHNY-26AUG22,KXHIGHNY-26AUG22-T73,2026-08-22 14:00:00+00:00,0.01,0.02,0.015,0.01,2026-08-22 14:00:00+00:00,0.01,0.02,0.015,0.01,False,False
NYC,2026-08-22,KXHIGHNY-26AUG22,KXHIGHNY-26AUG22-B73.5,2026-08-22 14:00:00+00:00,0.33,0.36,0.345,0.0299999999999999,2026-08-22 14:00:00+00:00,0.33,0.36,0.345,0.0299999999999999,False,False
NYC,2026-08-22,KXHIGHNY-26AUG22,KXHIGHNY-26AUG22-B75.5,2026-08-22 14:00:00+00:00,0.5,0.51,0.505,0.01,2026-08-22 14:00:00+00:00,0.5,0.51,0.505,0.01,False,False
NYC,2026-08-22,KXHIGHNY-26AUG22,KXHIGHNY-26AUG22-B77.5,2026-08-22 14:00:00+00:00,0.14,0.15,0.145,0.0099999999999999,2026-08-22 14:00:00+00:00,0.14,0.15,0.145,0.0099999999999999,False,False
NYC,2026-08-22,KXHIGHNY-26AUG22,KXHIGHNY-26AUG22-B79.5,2026-08-22 14:00:00+00:00,0.01,0.02,0.015,0.01,2026-08-22 14:00:00+00:00,0.01,0.02,0.015,0.01,False,False
NYC,2026-08-22,KXHIGHNY-26AUG22,KXHIGHNY-26AUG22-T80,2026-08-22 14:00:00+00:00,0.0,0.01,0.005,0.01,2026-08-22 14:00:00+00:00,0.0,0.01,0.005,0.01,False,False
NYC,2026-08-23,KXHIGHNY-26AUG23,KXHIGHNY-26AUG23-T80,2026-08-23 14:00:00+00:00,0.2,0.21,0.205,0.0099999999999999,2026-08-23 14:00:00+00:00,0.2,0.21,0.205,0.0099999999999999,False,False
NYC,2026-08-23,KXHIGHNY-26AUG23,KXHIGHNY-26AUG23-B80.5,2026-08-23 14:00:00+00:00,0.45,0.48,0.4649999999999999,0.0299999999999999,2026-08-23 14:00:00+00:00,0.45,0.48,0.4649999999999999,0.0299999999999999,False,False
NYC,2026-08-23,KXHIGHNY-26AUG23,KXHIGHNY-26AUG23-B82.5,2026-08-23 14:00:00+00:00,0.26,0.28,0.27,0.02,2026-08-23 14:00:00+00:00,0.26,0.28,0.27,0.02,False,False
NYC,2026-08-23,KXHIGHNY-26AUG23,KXHIGHNY-26AUG23-B84.5,2026-08-23 14:00:00+00:00,0.04,0.06,0.05,0.0199999999999999,2026-08-23 14:00:00+00:00,0.04,0.06,0.05,0.0199999999999999,False,False
NYC,2026-08-23,KXHIGHNY-26AUG23,KXHIGHNY-26AUG23-B86.5,2026-08-23 14:00:00+00:00,0.0,0.01,0.005,0.01,2026-08-23 14:00:00+00:00,0.0,0.01,0.005,0.01,False,False
NYC,2026-08-23,KXHIGHNY-26AUG23,KXHIGHNY-26AUG23-T87,2026-08-23 14:00:00+00:00,0.0,0.01,0.005,0.01,2026-08-23 14:00:00+00:00,0.0,0.01,0.005,0.01,False,False
NYC,2026-08-24,KXHIGHNY-26AUG24,KXHIGHNY-26AUG24-T78,2026-08-24 14:00:00+00:00,0.01,0.02,0.015,0.01,2026-08-24 14:00:00+00:00,0.01,0.02,0.015,0.01,False,False
NYC,2026-08-24,KXHIGHNY-26AUG24,KXHIGHNY-26AUG24-B78.5,2026-08-24 14:00:00+00:00,0.31,0.33,0.32,0.02,2026-08-24 14:00:00+00:00,0.31,0.33,0.32,0.02,False,False
NYC,2026-08-24,KXHIGHNY-26AUG24,KXHIGHNY-26AUG24-B80.5,2026-08-24 14:00:00+00:00,0.57,0.58,0.575,0.01,2026-08-24 14:00:00+00:00,0.57,0.58,0.575,0.01,False,False
NYC,2026-08-24,KXHIGHNY-26AUG24,KXHIGHNY-26AUG24-B82.5,2026-08-24 14:00:00+00:00,0.08,0.09,0.0849999999999999,0.0099999999999999,2026-08-24 14:00:00+00:00,0.08,0.09,0.0849999999999999,0.0099999999999999,False,False
NYC,2026-08-24,KXHIGHNY-26AUG24,KXHIGHNY-26AUG24-B84.5,2026-08-24 14:00:00+00:00,0.0,0.01,0.005,0.01,2026-08-24 14:00:00+00:00,0.0,0.01,0.005,0.01,False,False
NYC,2026-08-24,KXHIGHNY-26AUG24,KXHIGHNY-26AUG24-T85,2026-08-24 14:00:00+00:00,0.0,0.01,0.005,0.01,2026-08-24 14:00:00+00:00,0.0,0.01,0.005,0.01,False,False
NYC,2026-08-25,KXHIGHNY-26AUG25,KXHIGHNY-26AUG25-T79,2026-08-25 14:00:00+00:00,0.57,0.58,0.575,0.01,2026-08-25 14:00:00+00:00,0.57,0.58,0.575,0.01,False,False
NYC,2026-08-25,KXHIGHNY-26AUG25,KXHIGHNY-26AUG25-B79.5,2026-08-25 14:00:00+00:00,0.39,0.4,0.395,0.01,2026-08-25 14:00:00+00:00,0.39,0.4,0.395,0.01,False,False
NYC,2026-08-25,KXHIGHNY-26AUG25,KXHIGHNY-26AUG25-B81.5,2026-08-25 14:00:00+00:00,0.02,0.03,0.025,0.0099999999999999,2026-08-25 14:00:00+00:00,0.02,0.03,0.025,0.0099999999999999,False,False
NYC,2026-08-25,KXHIGHNY-26AUG25,KXHIGHNY-26AUG25-B83.5,2026-08-25 14:00:00+00:00,0.0,0.01,0.005,0.01,2026-08-25 14:00:00+00:00,0.0,0.01,0.005,0.01,False,False
NYC,2026-08-25,KXHIGHNY-26AUG25,KXHIGHNY-26AUG25-B85.5,2026-08-25 14:00:00+00:00,0.0,0.01,0.005,0.01,2026-08-25 14:00:00+00:00,0.0,0.01,0.005,0.01,False,False
NYC,2026-08-25,KXHIGHNY-26AUG25,KXHIGHNY-26AUG25-T86,2026-08-25 14:00:00+00:00,0.0,0.01,0.005,0.01,2026-08-25 14:00:00+00:00,0.0,0.01,0.005,0.01,False,False
NYC,2026-08-26,KXHIGHNY-26AUG26,KXHIGHNY-26AUG26-T80,2026-08-26 14:00:00+00:00,0.02,0.03,0.025,0.0099999999999999,2026-08-26 14:00:00+00:00,0.02,0.03,0.025,0.0099999999999999,False,False
NYC,2026-08-26,KXHIGHNY-26AUG26,KXHIGHNY-26AUG26-B80.5,2026-08-26 14:00:00+00:00,0.49,0.5,0.495,0.01,2026-08-26 14:00:00+00:00,0.49,0.5,0.495,0.01,False,False
NYC,2026-08-26,KXHIGHNY-26AUG26,KXHIGHNY-26AUG26-B82.5,2026-08-26 14:00:00+00:00,0.5,0.51,0.505,0.01,2026-08-26 14:00:00+00:00,0.5,0.51,0.505,0.01,False,False
NYC,2026-08-26,KXHIGHNY-26AUG26,KXHIGHNY-26AUG26-B84.5,2026-08-26 14:00:00+00:00,0.01,0.02,0.015,0.01,2026-08-26 14:00:00+00:00,0.01,0.02,0.015,0.01,False,False
NYC,2026-08-26,KXHIGHNY-26AUG26,KXHIGHNY-26AUG26-B86.5,2026-08-26 14:00:00+00:00,0.0,0.01,0.005,0.01,2026-08-26 14:00:00+00:00,0.0,0.01,0.005,0.01,False,False
NYC,2026-08-26,KXHIGHNY-26AUG26,KXHIGHNY-26AUG26-T87,2026-08-26 14:00:00+00:00,0.0,0.01,0.005,0.01,2026-08-26 14:00:00+00:00,0.0,0.01,0.005,0.01,False,False
NYC,2026-08-27,KXHIGHNY-26AUG27,KXHIGHNY-26AUG27-T80,2026-08-27 14:00:00+00:00,0.56,0.59,0.575,0.0299999999999999,2026-08-27 14:00:00+00:00,0.56,0.59,0.575,0.0299999999999999,False,False
NYC,2026-08-27,KXHIGHNY-26AUG27,KXHIGHNY-26AUG27-B80.5,2026-08-27 14:00:00+00:00,0.35,0.38,0.365,0.03,2026-08-27 14:00:00+00:00,0.35,0.38,0.365,0.03,False,False
NYC,2026-08-27,KXHIGHNY-26AUG27,KXHIGHNY-26AUG27-B82.5,2026-08-27 14:00:00+00:00,0.05,0.07,0.06,0.02,2026-08-27 14:00:00+00:00,0.05,0.07,0.06,0.02,False,False
NYC,2026-08-27,KXHIGHNY-26AUG27,KXHIGHNY-26AUG27-B84.5,2026-08-27 14:00:00+00:00,0.0,0.01,0.005,0.01,2026-08-27 14:00:00+00:00,0.0,0.01,0.005,0.01,False,False
NYC,2026-08-27,KXHIGHNY-26AUG27,KXHIGHNY-26AUG27-B86.5,2026-08-27 14:00:00+00:00,0.0,0.01,0.005,0.01,2026-08-27 14:00:00+00:00,0.0,0.01,0.005,0.01,False,False
NYC,2026-08-27,KXHIGHNY-26AUG27,KXHIGHNY-26AUG27-T87,2026-08-27 14:00:00+00:00,0.0,0.01,0.005,0.01,2026-08-27 14:00:00+00:00,0.0,0.01,0.005,0.01,False,False
NYC,2026-08-28,KXHIGHNY-26AUG28,KXHIGHNY-26AUG28-T80,2026-08-28 14:00:00+00:00,0.27,0.31,0.29,0.0399999999999999,2026-08-28 14:00:00+00:00,0.27,0.31,0.29,0.0399999999999999,False,False
NYC,2026-08-28,KXHIGHNY-26AUG28,KXHIGHNY-26AUG28-B80.5,2026-08-28 14:00:00+00:00,0.43,0.45,0.44,0.02,2026-08-28 14:00:00+00:00,0.43,0.45,0.44,0.02,False,False
NYC,2026-08-28,KXHIGHNY-26AUG28,KXHIGHNY-26AUG28-B82.5,2026-08-28 14:00:00+00:00,0.22,0.24,0.2299999999999999,0.0199999999999999,2026-08-28 14:00:00+00:00,0.22,0.24,0.2299999999999999,0.0199999999999999,False,False
NYC,2026-08-28,KXHIGHNY-26AUG28,KXHIGHNY-26AUG28-B84.5,2026-08-28 14:00:00+00:00,0.05,0.06,0.055,0.0099999999999999,2026-08-28 14:00:00+00:00,0.05,0.06,0.055,0.0099999999999999,False,False
NYC,2026-08-28,KXHIGHNY-26AUG28,KXHIGHNY-26AUG28-B86.5,2026-08-28 14:00:00+00:00,0.0,0.01,0.005,0.01,2026-08-28 14:00:00+00:00,0.0,0.01,0.005,0.01,False,False
NYC,2026-08-28,KXHIGHNY-26AUG28,KXHIGHNY-26AUG28-T87,2026-08-28 14:00:00+00:00,0.0,0.01,0.005,0.01,2026-08-28 14:00:00+00:00,0.0,0.01,0.005,0.01,False,False
NYC,2026-08-29,KXHIGHNY-26AUG29,KXHIGHNY-26AUG29-T79,2026-08-29 13:00:00+00:00,0.66,0.67,0.665,0.01,2026-08-29 13:00:00+00:00,0.66,0.67,0.665,0.01,False,False
NYC,2026-08-29,KXHIGHNY-26AUG29,KXHIGHNY-26AUG29-B79.5,2026-08-29 13:00:00+00:00,0.27,0.29,0.28,0.0199999999999999,2026-08-29 13:00:00+00:00,0.27,0.29,0.28,0.0199999999999999,False,False
NYC,2026-08-29,KXHIGHNY-26AUG29,KXHIGHNY-26AUG29-B81.5,2026-08-29 13:00:00+00:00,0.03,0.06,0.045,0.03,2026-08-29 13:00:00+00:00,0.03,0.06,0.045,0.03,False,False
NYC,2026-08-29,KXHIGHNY-26AUG29,KXHIGHNY-26AUG29-B83.5,2026-08-29 13:00:00+00:00,0.0,0.01,0.005,0.01,2026-08-29 13:00:00+00:00,0.0,0.01,0.005,0.01,False,False
NYC,2026-08-29,KXHIGHNY-26AUG29,KXHIGHNY-26AUG29-B85.5,2026-08-29 13:00:00+00:00,0.0,0.01,0.005,0.01,2026-08-29 13:00:00+00:00,0.0,0.01,0.005,0.01,False,False
NYC,2026-08-29,KXHIGHNY-26AUG29,KXHIGHNY-26AUG29-T86,2026-08-29 13:00:00+00:00,0.0,0.01,0.005,0.01,2026-08-29 13:00:00+00:00,0.0,0.01,0.005,0.01,False,False
NYC,2026-08-30,KXHIGHNY-26AUG30,KXHIGHNY-26AUG30-T82,2026-08-30 14:00:00+00:00,0.8,0.81,0.805,0.01,2026-08-30 14:00:00+00:00,0.8,0.81,0.805,0.01,False,False
NYC,2026-08-30,KXHIGHNY-26AUG30,KXHIGHNY-26AUG30-B82.5,2026-08-30 14:00:00+00:00,0.13,0.14,0.135,0.01,2026-08-30 14:00:00+00:00,0.13,0.14,0.135,0.01,False,False
NYC,2026-08-30,KXHIGHNY-26AUG30,KXHIGHNY-26AUG30-B84.5,2026-08-30 14:00:00+00:00,0.03,0.04,0.035,0.01,2026-08-30 14:00:00+00:00,0.03,0.04,0.035,0.01,False,False
NYC,2026-08-30,KXHIGHNY-26AUG30,KXHIGHNY-26AUG30-B86.5,2026-08-30 14:00:00+00:00,0.0,0.01,0.005,0.01,2026-08-30 14:00:00+00:00,0.0,0.01,0.005,0.01,False,False
NYC,2026-08-30,KXHIGHNY-26AUG30,KXHIGHNY-26AUG30-B88.5,2026-08-30 14:00:00+00:00,0.0,0.01,0.005,0.01,2026-08-30 14:00:00+00:00,0.0,0.01,0.005,0.01,False,False
NYC,2026-08-30,KXHIGHNY-26AUG30,KXHIGHNY-26AUG30-T89,2026-08-30 14:00:00+00:00,0.0,0.01,0.005,0.01,2026-08-30 14:00:00+00:00,0.0,0.01,0.005,0.01,False,False
NYC,2026-08-31,KXHIGHNY-26AUG31,KXHIGHNY-26AUG31-T78,2026-08-31 14:00:00+00:00,0.52,0.54,0.53,0.02,2026-08-31 14:00:00+00:00,0.52,0.54,0.53,0.02,False,False
NYC,2026-08-31,KXHIGHNY-26AUG31,KXHIGHNY-26AUG31-B78.5,2026-08-31 14:00:00+00:00,0.41,0.45,0.43,0.04,2026-08-31 14:00:00+00:00,0.41,0.45,0.43,0.04,False,False
NYC,2026-08-31,KXHIGHNY-26AUG31,KXHIGHNY-26AUG31-B80.5,2026-08-31 14:00:00+00:00,0.04,0.06,0.05,0.0199999999999999,2026-08-31 14:00:00+00:00,0.04,0.06,0.05,0.0199999999999999,False,False
NYC,2026-08-31,KXHIGHNY-26AUG31,KXHIGHNY-26AUG31-B82.5,2026-08-31 14:00:00+00:00,0.01,0.02,0.015,0.01,2026-08-31 14:00:00+00:00,0.01,0.02,0.015,0.01,False,False
NYC,2026-08-31,KXHIGHNY-26AUG31,KXHIGHNY-26AUG31-B84.5,2026-08-31 14:00:00+00:00,0.0,0.01,0.005,0.01,2026-08-31 14:00:00+00:00,0.0,0.01,0.005,0.01,False,False
NYC,2026-08-31,KXHIGHNY-26AUG31,KXHIGHNY-26AUG31-T85,2026-08-31 14:00:00+00:00,0.0,0.01,0.005,0.01,2026-08-31 14:00:00+00:00,0.0,0.01,0.005,0.01,False,False
NYC,2026-09-01,KXHIGHNY-26SEP01,KXHIGHNY-26SEP01-T83,2026-09-01 14:00:00+00:00,0.66,0.68,0.67,0.02,2026-09-01 14:00:00+00:00,0.66,0.68,0.67,0.02,False,False
NYC,2026-09-01,KXHIGHNY-26SEP01,KXHIGHNY-26SEP01-B83.5,2026-09-01 14:00:00+00:00,0.25,0.27,0.26,0.02,2026-09-01 14:00:00+00:00,0.25,0.27,0.26,0.02,False,False
NYC,2026-09-01,KXHIGHNY-26SEP01,KXHIGHNY-26SEP01-B85.5,2026-09-01 14:00:00+00:00,0.05,0.06,0.055,0.0099999999999999,2026-09-01 14:00:00+00:00,0.05,0.06,0.055,0.0099999999999999,False,False
NYC,2026-09-01,KXHIGHNY-26SEP01,KXHIGHNY-26SEP01-B87.5,2026-09-01 14:00:00+00:00,0.01,0.02,0.015,0.01,2026-09-01 14:00:00+00:00,0.01,0.02,0.015,0.01,False,False
NYC,2026-09-01,KXHIGHNY-26SEP01,KXHIGHNY-26SEP01-B89.5,2026-09-01 14:00:00+00:00,0.0,0.01,0.005,0.01,2026-09-01 14:00:00+00:00,0.0,0.01,0.005,0.01,False,False
NYC,2026-09-01,KXHIGHNY-26SEP01,KXHIGHNY-26SEP01-T90,2026-09-01 14:00:00+00:00,0.0,0.01,0.005,0.01,2026-09-01 14:00:00+00:00,0.0,0.01,0.005,0.01,False,False
NYC,2026-09-02,KXHIGHNY-26SEP02,KXHIGHNY-26SEP02-T75,2026-09-02 14:00:00+00:00,0.8,0.82,0.81,0.0199999999999999,2026-09-02 14:00:00+00:00,0.8,0.82,0.81,0.0199999999999999,False,False
NYC,2026-09-02,KXHIGHNY-26SEP02,KXHIGHNY-26SEP02-B75.5,2026-09-02 14:00:00+00:00,0.17,0.18,0.175,0.0099999999999999,2026-09-02 14:00:00+00:00,0.17,0.18,0.175,0.0099999999999999,False,False
NYC,2026-09-02,KXHIGHNY-26SEP02,KXHIGHNY-26SEP02-B77.5,2026-09-02 14:00:00+00:00,0.01,0.02,0.015,0.01,2026-09-02 14:00:00+00:00,0.01,0.02,0.015,0.01,False,False
NYC,2026-09-02,KXHIGHNY-26SEP02,KXHIGHNY-26SEP02-B79.5,2026-09-02 14:00:00+00:00,0.0,0.01,0.005,0.01,2026-09-02 14:00:00+00:00,0.0,0.01,0.005,0.01,False,False
NYC,2026-09-02,KXHIGHNY-26SEP02,KXHIGHNY-26SEP02-B81.5,2026-09-02 14:00:00+00:00,0.0,0.01,0.005,0.01,2026-09-02 14:00:00+00:00,0.0,0.01,0.005,0.01,False,False
NYC,2026-09-02,KXHIGHNY-26SEP02,KXHIGHNY-26SEP02-T82,2026-09-02 14:00:00+00:00,0.0,0.01,0.005,0.01,2026-09-02 14:00:00+00:00,0.0,0.01,0.005,0.01,False,False
NYC,2026-09-03,KXHIGHNY-26SEP03,KXHIGHNY-26SEP03-T83,2026-09-03 14:00:00+00:00,0.41,0.43,0.42,0.02,2026-09-03 14:00:00+00:00,0.41,0.43,0.42,0.02,False,False
NYC,2026-09-03,KXHIGHNY-26SEP03,KXHIGHNY-26SEP03-B83.5,2026-09-03 14:00:00+00:00,0.47,0.49,0.48,0.02,2026-09-03 14:00:00+00:00,0.47,0.49,0.48,0.02,False,False
NYC,2026-09-03,KXHIGHNY-26SEP03,KXHIGHNY-26SEP03-B85.5,2026-09-03 14:00:00+00:00,0.1,0.12,0.11,0.0199999999999999,2026-09-03 14:00:00+00:00,0.1,0.12,0.11,0.0199999999999999,False,False
NYC,2026-09-03,KXHIGHNY-26SEP03,KXHIGHNY-26SEP03-B87.5,2026-09-03 14:00:00+00:00,0.01,0.02,0.015,0.01,2026-09-03 14:00:00+00:00,0.01,0.02,0.015,0.01,False,False
NYC,2026-09-03,KXHIGHNY-26SEP03,KXHIGHNY-26SEP03-B89.5,2026-09-03 14:00:00+00:00,0.0,0.01,0.005,0.01,2026-09-03 14:00:00+00:00,0.0,0.01,0.005,0.01,False,False
NYC,2026-09-03,KXHIGHNY-26SEP03,KXHIGHNY-26SEP03-T90,2026-09-03 14:00:00+00:00,0.0,0.01,0.005,0.01,2026-09-03 14:00:00+00:00,0.0,0.01,0.005,0.01,False,False
NYC,2026-09-04,KXHIGHNY-26SEP04,KXHIGHNY-26SEP04-T82,2026-09-04 14:00:00+00:00,0.0,0.01,0.005,0.01,2026-09-04 14:00:00+00:00,0.0,0.01,0.005,0.01,False,False
NYC,2026-09-04,KXHIGHNY-26SEP04,KXHIGHNY-26SEP04-B82.5,2026-09-04 14:00:00+00:00,0.12,0.13,0.125,0.01,2026-09-04 14:00:00+00:00,0.12,0.13,0.125,0.01,False,False
NYC,2026-09-04,KXHIGHNY-26SEP04,KXHIGHNY-26SEP04-B84.5,2026-09-04 14:00:00+00:00,0.58,0.59,0.585,0.01,2026-09-04 14:00:00+00:00,0.58,0.59,0.585,0.01,False,False
NYC,2026-09-04,KXHIGHNY-26SEP04,KXHIGHNY-26SEP04-B86.5,2026-09-04 14:00:00+00:00,0.26,0.28,0.27,0.02,2026-09-04 14:00:00+00:00,0.26,0.28,0.27,0.02,False,False
NYC,2026-09-04,KXHIGHNY-26SEP04,KXHIGHNY-26SEP04-B88.5,2026-09-04 14:00:00+00:00,0.0,0.01,0.005,0.01,2026-09-04 14:00:00+00:00,0.0,0.01,0.005,0.01,False,False
NYC,2026-09-04,KXHIGHNY-26SEP04,KXHIGHNY-26SEP04-T89,2026-09-04 14:00:00+00:00,0.0,0.01,0.005,0.01,2026-09-04 14:00:00+00:00,0.0,0.01,0.005,0.01,False,False
NYC,2026-09-05,KXHIGHNY-26SEP05,KXHIGHNY-26SEP05-T79,2026-09-05 14:00:00+00:00,0.12,0.14,0.13,0.02,2026-09-05 14:00:00+00:00,0.12,0.14,0.13,0.02,False,False
NYC,2026-09-05,KXHIGHNY-26SEP05,KXHIGHNY-26SEP05-B79.5,2026-09-05 14:00:00+00:00,0.67,0.68,0.675,0.01,2026-09-05 14:00:00+00:00,0.67,0.68,0.675,0.01,False,False
NYC,2026-09-05,KXHIGHNY-26SEP05,KXHIGHNY-26SEP05-B81.5,2026-09-05 14:00:00+00:00,0.19,0.2,0.195,0.01,2026-09-05 14:00:00+00:00,0.19,0.2,0.195,0.01,False,False
NYC,2026-09-05,KXHIGHNY-26SEP05,KXHIGHNY-26SEP05-B83.5,2026-09-05 14:00:00+00:00,0.0,0.01,0.005,0.01,2026-09-05 14:00:00+00:00,0.0,0.01,0.005,0.01,False,False
NYC,2026-09-05,KXHIGHNY-26SEP05,KXHIGHNY-26SEP05-B85.5,2026-09-05 14:00:00+00:00,0.0,0.01,0.005,0.01,2026-09-05 14:00:00+00:00,0.0,0.01,0.005,0.01,False,False
NYC,2026-09-05,KXHIGHNY-26SEP05,KXHIGHNY-26SEP05-T86,2026-09-05 14:00:00+00:00,0.0,0.01,0.005,0.01,2026-09-05 14:00:00+00:00,0.0,0.01,0.005,0.01,False,False
NYC,2026-09-06,KXHIGHNY-26SEP06,KXHIGHNY-26SEP06-T73,2026-09-06 14:00:00+00:00,0.05,0.06,0.055,0.0099999999999999,2026-09-06 14:00:00+00:00,0.05,0.06,0.055,0.0099999999999999,False,False
NYC,2026-09-06,KXHIGHNY-26SEP06,KXHIGHNY-26SEP06-B73.5,2026-09-06 14:00:00+00:00,0.36,0.37,0.365,0.01,2026-09-06 14:00:00+00:00,0.36,0.37,0.365,0.01,False,False
NYC,2026-09-06,KXHIGHNY-26SEP06,KXHIGHNY-26SEP06-B75.5,2026-09-06 14:00:00+00:00,0.5,0.52,0.51,0.02,2026-09-06 14:00:00+00:00,0.5,0.52,0.51,0.02,False,False
NYC,2026-09-06,KXHIGHNY-26SEP06,KXHIGHNY-26SEP06-B77.5,2026-09-06 14:00:00+00:00,0.07,0.09,0.08,0.0199999999999999,2026-09-06 14:00:00+00:00,0.07,0.09,0.08,0.0199999999999999,False,False
NYC,2026-09-06,KXHIGHNY-26SEP06,KXHIGHNY-26SEP06-B79.5,2026-09-06 14:00:00+00:00,0.0,0.01,0.005,0.01,2026-09-06 14:00:00+00:00,0.0,0.01,0.005,0.01,False,False
NYC,2026-09-06,KXHIGHNY-26SEP06,KXHIGHNY-26SEP06-T80,2026-09-06 14:00:00+00:00,0.0,0.01,0.005,0.01,2026-09-06 14:00:00+00:00,0.0,0.01,0.005,0.01,False,False
NYC,2026-09-07,KXHIGHNY-26SEP07,KXHIGHNY-26SEP07-T77,2026-09-07 14:00:00+00:00,0.0,0.01,0.005,0.01,2026-09-07 14:00:00+00:00,0.0,0.01,0.005,0.01,False,False
NYC,2026-09-07,KXHIGHNY-26SEP07,KXHIGHNY-26SEP07-B77.5,2026-09-07 14:00:00+00:00,0.24,0.25,0.245,0.01,2026-09-07 14:00:00+00:00,0.24,0.25,0.245,0.01,False,False
NYC,2026-09-07,KXHIGHNY-26SEP07,KXHIGHNY-26SEP07-B79.5,2026-09-07 14:00:00+00:00,0.57,0.58,0.575,0.01,2026-09-07 14:00:00+00:00,0.57,0.58,0.575,0.01,False,False
NYC,2026-09-07,KXHIGHNY-26SEP07,KXHIGHNY-26SEP07-B81.5,2026-09-07 14:00:00+00:00,0.18,0.19,0.185,0.01,2026-09-07 14:00:00+00:00,0.18,0.19,0.185,0.01,False,False
NYC,2026-09-07,KXHIGHNY-26SEP07,KXHIGHNY-26SEP07-B83.5,2026-09-07 14:00:00+00:00,0.02,0.03,0.025,0.0099999999999999,2026-09-07 14:00:00+00:00,0.02,0.03,0.025,0.0099999999999999,False,False
NYC,2026-09-07,KXHIGHNY-26SEP07,KXHIGHNY-26SEP07-T84,2026-09-07 14:00:00+00:00,0.0,0.01,0.005,0.01,2026-09-07 14:00:00+00:00,0.0,0.01,0.005,0.01,False,False
NYC,2026-09-08,KXHIGHNY-26SEP08,KXHIGHNY-26SEP08-T80,2026-09-08 14:00:00+00:00,0.05,0.06,0.055,0.0099999999999999,2026-09-08 14:00:00+00:00,0.05,0.06,0.055,0.0099999999999999,False,False
NYC,2026-09-08,KXHIGHNY-26SEP08,KXHIGHNY-26SEP08-B80.5,2026-09-08 14:00:00+00:00,0.53,0.55,0.54,0.02,2026-09-08 14:00:00+00:00,0.53,0.55,0.54,0.02,False,False
NYC,2026-09-08,KXHIGHNY-26SEP08,KXHIGHNY-26SEP08-B82.5,2026-09-08 14:00:00+00:00,0.37,0.39,0.38,0.02,2026-09-08 14:00:00+00:00,0.37,0.39,0.38,0.02,False,False
NYC,2026-09-08,KXHIGHNY-26SEP08,KXHIGHNY-26SEP08-B84.5,2026-09-08 14:00:00+00:00,0.02,0.04,0.03,0.02,2026-09-08 14:00:00+00:00,0.02,0.04,0.03,0.02,False,False
NYC,2026-09-08,KXHIGHNY-26SEP08,KXHIGHNY-26SEP08-B86.5,2026-09-08 14:00:00+00:00,0.0,0.01,0.005,0.01,2026-09-08 14:00:00+00:00,0.0,0.01,0.005,0.01,False,False
NYC,2026-09-08,KXHIGHNY-26SEP08,KXHIGHNY-26SEP08-T87,2026-09-08 14:00:00+00:00,0.0,0.01,0.005,0.01,2026-09-08 14:00:00+00:00,0.0,0.01,0.005,0.01,False,False
NYC,2026-09-09,KXHIGHNY-26SEP09,KXHIGHNY-26SEP09-T84,2026-09-09 14:00:00+00:00,0.54,0.56,0.55,0.02,2026-09-09 14:00:00+00:00,0.54,0.56,0.55,0.02,False,False
NYC,2026-09-09,KXHIGHNY-26SEP09,KXHIGHNY-26SEP09-B84.5,2026-09-09 14:00:00+00:00,0.41,0.42,0.415,0.01,2026-09-09 14:00:00+00:00,0.41,0.42,0.415,0.01,False,False
NYC,2026-09-09,KXHIGHNY-26SEP09,KXHIGHNY-26SEP09-B86.5,2026-09-09 14:00:00+00:00,0.05,0.07,0.06,0.02,2026-09-09 14:00:00+00:00,0.05,0.07,0.06,0.02,False,False
NYC,2026-09-09,KXHIGHNY-26SEP09,KXHIGHNY-26SEP09-B88.5,2026-09-09 14:00:00+00:00,0.0,0.01,0.005,0.01,2026-09-09 14:00:00+00:00,0.0,0.01,0.005,0.01,False,False
NYC,2026-09-09,KXHIGHNY-26SEP09,KXHIGHNY-26SEP09-B90.5,2026-09-09 14:00:00+00:00,0.0,0.01,0.005,0.01,2026-09-09 14:00:00+00:00,0.0,0.01,0.005,0.01,False,False
NYC,2026-09-09,KXHIGHNY-26SEP09,KXHIGHNY-26SEP09-T91,2026-09-09 14:00:00+00:00,0.0,0.01,0.005,0.01,2026-09-09 14:00:00+00:00,0.0,0.01,0.005,0.01,False,False
NYC,2026-09-10,KXHIGHNY-26SEP10,KXHIGHNY-26SEP10-T85,2026-09-10 14:00:00+00:00,0.11,0.13,0.12,0.02,2026-09-10 14:00:00+00:00,0.11,0.13,0.12,0.02,False,False
NYC,2026-09-10,KXHIGHNY-26SEP10,KXHIGHNY-26SEP10-B85.5,2026-09-10 14:00:00+00:00,0.54,0.57,0.5549999999999999,0.0299999999999999,2026-09-10 14:00:00+00:00,0.54,0.57,0.5549999999999999,0.0299999999999999,False,False
NYC,2026-09-10,KXHIGHNY-26SEP10,KXHIGHNY-26SEP10-B87.5,2026-09-10 14:00:00+00:00,0.29,0.3,0.295,0.01,2026-09-10 14:00:00+00:00,0.29,0.3,0.295,0.01,False,False
NYC,2026-09-10,KXHIGHNY-26SEP10,KXHIGHNY-26SEP10-B89.5,2026-09-10 14:00:00+00:00,0.04,0.05,0.045,0.01,2026-09-10 14:00:00+00:00,0.04,0.05,0.045,0.01,False,False
NYC,2026-09-10,KXHIGHNY-26SEP10,KXHIGHNY-26SEP10-B91.5,2026-09-10 14:00:00+00:00,0.0,0.01,0.005,0.01,2026-09-10 14:00:00+00:00,0.0,0.01,0.005,0.01,False,False
NYC,2026-09-10,KXHIGHNY-26SEP10,KXHIGHNY-26SEP10-T92,2026-09-10 14:00:00+00:00,0.0,0.01,0.005,0.01,2026-09-10 14:00:00+00:00,0.0,0.01,0.005,0.01,False,False
NYC,2026-09-11,KXHIGHNY-26SEP11,KXHIGHNY-26SEP11-T79,2026-09-11 14:00:00+00:00,0.33,0.34,0.335,0.01,2026-09-11 14:00:00+00:00,0.33,0.34,0.335,0.01,False,False
NYC,2026-09-11,KXHIGHNY-26SEP11,KXHIGHNY-26SEP11-B79.5,2026-09-11 14:00:00+00:00,0.42,0.43,0.425,0.01,2026-09-11 14:00:00+00:00,0.42,0.43,0.425,0.01,False,False
NYC,2026-09-11,KXHIGHNY-26SEP11,KXHIGHNY-26SEP11-B81.5,2026-09-11 14:00:00+00:00,0.26,0.27,0.265,0.01,2026-09-11 14:00:00+00:00,0.26,0.27,0.265,0.01,False,False
NYC,2026-09-11,KXHIGHNY-26SEP11,KXHIGHNY-26SEP11-B83.5,2026-09-11 14:00:00+00:00,0.02,0.03,0.025,0.0099999999999999,2026-09-11 14:00:00+00:00,0.02,0.03,0.025,0.0099999999999999,False,False
NYC,2026-09-11,KXHIGHNY-26SEP11,KXHIGHNY-26SEP11-B85.5,2026-09-11 14:00:00+00:00,0.0,0.01,0.005,0.01,2026-09-11 14:00:00+00:00,0.0,0.01,0.005,0.01,False,False
NYC,2026-09-11,KXHIGHNY-26SEP11,KXHIGHNY-26SEP11-T86,2026-09-11 14:00:00+00:00,0.0,0.01,0.005,0.01,2026-09-11 14:00:00+00:00,0.0,0.01,0.005,0.01,False,False
NYC,2026-09-12,KXHIGHNY-26SEP12,KXHIGHNY-26SEP12-T75,2026-09-12 14:00:00+00:00,0.01,0.02,0.015,0.01,2026-09-12 14:00:00+00:00,0.01,0.02,0.015,0.01,False,False
NYC,2026-09-12,KXHIGHNY-26SEP12,KXHIGHNY-26SEP12-B75.5,2026-09-12 14:00:00+00:00,0.1,0.11,0.105,0.0099999999999999,2026-09-12 14:00:00+00:00,0.1,0.11,0.105,0.0099999999999999,False,False
NYC,2026-09-12,KXHIGHNY-26SEP12,KXHIGHNY-26SEP12-B77.5,2026-09-12 14:00:00+00:00,0.54,0.55,0.545,0.01,2026-09-12 14:00:00+00:00,0.54,0.55,0.545,0.01,False,False
NYC,2026-09-12,KXHIGHNY-26SEP12,KXHIGHNY-26SEP12-B79.5,2026-09-12 14:00:00+00:00,0.28,0.31,0.295,0.0299999999999999,2026-09-12 14:00:00+00:00,0.28,0.31,0.295,0.0299999999999999,False,False
NYC,2026-09-12,KXHIGHNY-26SEP12,KXHIGHNY-26SEP12-B81.5,2026-09-12 14:00:00+00:00,0.02,0.03,0.025,0.0099999999999999,2026-09-12 14:00:00+00:00,0.02,0.03,0.025,0.0099999999999999,False,False
NYC,2026-09-12,KXHIGHNY-26SEP12,KXHIGHNY-26SEP12-T82,2026-09-12 14:00:00+00:00,0.0,0.01,0.005,0.01,2026-09-12 14:00:00+00:00,0.0,0.01,0.005,0.01,False,False
NYC,2026-09-13,KXHIGHNY-26SEP13,KXHIGHNY-26SEP13-T78,2026-09-13 14:00:00+00:00,0.36,0.37,0.365,0.01,2026-09-13 14:00:00+00:00,0.36,0.37,0.365,0.01,False,False
NYC,2026-09-13,KXHIGHNY-26SEP13,KXHIGHNY-26SEP13-B78.5,2026-09-13 14:00:00+00:00,0.44,0.46,0.45,0.02,2026-09-13 14:00:00+00:00,0.44,0.46,0.45,0.02,False,False
NYC,2026-09-13,KXHIGHNY-26SEP13,KXHIGHNY-26SEP13-B80.5,2026-09-13 14:00:00+00:00,0.17,0.21,0.19,0.0399999999999999,2026-09-13 14:00:00+00:00,0.17,0.21,0.19,0.0399999999999999,False,False
NYC,2026-09-13,KXHIGHNY-26SEP13,KXHIGHNY-26SEP13-B82.5,2026-09-13 14:00:00+00:00,0.02,0.03,0.025,0.0099999999999999,2026-09-13 14:00:00+00:00,0.02,0.03,0.025,0.0099999999999999,False,False
NYC,2026-09-13,KXHIGHNY-26SEP13,KXHIGHNY-26SEP13-B84.5,2026-09-13 14:00:00+00:00,0.0,0.01,0.005,0.01,2026-09-13 14:00:00+00:00,0.0,0.01,0.005,0.01,False,False
NYC,2026-09-13,KXHIGHNY-26SEP13,KXHIGHNY-26SEP13-T85,2026-09-13 14:00:00+00:00,0.0,0.01,0.005,0.01,2026-09-13 14:00:00+00:00,0.0,0.01,0.005,0.01,False,False
NYC,2026-09-14,KXHIGHNY-26SEP14,KXHIGHNY-26SEP14-T74,2026-09-14 14:00:00+00:00,0.0,0.01,0.005,0.01,2026-09-14 14:00:00+00:00,0.0,0.01,0.005,0.01,False,False
NYC,2026-09-14,KXHIGHNY-26SEP14,KXHIGHNY-26SEP14-B74.5,2026-09-14 14:00:00+00:00,0.78,0.79,0.785,0.01,2026-09-14 14:00:00+00:00,0.78,0.79,0.785,0.01,False,False
NYC,2026-09-14,KXHIGHNY-26SEP14,KXHIGHNY-26SEP14-B76.5,2026-09-14 14:00:00+00:00,0.22,0.23,0.225,0.01,2026-09-14 14:00:00+00:00,0.22,0.23,0.225,0.01,False,False
NYC,2026-09-14,KXHIGHNY-26SEP14,KXHIGHNY-26SEP14-B78.5,2026-09-14 14:00:00+00:00,0.01,0.02,0.015,0.01,2026-09-14 14:00:00+00:00,0.01,0.02,0.015,0.01,False,False
NYC,2026-09-14,KXHIGHNY-26SEP14,KXHIGHNY-26SEP14-B80.5,2026-09-14 14:00:00+00:00,0.0,0.01,0.005,0.01,2026-09-14 14:00:00+00:00,0.0,0.01,0.005,0.01,False,False
NYC,2026-09-14,KXHIGHNY-26SEP14,KXHIGHNY-26SEP14-T81,2026-09-14 14:00:00+00:00,0.0,0.01,0.005,0.01,2026-09-14 14:00:00+00:00,0.0,0.01,0.005,0.01,False,False
NYC,2026-09-15,KXHIGHNY-26SEP15,KXHIGHNY-26SEP15-T70,2026-09-15 14:00:00+00:00,0.01,0.02,0.015,0.01,2026-09-15 14:00:00+00:00,0.01,0.02,0.015,0.01,False,False
NYC,2026-09-15,KXHIGHNY-26SEP15,KXHIGHNY-26SEP15-B70.5,2026-09-15 14:00:00+00:00,0.22,0.23,0.225,0.01,2026-09-15 14:00:00+00:00,0.22,0.23,0.225,0.01,False,False
NYC,2026-09-15,KXHIGHNY-26SEP15,KXHIGHNY-26SEP15-B72.5,2026-09-15 14:00:00+00:00,0.61,0.65,0.63,0.04,2026-09-15 14:00:00+00:00,0.61,0.65,0.63,0.04,False,False
NYC,2026-09-15,KXHIGHNY-26SEP15,KXHIGHNY-26SEP15-B74.5,2026-09-15 14:00:00+00:00,0.15,0.16,0.155,0.01,2026-09-15 14:00:00+00:00,0.15,0.16,0.155,0.01,False,False
NYC,2026-09-15,KXHIGHNY-26SEP15,KXHIGHNY-26SEP15-B76.5,2026-09-15 14:00:00+00:00,0.0,0.01,0.005,0.01,2026-09-15 14:00:00+00:00,0.0,0.01,0.005,0.01,False,False
NYC,2026-09-15,KXHIGHNY-26SEP15,KXHIGHNY-26SEP15-T77,2026-09-15 14:00:00+00:00,0.0,0.01,0.005,0.01,2026-09-15 14:00:00+00:00,0.0,0.01,0.005,0.01,False,False
NYC,2026-09-16,KXHIGHNY-26SEP16,KXHIGHNY-26SEP16-T75,2026-09-16 14:00:00+00:00,0.0,0.01,0.005,0.01,2026-09-16 14:00:00+00:00,0.0,0.01,0.005,0.01,False,False
NYC,2026-09-16,KXHIGHNY-26SEP16,KXHIGHNY-26SEP16-B75.5,2026-09-16 14:00:00+00:00,0.07,0.09,0.08,0.0199999999999999,2026-09-16 14:00:00+00:00,0.07,0.09,0.08,0.0199999999999999,False,False
NYC,2026-09-16,KXHIGHNY-26SEP16,KXHIGHNY-26SEP16-B77.5,2026-09-16 14:00:00+00:00,0.58,0.59,0.585,0.01,2026-09-16 14:00:00+00:00,0.58,0.59,0.585,0.01,False,False
NYC,2026-09-16,KXHIGHNY-26SEP16,KXHIGHNY-26SEP16-B79.5,2026-09-16 14:00:00+00:00,0.29,0.3,0.295,0.01,2026-09-16 14:00:00+00:00,0.29,0.3,0.295,0.01,False,False
NYC,2026-09-16,KXHIGHNY-26SEP16,KXHIGHNY-26SEP16-B81.5,2026-09-16 14:00:00+00:00,0.05,0.06,0.055,0.0099999999999999,2026-09-16 14:00:00+00:00,0.05,0.06,0.055,0.0099999999999999,False,False
NYC,2026-09-16,KXHIGHNY-26SEP16,KXHIGHNY-26SEP16-T82,2026-09-16 14:00:00+00:00,0.0,0.01,0.005,0.01,2026-09-16 14:00:00+00:00,0.0,0.01,0.005,0.01,False,False
NYC,2026-09-17,KXHIGHNY-26SEP17,KXHIGHNY-26SEP17-T80,2026-09-17 14:00:00+00:00,0.06,0.07,0.065,0.01,2026-09-17 14:00:00+00:00,0.06,0.07,0.065,0.01,False,False
NYC,2026-09-17,KXHIGHNY-26SEP17,KXHIGHNY-26SEP17-B80.5,2026-09-17 14:00:00+00:00,0.5,0.51,0.505,0.01,2026-09-17 14:00:00+00:00,0.5,0.51,0.505,0.01,False,False
NYC,2026-09-17,KXHIGHNY-26SEP17,KXHIGHNY-26SEP17-B82.5,2026-09-17 14:00:00+00:00,0.4,0.41,0.405,0.0099999999999999,2026-09-17 14:00:00+00:00,0.4,0.41,0.405,0.0099999999999999,False,False
NYC,2026-09-17,KXHIGHNY-26SEP17,KXHIGHNY-26SEP17-B84.5,2026-09-17 14:00:00+00:00,0.05,0.06,0.055,0.0099999999999999,2026-09-17 14:00:00+00:00,0.05,0.06,0.055,0.0099999999999999,False,False
NYC,2026-09-17,KXHIGHNY-26SEP17,KXHIGHNY-26SEP17-B86.5,2026-09-17 14:00:00+00:00,0.0,0.01,0.005,0.01,2026-09-17 14:00:00+00:00,0.0,0.01,0.005,0.01,False,False
NYC,2026-09-17,KXHIGHNY-26SEP17,KXHIGHNY-26SEP17-T87,2026-09-17 14:00:00+00:00,0.0,0.01,0.005,0.01,2026-09-17 14:00:00+00:00,0.0,0.01,0.005,0.01,False,False
NYC,2026-09-18,KXHIGHNY-26SEP18,KXHIGHNY-26SEP18-T80,2026-09-18 14:00:00+00:00,0.08,0.1,0.09,0.02,2026-09-18 14:00:00+00:00,0.08,0.1,0.09,0.02,False,False
NYC,2026-09-18,KXHIGHNY-26SEP18,KXHIGHNY-26SEP18-B80.5,2026-09-18 14:00:00+00:00,0.54,0.56,0.55,0.02,2026-09-18 14:00:00+00:00,0.54,0.56,0.55,0.02,False,False
NYC,2026-09-18,KXHIGHNY-26SEP18,KXHIGHNY-26SEP18-B82.5,2026-09-18 14:00:00+00:00,0.39,0.41,0.4,0.0199999999999999,2026-09-18 14:00:00+00:00,0.39,0.41,0.4,0.0199999999999999,False,False
NYC,2026-09-18,KXHIGHNY-26SEP18,KXHIGHNY-26SEP18-B84.5,2026-09-18 14:00:00+00:00,0.0,0.01,0.005,0.01,2026-09-18 14:00:00+00:00,0.0,0.01,0.005,0.01,False,False
NYC,2026-09-18,KXHIGHNY-26SEP18,KXHIGHNY-26SEP18-B86.5,2026-09-18 14:00:00+00:00,0.0,0.01,0.005,0.01,2026-09-18 14:00:00+00:00,0.0,0.01,0.005,0.01,False,False
NYC,2026-09-18,KXHIGHNY-26SEP18,KXHIGHNY-26SEP18-T87,2026-09-18 14:00:00+00:00,0.0,0.01,0.005,0.01,2026-09-18 14:00:00+00:00,0.0,0.01,0.005,0.01,False,False
NYC,2026-09-19,KXHIGHNY-26SEP19,KXHIGHNY-26SEP19-T69,2026-09-19 14:00:00+00:00,0.03,0.04,0.035,0.01,2026-09-19 14:00:00+00:00,0.03,0.04,0.035,0.01,False,False
NYC,2026-09-19,KXHIGHNY-26SEP19,KXHIGHNY-26SEP19-B69.5,2026-09-19 14:00:00+00:00,0.31,0.32,0.315,0.01,2026-09-19 14:00:00+00:00,0.31,0.32,0.315,0.01,False,False
NYC,2026-09-19,KXHIGHNY-26SEP19,KXHIGHNY-26SEP19-B71.5,2026-09-19 14:00:00+00:00,0.56,0.59,0.575,0.0299999999999999,2026-09-19 14:00:00+00:00,0.56,0.59,0.575,0.0299999999999999,False,False
NYC,2026-09-19,KXHIGHNY-26SEP19,KXHIGHNY-26SEP19-B73.5,2026-09-19 14:00:00+00:00,0.1,0.14,0.12,0.04,2026-09-19 14:00:00+00:00,0.1,0.14,0.12,0.04,False,False
NYC,2026-09-19,KXHIGHNY-26SEP19,KXHIGHNY-26SEP19-B75.5,2026-09-19 14:00:00+00:00,0.0,0.01,0.005,0.01,2026-09-19 14:00:00+00:00,0.0,0.01,0.005,0.01,False,False
NYC,2026-09-19,KXHIGHNY-26SEP19,KXHIGHNY-26SEP19-T76,2026-09-19 14:00:00+00:00,0.0,0.01,0.005,0.01,2026-09-19 14:00:00+00:00,0.0,0.01,0.005,0.01,False,False
NYC,2026-09-20,KXHIGHNY-26SEP20,KXHIGHNY-26SEP20-T71,2026-09-20 14:00:00+00:00,0.89,0.9,0.895,0.01,2026-09-20 14:00:00+00:00,0.89,0.9,0.895,0.01,False,False
NYC,2026-09-20,KXHIGHNY-26SEP20,KXHIGHNY-26SEP20-B71.5,2026-09-20 14:00:00+00:00,0.08,0.12,0.1,0.0399999999999999,2026-09-20 14:00:00+00:00,0.08,0.12,0.1,0.0399999999999999,False,False
NYC,2026-09-20,KXHIGHNY-26SEP20,KXHIGHNY-26SEP20-B73.5,2026-09-20 14:00:00+00:00,0.0,0.02,0.01,0.02,2026-09-20 14:00:00+00:00,0.0,0.02,0.01,0.02,False,False
NYC,2026-09-20,KXHIGHNY-26SEP20,KXHIGHNY-26SEP20-B75.5,2026-09-20 14:00:00+00:00,0.0,0.01,0.005,0.01,2026-09-20 14:00:00+00:00,0.0,0.01,0.005,0.01,False,False
NYC,2026-09-20,KXHIGHNY-26SEP20,KXHIGHNY-26SEP20-B77.5,2026-09-20 14:00:00+00:00,0.0,0.01,0.005,0.01,2026-09-20 14:00:00+00:00,0.0,0.01,0.005,0.01,False,False
NYC,2026-09-20,KXHIGHNY-26SEP20,KXHIGHNY-26SEP20-T78,2026-09-20 14:00:00+00:00,0.0,0.01,0.005,0.01,2026-09-20 14:00:00+00:00,0.0,0.01,0.005,0.01,False,False
NYC,2026-09-21,KXHIGHNY-26SEP21,KXHIGHNY-26SEP21-T66,2026-09-21 14:00:00+00:00,0.0,0.01,0.005,0.01,2026-09-21 14:00:00+00:00,0.0,0.01,0.005,0.01,False,False
NYC,2026-09-21,KXHIGHNY-26SEP21,KXHIGHNY-26SEP21-B66.5,2026-09-21 14:00:00+00:00,0.02,0.03,0.025,0.0099999999999999,2026-09-21 14:00:00+00:00,0.02,0.03,0.025,0.0099999999999999,False,False
NYC,2026-09-21,KXHIGHNY-26SEP21,KXHIGHNY-26SEP21-B68.5,2026-09-21 14:00:00+00:00,0.19,0.2,0.195,0.01,2026-09-21 14:00:00+00:00,0.19,0.2,0.195,0.01,False,False
NYC,2026-09-21,KXHIGHNY-26SEP21,KXHIGHNY-26SEP21-B70.5,2026-09-21 14:00:00+00:00,0.62,0.63,0.625,0.01,2026-09-21 14:00:00+00:00,0.62,0.63,0.625,0.01,False,False
NYC,2026-09-21,KXHIGHNY-26SEP21,KXHIGHNY-26SEP21-B72.5,2026-09-21 14:00:00+00:00,0.18,0.2,0.19,0.02,2026-09-21 14:00:00+00:00,0.18,0.2,0.19,0.02,False,False
NYC,2026-09-21,KXHIGHNY-26SEP21,KXHIGHNY-26SEP21-T73,2026-09-21 14:00:00+00:00,0.01,0.03,0.02,0.0199999999999999,2026-09-21 14:00:00+00:00,0.01,0.03,0.02,0.0199999999999999,False,False
NYC,2026-09-22,KXHIGHNY-26SEP22,KXHIGHNY-26SEP22-T63,2026-09-22 14:00:00+00:00,0.02,0.03,0.025,0.0099999999999999,2026-09-22 14:00:00+00:00,0.02,0.03,0.025,0.0099999999999999,False,False
NYC,2026-09-22,KXHIGHNY-26SEP22,KXHIGHNY-26SEP22-B63.5,2026-09-22 14:00:00+00:00,0.13,0.15,0.14,0.0199999999999999,2026-09-22 14:00:00+00:00,0.13,0.15,0.14,0.0199999999999999,False,False
NYC,2026-09-22,KXHIGHNY-26SEP22,KXHIGHNY-26SEP22-B65.5,2026-09-22 14:00:00+00:00,0.48,0.5,0.49,0.02,2026-09-22 14:00:00+00:00,0.48,0.5,0.49,0.02,False,False
NYC,2026-09-22,KXHIGHNY-26SEP22,KXHIGHNY-26SEP22-B67.5,2026-09-22 14:00:00+00:00,0.35,0.38,0.365,0.03,2026-09-22 14:00:00+00:00,0.35,0.38,0.365,0.03,False,False
NYC,2026-09-22,KXHIGHNY-26SEP22,KXHIGHNY-26SEP22-B69.5,2026-09-22 14:00:00+00:00,0.04,0.06,0.05,0.0199999999999999,2026-09-22 14:00:00+00:00,0.04,0.06,0.05,0.0199999999999999,False,False
NYC,2026-09-22,KXHIGHNY-26SEP22,KXHIGHNY-26SEP22-T70,2026-09-22 14:00:00+00:00,0.0,0.01,0.005,0.01,2026-09-22 14:00:00+00:00,0.0,0.01,0.005,0.01,False,False
NYC,2026-09-23,KXHIGHNY-26SEP23,KXHIGHNY-26SEP23-T65,2026-09-23 14:00:00+00:00,0.01,0.02,0.015,0.01,2026-09-23 14:00:00+00:00,0.01,0.02,0.015,0.01,False,False
NYC,2026-09-23,KXHIGHNY-26SEP23,KXHIGHNY-26SEP23-B65.5,2026-09-23 14:00:00+00:00,0.21,0.22,0.215,0.01,2026-09-23 14:00:00+00:00,0.21,0.22,0.215,0.01,False,False
NYC,2026-09-23,KXHIGHNY-26SEP23,KXHIGHNY-26SEP23-B67.5,2026-09-23 14:00:00+00:00,0.5,0.51,0.505,0.01,2026-09-23 14:00:00+00:00,0.5,0.51,0.505,0.01,False,False
NYC,2026-09-23,KXHIGHNY-26SEP23,KXHIGHNY-26SEP23-B69.5,2026-09-23 14:00:00+00:00,0.26,0.27,0.265,0.01,2026-09-23 14:00:00+00:00,0.26,0.27,0.265,0.01,False,False
NYC,2026-09-23,KXHIGHNY-26SEP23,KXHIGHNY-26SEP23-B71.5,2026-09-23 14:00:00+00:00,0.01,0.02,0.015,0.01,2026-09-23 14:00:00+00:00,0.01,0.02,0.015,0.01,False,False
NYC,2026-09-23,KXHIGHNY-26SEP23,KXHIGHNY-26SEP23-T72,2026-09-23 14:00:00+00:00,0.0,0.01,0.005,0.01,2026-09-23 14:00:00+00:00,0.0,0.01,0.005,0.01,False,False
NYC,2026-09-24,KXHIGHNY-26SEP24,KXHIGHNY-26SEP24-T66,2026-09-24 14:00:00+00:00,0.17,0.18,0.175,0.0099999999999999,2026-09-24 14:00:00+00:00,0.17,0.18,0.175,0.0099999999999999,False,False
NYC,2026-09-24,KXHIGHNY-26SEP24,KXHIGHNY-26SEP24-B66.5,2026-09-24 14:00:00+00:00,0.57,0.6,0.585,0.03,2026-09-24 14:00:00+00:00,0.57,0.6,0.585,0.03,False,False
NYC,2026-09-24,KXHIGHNY-26SEP24,KXHIGHNY-26SEP24-B68.5,2026-09-24 14:00:00+00:00,0.24,0.25,0.245,0.01,2026-09-24 14:00:00+00:00,0.24,0.25,0.245,0.01,False,False
NYC,2026-09-24,KXHIGHNY-26SEP24,KXHIGHNY-26SEP24-B70.5,2026-09-24 14:00:00+00:00,0.01,0.02,0.015,0.01,2026-09-24 14:00:00+00:00,0.01,0.02,0.015,0.01,False,False
NYC,2026-09-24,KXHIGHNY-26SEP24,KXHIGHNY-26SEP24-B72.5,2026-09-24 14:00:00+00:00,0.0,0.01,0.005,0.01,2026-09-24 14:00:00+00:00,0.0,0.01,0.005,0.01,False,False
NYC,2026-09-24,KXHIGHNY-26SEP24,KXHIGHNY-26SEP24-T73,2026-09-24 14:00:00+00:00,0.0,0.01,0.005,0.01,2026-09-24 14:00:00+00:00,0.0,0.01,0.005,0.01,False,False
NYC,2026-09-25,KXHIGHNY-26SEP25,KXHIGHNY-26SEP25-T67,2026-09-25 14:00:00+00:00,0.01,0.02,0.015,0.01,2026-09-25 14:00:00+00:00,0.01,0.02,0.015,0.01,False,False
NYC,2026-09-25,KXHIGHNY-26SEP25,KXHIGHNY-26SEP25-B67.5,2026-09-25 14:00:00+00:00,0.14,0.15,0.145,0.0099999999999999,2026-09-25 14:00:00+00:00,0.14,0.15,0.145,0.0099999999999999,False,False
NYC,2026-09-25,KXHIGHNY-26SEP25,KXHIGHNY-26SEP25-B69.5,2026-09-25 14:00:00+00:00,0.52,0.54,0.53,0.02,2026-09-25 14:00:00+00:00,0.52,0.54,0.53,0.02,False,False
NYC,2026-09-25,KXHIGHNY-26SEP25,KXHIGHNY-26SEP25-B71.5,2026-09-25 14:00:00+00:00,0.28,0.3,0.29,0.0199999999999999,2026-09-25 14:00:00+00:00,0.28,0.3,0.29,0.0199999999999999,False,False
NYC,2026-09-25,KXHIGHNY-26SEP25,KXHIGHNY-26SEP25-B73.5,2026-09-25 14:00:00+00:00,0.04,0.05,0.045,0.01,2026-09-25 14:00:00+00:00,0.04,0.05,0.045,0.01,False,False
NYC,2026-09-25,KXHIGHNY-26SEP25,KXHIGHNY-26SEP25-T74,2026-09-25 14:00:00+00:00,0.0,0.01,0.005,0.01,2026-09-25 14:00:00+00:00,0.0,0.01,0.005,0.01,False,False
NYC,2026-09-26,KXHIGHNY-26SEP26,KXHIGHNY-26SEP26-T62,2026-09-26 14:00:00+00:00,0.88,0.9,0.89,0.02,2026-09-26 14:00:00+00:00,0.88,0.9,0.89,0.02,False,False
NYC,2026-09-26,KXHIGHNY-26SEP26,KXHIGHNY-26SEP26-B62.5,2026-09-26 14:00:00+00:00,0.1,0.11,0.105,0.0099999999999999,2026-09-26 14:00:00+00:00,0.1,0.11,0.105,0.0099999999999999,False,False
NYC,2026-09-26,KXHIGHNY-26SEP26,KXHIGHNY-26SEP26-B64.5,2026-09-26 14:00:00+00:00,0.01,0.02,0.015,0.01,2026-09-26 14:00:00+00:00,0.01,0.02,0.015,0.01,False,False
NYC,2026-09-26,KXHIGHNY-26SEP26,KXHIGHNY-26SEP26-B66.5,2026-09-26 14:00:00+00:00,0.0,0.01,0.005,0.01,2026-09-26 14:00:00+00:00,0.0,0.01,0.005,0.01,False,False
NYC,2026-09-26,KXHIGHNY-26SEP26,KXHIGHNY-26SEP26-B68.5,2026-09-26 14:00:00+00:00,0.0,0.01,0.005,0.01,2026-09-26 14:00:00+00:00,0.0,0.01,0.005,0.01,False,False
NYC,2026-09-26,KXHIGHNY-26SEP26,KXHIGHNY-26SEP26-T69,2026-09-26 14:00:00+00:00,0.0,0.01,0.005,0.01,2026-09-26 14:00:00+00:00,0.0,0.01,0.005,0.01,False,False
NYC,2026-09-27,KXHIGHNY-26SEP27,KXHIGHNY-26SEP27-T65,2026-09-27 14:00:00+00:00,0.42,0.44,0.43,0.02,2026-09-27 14:00:00+00:00,0.42,0.44,0.43,0.02,False,False
NYC,2026-09-27,KXHIGHNY-26SEP27,KXHIGHNY-26SEP27-B65.5,2026-09-27 14:00:00+00:00,0.42,0.44,0.43,0.02,2026-09-27 14:00:00+00:00,0.42,0.44,0.43,0.02,False,False
NYC,2026-09-27,KXHIGHNY-26SEP27,KXHIGHNY-26SEP27-B67.5,2026-09-27 14:00:00+00:00,0.15,0.16,0.155,0.01,2026-09-27 14:00:00+00:00,0.15,0.16,0.155,0.01,False,False
NYC,2026-09-27,KXHIGHNY-26SEP27,KXHIGHNY-26SEP27-B69.5,2026-09-27 14:00:00+00:00,0.01,0.02,0.015,0.01,2026-09-27 14:00:00+00:00,0.01,0.02,0.015,0.01,False,False
NYC,2026-09-27,KXHIGHNY-26SEP27,KXHIGHNY-26SEP27-B71.5,2026-09-27 14:00:00+00:00,0.0,0.01,0.005,0.01,2026-09-27 14:00:00+00:00,0.0,0.01,0.005,0.01,False,False
NYC,2026-09-27,KXHIGHNY-26SEP27,KXHIGHNY-26SEP27-T72,2026-09-27 14:00:00+00:00,0.0,0.01,0.005,0.01,2026-09-27 14:00:00+00:00,0.0,0.01,0.005,0.01,False,False
NYC,2026-09-28,KXHIGHNY-26SEP28,KXHIGHNY-26SEP28-T64,2026-09-28 14:00:00+00:00,0.75,0.76,0.755,0.01,2026-09-28 14:00:00+00:00,0.75,0.76,0.755,0.01,False,False
NYC,2026-09-28,KXHIGHNY-26SEP28,KXHIGHNY-26SEP28-B64.5,2026-09-28 14:00:00+00:00,0.24,0.25,0.245,0.01,2026-09-28 14:00:00+00:00,0.24,0.25,0.245,0.01,False,False
NYC,2026-09-28,KXHIGHNY-26SEP28,KXHIGHNY-26SEP28-B66.5,2026-09-28 14:00:00+00:00,0.01,0.02,0.015,0.01,2026-09-28 14:00:00+00:00,0.01,0.02,0.015,0.01,False,False
NYC,2026-09-28,KXHIGHNY-26SEP28,KXHIGHNY-26SEP28-B68.5,2026-09-28 14:00:00+00:00,0.0,0.01,0.005,0.01,2026-09-28 14:00:00+00:00,0.0,0.01,0.005,0.01,False,False
NYC,2026-09-28,KXHIGHNY-26SEP28,KXHIGHNY-26SEP28-B70.5,2026-09-28 14:00:00+00:00,0.0,0.01,0.005,0.01,2026-09-28 14:00:00+00:00,0.0,0.01,0.005,0.01,False,False
NYC,2026-09-28,KXHIGHNY-26SEP28,KXHIGHNY-26SEP28-T71,2026-09-28 14:00:00+00:00,0.0,0.01,0.005,0.01,2026-09-28 14:00:00+00:00,0.0,0.01,0.005,0.01,False,False
