event_date_local,city,station,state_label,nominal_order,cycle_time_utc,target_valid_time_utc,noaa_http_status,noaa_url,publication_time_utc,publication_lag_minutes,etag,content_length,iem_http_status,target_rows,iem_runtime_values,txn,xnd,usable_state,missing_reason
2026-08-14,NYC,KNYC,prev18Z,0,2026-08-13 18:00:00+00:00,2026-08-15 00:00:00+00:00,200,https://noaa-nbm-grib2-pds.s3.amazonaws.com/blend.20260813/18/text/blend_nbstx.t18z,2026-08-13 19:51:30+00:00,111.5,"""57f5d20c00c83614affb1f63350636eb""",29611149,200,1,2026-08-13 18:00,86.0,2.0,True,
2026-08-14,NYC,KNYC,00Z,1,2026-08-14 00:00:00+00:00,2026-08-15 00:00:00+00:00,200,https://noaa-nbm-grib2-pds.s3.amazonaws.com/blend.20260814/00/text/blend_nbstx.t00z,2026-08-14 01:17:02+00:00,77.03333333333333,"""b05de0fbbf92e6bf0211a0b76a17d20a""",29720949,200,1,2026-08-14 00:00,86.0,2.0,True,
2026-08-14,NYC,KNYC,06Z,2,2026-08-14 06:00:00+00:00,2026-08-15 00:00:00+00:00,200,https://noaa-nbm-grib2-pds.s3.amazonaws.com/blend.20260814/06/text/blend_nbstx.t06z,2026-08-14 06:55:29+00:00,55.483333333333334,"""a0f03545c0441eb2053a8f9df90dfff2""",29611149,200,1,2026-08-14 06:00,86.0,2.0,True,
2026-08-14,NYC,KNYC,12Z,3,2026-08-14 12:00:00+00:00,2026-08-15 00:00:00+00:00,200,https://noaa-nbm-grib2-pds.s3.amazonaws.com/blend.20260814/12/text/blend_nbstx.t12z,2026-08-14 13:34:06+00:00,94.1,"""2ec250da742f1cf7206efca833d789d1""",29720949,200,1,2026-08-14 12:00,86.0,2.0,True,
2026-08-14,Chicago,KMDW,prev18Z,0,2026-08-13 18:00:00+00:00,2026-08-15 00:00:00+00:00,200,https://noaa-nbm-grib2-pds.s3.amazonaws.com/blend.20260813/18/text/blend_nbstx.t18z,2026-08-13 19:51:30+00:00,111.5,"""57f5d20c00c83614affb1f63350636eb""",29611149,200,1,2026-08-13 18:00,80.0,2.0,True,
2026-08-14,Chicago,KMDW,00Z,1,2026-08-14 00:00:00+00:00,2026-08-15 00:00:00+00:00,200,https://noaa-nbm-grib2-pds.s3.amazonaws.com/blend.20260814/00/text/blend_nbstx.t00z,2026-08-14 01:17:02+00:00,77.03333333333333,"""b05de0fbbf92e6bf0211a0b76a17d20a""",29720949,200,1,2026-08-14 00:00,81.0,2.0,True,
2026-08-14,Chicago,KMDW,06Z,2,2026-08-14 06:00:00+00:00,2026-08-15 00:00:00+00:00,200,https://noaa-nbm-grib2-pds.s3.amazonaws.com/blend.20260814/06/text/blend_nbstx.t06z,2026-08-14 06:55:29+00:00,55.483333333333334,"""a0f03545c0441eb2053a8f9df90dfff2""",29611149,200,1,2026-08-14 06:00,81.0,2.0,True,
2026-08-14,Chicago,KMDW,12Z,3,2026-08-14 12:00:00+00:00,2026-08-15 00:00:00+00:00,200,https://noaa-nbm-grib2-pds.s3.amazonaws.com/blend.20260814/12/text/blend_nbstx.t12z,2026-08-14 13:34:06+00:00,94.1,"""2ec250da742f1cf7206efca833d789d1""",29720949,200,1,2026-08-14 12:00,80.0,2.0,True,
2026-08-14,Denver,KDEN,prev18Z,0,2026-08-13 18:00:00+00:00,2026-08-15 00:00:00+00:00,200,https://noaa-nbm-grib2-pds.s3.amazonaws.com/blend.20260813/18/text/blend_nbstx.t18z,2026-08-13 19:51:30+00:00,111.5,"""57f5d20c00c83614affb1f63350636eb""",29611149,200,1,2026-08-13 18:00,84.0,4.0,True,
2026-08-14,Denver,KDEN,00Z,1,2026-08-14 00:00:00+00:00,2026-08-15 00:00:00+00:00,200,https://noaa-nbm-grib2-pds.s3.amazonaws.com/blend.20260814/00/text/blend_nbstx.t00z,2026-08-14 01:17:02+00:00,77.03333333333333,"""b05de0fbbf92e6bf0211a0b76a17d20a""",29720949,200,1,2026-08-14 00:00,84.0,4.0,True,
2026-08-14,Denver,KDEN,06Z,2,2026-08-14 06:00:00+00:00,2026-08-15 00:00:00+00:00,200,https://noaa-nbm-grib2-pds.s3.amazonaws.com/blend.20260814/06/text/blend_nbstx.t06z,2026-08-14 06:55:29+00:00,55.483333333333334,"""a0f03545c0441eb2053a8f9df90dfff2""",29611149,200,1,2026-08-14 06:00,84.0,3.0,True,
2026-08-14,Denver,KDEN,12Z,3,2026-08-14 12:00:00+00:00,2026-08-15 00:00:00+00:00,200,https://noaa-nbm-grib2-pds.s3.amazonaws.com/blend.20260814/12/text/blend_nbstx.t12z,2026-08-14 13:34:06+00:00,94.1,"""2ec250da742f1cf7206efca833d789d1""",29720949,200,1,2026-08-14 12:00,83.0,3.0,True,
2026-08-15,NYC,KNYC,prev18Z,0,2026-08-14 18:00:00+00:00,2026-08-16 00:00:00+00:00,200,https://noaa-nbm-grib2-pds.s3.amazonaws.com/blend.20260814/18/text/blend_nbstx.t18z,2026-08-14 18:55:19+00:00,55.31666666666667,"""d009038fd2ce2b2d501cd67ad9bb4b55""",29611149,200,1,2026-08-14 18:00,83.0,2.0,True,
2026-08-15,NYC,KNYC,00Z,1,2026-08-15 00:00:00+00:00,2026-08-16 00:00:00+00:00,200,https://noaa-nbm-grib2-pds.s3.amazonaws.com/blend.20260815/00/text/blend_nbstx.t00z,2026-08-15 01:18:20+00:00,78.33333333333333,"""964eb1b5bbe7b48f415e7c515445697b""",29720949,200,1,2026-08-15 00:00,83.0,2.0,True,
2026-08-15,NYC,KNYC,06Z,2,2026-08-15 06:00:00+00:00,2026-08-16 00:00:00+00:00,200,https://noaa-nbm-grib2-pds.s3.amazonaws.com/blend.20260815/06/text/blend_nbstx.t06z,2026-08-15 06:51:35+00:00,51.583333333333336,"""732f195b2181300a7b51eff59e7da2c9""",29611150,200,1,2026-08-15 06:00,83.0,2.0,True,
2026-08-15,NYC,KNYC,12Z,3,2026-08-15 12:00:00+00:00,2026-08-16 00:00:00+00:00,200,https://noaa-nbm-grib2-pds.s3.amazonaws.com/blend.20260815/12/text/blend_nbstx.t12z,2026-08-15 13:39:19+00:00,99.31666666666666,"""42eae8594cd3c10e4ce280b5d0238788""",29720951,200,1,2026-08-15 12:00,83.0,1.0,True,
2026-08-15,Chicago,KMDW,prev18Z,0,2026-08-14 18:00:00+00:00,2026-08-16 00:00:00+00:00,200,https://noaa-nbm-grib2-pds.s3.amazonaws.com/blend.20260814/18/text/blend_nbstx.t18z,2026-08-14 18:55:19+00:00,55.31666666666667,"""d009038fd2ce2b2d501cd67ad9bb4b55""",29611149,200,1,2026-08-14 18:00,84.0,3.0,True,
2026-08-15,Chicago,KMDW,00Z,1,2026-08-15 00:00:00+00:00,2026-08-16 00:00:00+00:00,200,https://noaa-nbm-grib2-pds.s3.amazonaws.com/blend.20260815/00/text/blend_nbstx.t00z,2026-08-15 01:18:20+00:00,78.33333333333333,"""964eb1b5bbe7b48f415e7c515445697b""",29720949,200,1,2026-08-15 00:00,83.0,4.0,True,
2026-08-15,Chicago,KMDW,06Z,2,2026-08-15 06:00:00+00:00,2026-08-16 00:00:00+00:00,200,https://noaa-nbm-grib2-pds.s3.amazonaws.com/blend.20260815/06/text/blend_nbstx.t06z,2026-08-15 06:51:35+00:00,51.583333333333336,"""732f195b2181300a7b51eff59e7da2c9""",29611150,200,1,2026-08-15 06:00,80.0,2.0,True,
2026-08-15,Chicago,KMDW,12Z,3,2026-08-15 12:00:00+00:00,2026-08-16 00:00:00+00:00,200,https://noaa-nbm-grib2-pds.s3.amazonaws.com/blend.20260815/12/text/blend_nbstx.t12z,2026-08-15 13:39:19+00:00,99.31666666666666,"""42eae8594cd3c10e4ce280b5d0238788""",29720951,200,1,2026-08-15 12:00,81.0,2.0,True,
2026-08-15,Denver,KDEN,prev18Z,0,2026-08-14 18:00:00+00:00,2026-08-16 00:00:00+00:00,200,https://noaa-nbm-grib2-pds.s3.amazonaws.com/blend.20260814/18/text/blend_nbstx.t18z,2026-08-14 18:55:19+00:00,55.31666666666667,"""d009038fd2ce2b2d501cd67ad9bb4b55""",29611149,200,1,2026-08-14 18:00,82.0,3.0,True,
2026-08-15,Denver,KDEN,00Z,1,2026-08-15 00:00:00+00:00,2026-08-16 00:00:00+00:00,200,https://noaa-nbm-grib2-pds.s3.amazonaws.com/blend.20260815/00/text/blend_nbstx.t00z,2026-08-15 01:18:20+00:00,78.33333333333333,"""964eb1b5bbe7b48f415e7c515445697b""",29720949,200,1,2026-08-15 00:00,82.0,2.0,True,
2026-08-15,Denver,KDEN,06Z,2,2026-08-15 06:00:00+00:00,2026-08-16 00:00:00+00:00,200,https://noaa-nbm-grib2-pds.s3.amazonaws.com/blend.20260815/06/text/blend_nbstx.t06z,2026-08-15 06:51:35+00:00,51.583333333333336,"""732f195b2181300a7b51eff59e7da2c9""",29611150,200,1,2026-08-15 06:00,82.0,2.0,True,
2026-08-15,Denver,KDEN,12Z,3,2026-08-15 12:00:00+00:00,2026-08-16 00:00:00+00:00,200,https://noaa-nbm-grib2-pds.s3.amazonaws.com/blend.20260815/12/text/blend_nbstx.t12z,2026-08-15 13:39:19+00:00,99.31666666666666,"""42eae8594cd3c10e4ce280b5d0238788""",29720951,200,1,2026-08-15 12:00,81.0,2.0,True,
2026-08-16,NYC,KNYC,prev18Z,0,2026-08-15 18:00:00+00:00,2026-08-17 00:00:00+00:00,200,https://noaa-nbm-grib2-pds.s3.amazonaws.com/blend.20260815/18/text/blend_nbstx.t18z,2026-08-15 18:56:39+00:00,56.65,"""708f12e8fd11a78fb1318adf14397426""",29611149,200,1,2026-08-15 18:00,80.0,2.0,True,
2026-08-16,NYC,KNYC,00Z,1,2026-08-16 00:00:00+00:00,2026-08-17 00:00:00+00:00,200,https://noaa-nbm-grib2-pds.s3.amazonaws.com/blend.20260816/00/text/blend_nbstx.t00z,2026-08-16 01:17:56+00:00,77.93333333333334,"""fa49e16c38b4a35f6b9f298fdd7a729e""",29720952,200,1,2026-08-16 00:00,80.0,3.0,True,
2026-08-16,NYC,KNYC,06Z,2,2026-08-16 06:00:00+00:00,2026-08-17 00:00:00+00:00,200,https://noaa-nbm-grib2-pds.s3.amazonaws.com/blend.20260816/06/text/blend_nbstx.t06z,2026-08-16 06:44:34+00:00,44.56666666666667,"""716d725592dab1345c8c38dad0080852""",29611149,200,1,2026-08-16 06:00,81.0,2.0,True,
2026-08-16,NYC,KNYC,12Z,3,2026-08-16 12:00:00+00:00,2026-08-17 00:00:00+00:00,200,https://noaa-nbm-grib2-pds.s3.amazonaws.com/blend.20260816/12/text/blend_nbstx.t12z,2026-08-16 13:39:34+00:00,99.56666666666666,"""b7e469f8d15f5d264fe922ecab45fc3e""",29720949,200,1,2026-08-16 12:00,81.0,2.0,True,
2026-08-16,Chicago,KMDW,prev18Z,0,2026-08-15 18:00:00+00:00,2026-08-17 00:00:00+00:00,200,https://noaa-nbm-grib2-pds.s3.amazonaws.com/blend.20260815/18/text/blend_nbstx.t18z,2026-08-15 18:56:39+00:00,56.65,"""708f12e8fd11a78fb1318adf14397426""",29611149,200,1,2026-08-15 18:00,85.0,2.0,True,
2026-08-16,Chicago,KMDW,00Z,1,2026-08-16 00:00:00+00:00,2026-08-17 00:00:00+00:00,200,https://noaa-nbm-grib2-pds.s3.amazonaws.com/blend.20260816/00/text/blend_nbstx.t00z,2026-08-16 01:17:56+00:00,77.93333333333334,"""fa49e16c38b4a35f6b9f298fdd7a729e""",29720952,200,1,2026-08-16 00:00,85.0,2.0,True,
2026-08-16,Chicago,KMDW,06Z,2,2026-08-16 06:00:00+00:00,2026-08-17 00:00:00+00:00,200,https://noaa-nbm-grib2-pds.s3.amazonaws.com/blend.20260816/06/text/blend_nbstx.t06z,2026-08-16 06:44:34+00:00,44.56666666666667,"""716d725592dab1345c8c38dad0080852""",29611149,200,1,2026-08-16 06:00,85.0,2.0,True,
2026-08-16,Chicago,KMDW,12Z,3,2026-08-16 12:00:00+00:00,2026-08-17 00:00:00+00:00,200,https://noaa-nbm-grib2-pds.s3.amazonaws.com/blend.20260816/12/text/blend_nbstx.t12z,2026-08-16 13:39:34+00:00,99.56666666666666,"""b7e469f8d15f5d264fe922ecab45fc3e""",29720949,200,1,2026-08-16 12:00,86.0,2.0,True,
2026-08-16,Denver,KDEN,prev18Z,0,2026-08-15 18:00:00+00:00,2026-08-17 00:00:00+00:00,200,https://noaa-nbm-grib2-pds.s3.amazonaws.com/blend.20260815/18/text/blend_nbstx.t18z,2026-08-15 18:56:39+00:00,56.65,"""708f12e8fd11a78fb1318adf14397426""",29611149,200,1,2026-08-15 18:00,82.0,4.0,True,
2026-08-16,Denver,KDEN,00Z,1,2026-08-16 00:00:00+00:00,2026-08-17 00:00:00+00:00,200,https://noaa-nbm-grib2-pds.s3.amazonaws.com/blend.20260816/00/text/blend_nbstx.t00z,2026-08-16 01:17:56+00:00,77.93333333333334,"""fa49e16c38b4a35f6b9f298fdd7a729e""",29720952,200,1,2026-08-16 00:00,82.0,3.0,True,
2026-08-16,Denver,KDEN,06Z,2,2026-08-16 06:00:00+00:00,2026-08-17 00:00:00+00:00,200,https://noaa-nbm-grib2-pds.s3.amazonaws.com/blend.20260816/06/text/blend_nbstx.t06z,2026-08-16 06:44:34+00:00,44.56666666666667,"""716d725592dab1345c8c38dad0080852""",29611149,200,1,2026-08-16 06:00,83.0,2.0,True,
2026-08-16,Denver,KDEN,12Z,3,2026-08-16 12:00:00+00:00,2026-08-17 00:00:00+00:00,200,https://noaa-nbm-grib2-pds.s3.amazonaws.com/blend.20260816/12/text/blend_nbstx.t12z,2026-08-16 13:39:34+00:00,99.56666666666666,"""b7e469f8d15f5d264fe922ecab45fc3e""",29720949,200,1,2026-08-16 12:00,83.0,2.0,True,
2026-08-17,NYC,KNYC,prev18Z,0,2026-08-16 18:00:00+00:00,2026-08-18 00:00:00+00:00,200,https://noaa-nbm-grib2-pds.s3.amazonaws.com/blend.20260816/18/text/blend_nbstx.t18z,2026-08-16 18:43:10+00:00,43.166666666666664,"""4b32658a19e711d4c1b591ea600e748f""",29611149,200,1,2026-08-16 18:00,83.0,3.0,True,
2026-08-17,NYC,KNYC,00Z,1,2026-08-17 00:00:00+00:00,2026-08-18 00:00:00+00:00,200,https://noaa-nbm-grib2-pds.s3.amazonaws.com/blend.20260817/00/text/blend_nbstx.t00z,2026-08-17 01:18:05+00:00,78.08333333333333,"""433ab08277fd2f80d57c4502f8723559""",29720949,200,1,2026-08-17 00:00,83.0,3.0,True,
2026-08-17,NYC,KNYC,06Z,2,2026-08-17 06:00:00+00:00,2026-08-18 00:00:00+00:00,200,https://noaa-nbm-grib2-pds.s3.amazonaws.com/blend.20260817/06/text/blend_nbstx.t06z,2026-08-17 06:43:51+00:00,43.85,"""34af4406e48f66364c4557f824ade5fb""",29611149,200,1,2026-08-17 06:00,84.0,3.0,True,
2026-08-17,NYC,KNYC,12Z,3,2026-08-17 12:00:00+00:00,2026-08-18 00:00:00+00:00,200,https://noaa-nbm-grib2-pds.s3.amazonaws.com/blend.20260817/12/text/blend_nbstx.t12z,2026-08-17 13:41:11+00:00,101.18333333333334,"""ad1a79323891984d812b0ef4f06f8d1c""",29720949,200,1,2026-08-17 12:00,84.0,3.0,True,
2026-08-17,Chicago,KMDW,prev18Z,0,2026-08-16 18:00:00+00:00,2026-08-18 00:00:00+00:00,200,https://noaa-nbm-grib2-pds.s3.amazonaws.com/blend.20260816/18/text/blend_nbstx.t18z,2026-08-16 18:43:10+00:00,43.166666666666664,"""4b32658a19e711d4c1b591ea600e748f""",29611149,200,1,2026-08-16 18:00,80.0,2.0,True,
2026-08-17,Chicago,KMDW,00Z,1,2026-08-17 00:00:00+00:00,2026-08-18 00:00:00+00:00,200,https://noaa-nbm-grib2-pds.s3.amazonaws.com/blend.20260817/00/text/blend_nbstx.t00z,2026-08-17 01:18:05+00:00,78.08333333333333,"""433ab08277fd2f80d57c4502f8723559""",29720949,200,1,2026-08-17 00:00,79.0,2.0,True,
2026-08-17,Chicago,KMDW,06Z,2,2026-08-17 06:00:00+00:00,2026-08-18 00:00:00+00:00,200,https://noaa-nbm-grib2-pds.s3.amazonaws.com/blend.20260817/06/text/blend_nbstx.t06z,2026-08-17 06:43:51+00:00,43.85,"""34af4406e48f66364c4557f824ade5fb""",29611149,200,1,2026-08-17 06:00,79.0,2.0,True,
2026-08-17,Chicago,KMDW,12Z,3,2026-08-17 12:00:00+00:00,2026-08-18 00:00:00+00:00,200,https://noaa-nbm-grib2-pds.s3.amazonaws.com/blend.20260817/12/text/blend_nbstx.t12z,2026-08-17 13:41:11+00:00,101.18333333333334,"""ad1a79323891984d812b0ef4f06f8d1c""",29720949,200,1,2026-08-17 12:00,78.0,2.0,True,
2026-08-17,Denver,KDEN,prev18Z,0,2026-08-16 18:00:00+00:00,2026-08-18 00:00:00+00:00,200,https://noaa-nbm-grib2-pds.s3.amazonaws.com/blend.20260816/18/text/blend_nbstx.t18z,2026-08-16 18:43:10+00:00,43.166666666666664,"""4b32658a19e711d4c1b591ea600e748f""",29611149,200,1,2026-08-16 18:00,88.0,2.0,True,
2026-08-17,Denver,KDEN,00Z,1,2026-08-17 00:00:00+00:00,2026-08-18 00:00:00+00:00,200,https://noaa-nbm-grib2-pds.s3.amazonaws.com/blend.20260817/00/text/blend_nbstx.t00z,2026-08-17 01:18:05+00:00,78.08333333333333,"""433ab08277fd2f80d57c4502f8723559""",29720949,200,1,2026-08-17 00:00,89.0,2.0,True,
2026-08-17,Denver,KDEN,06Z,2,2026-08-17 06:00:00+00:00,2026-08-18 00:00:00+00:00,200,https://noaa-nbm-grib2-pds.s3.amazonaws.com/blend.20260817/06/text/blend_nbstx.t06z,2026-08-17 06:43:51+00:00,43.85,"""34af4406e48f66364c4557f824ade5fb""",29611149,200,1,2026-08-17 06:00,89.0,2.0,True,
2026-08-17,Denver,KDEN,12Z,3,2026-08-17 12:00:00+00:00,2026-08-18 00:00:00+00:00,200,https://noaa-nbm-grib2-pds.s3.amazonaws.com/blend.20260817/12/text/blend_nbstx.t12z,2026-08-17 13:41:11+00:00,101.18333333333334,"""ad1a79323891984d812b0ef4f06f8d1c""",29720949,200,1,2026-08-17 12:00,91.0,2.0,True,
2026-08-18,NYC,KNYC,prev18Z,0,2026-08-17 18:00:00+00:00,2026-08-19 00:00:00+00:00,200,https://noaa-nbm-grib2-pds.s3.amazonaws.com/blend.20260817/18/text/blend_nbstx.t18z,2026-08-17 18:56:10+00:00,56.166666666666664,"""6209c34bdb707ef465d2a473ab8d2ce1""",29611149,200,1,2026-08-17 18:00,86.0,2.0,True,
2026-08-18,NYC,KNYC,00Z,1,2026-08-18 00:00:00+00:00,2026-08-19 00:00:00+00:00,200,https://noaa-nbm-grib2-pds.s3.amazonaws.com/blend.20260818/00/text/blend_nbstx.t00z,2026-08-18 01:42:47+00:00,102.78333333333333,"""75828958aec4a6f6d84ffbfae4dc6628""",29720949,200,1,2026-08-18 00:00,85.0,2.0,True,
2026-08-18,NYC,KNYC,06Z,2,2026-08-18 06:00:00+00:00,2026-08-19 00:00:00+00:00,200,https://noaa-nbm-grib2-pds.s3.amazonaws.com/blend.20260818/06/text/blend_nbstx.t06z,2026-08-18 06:56:19+00:00,56.31666666666667,"""c23ccf55d5aac039243442d8e882c7f2""",29611149,200,1,2026-08-18 06:00,85.0,2.0,True,
2026-08-18,NYC,KNYC,12Z,3,2026-08-18 12:00:00+00:00,2026-08-19 00:00:00+00:00,200,https://noaa-nbm-grib2-pds.s3.amazonaws.com/blend.20260818/12/text/blend_nbstx.t12z,2026-08-18 13:37:39+00:00,97.65,"""634253ad54c0c6e270f3e39ef7f96192""",29720949,200,1,2026-08-18 12:00,84.0,2.0,True,
2026-08-18,Chicago,KMDW,prev18Z,0,2026-08-17 18:00:00+00:00,2026-08-19 00:00:00+00:00,200,https://noaa-nbm-grib2-pds.s3.amazonaws.com/blend.20260817/18/text/blend_nbstx.t18z,2026-08-17 18:56:10+00:00,56.166666666666664,"""6209c34bdb707ef465d2a473ab8d2ce1""",29611149,200,1,2026-08-17 18:00,81.0,3.0,True,
2026-08-18,Chicago,KMDW,00Z,1,2026-08-18 00:00:00+00:00,2026-08-19 00:00:00+00:00,200,https://noaa-nbm-grib2-pds.s3.amazonaws.com/blend.20260818/00/text/blend_nbstx.t00z,2026-08-18 01:42:47+00:00,102.78333333333333,"""75828958aec4a6f6d84ffbfae4dc6628""",29720949,200,1,2026-08-18 00:00,81.0,3.0,True,
2026-08-18,Chicago,KMDW,06Z,2,2026-08-18 06:00:00+00:00,2026-08-19 00:00:00+00:00,200,https://noaa-nbm-grib2-pds.s3.amazonaws.com/blend.20260818/06/text/blend_nbstx.t06z,2026-08-18 06:56:19+00:00,56.31666666666667,"""c23ccf55d5aac039243442d8e882c7f2""",29611149,200,1,2026-08-18 06:00,82.0,2.0,True,
2026-08-18,Chicago,KMDW,12Z,3,2026-08-18 12:00:00+00:00,2026-08-19 00:00:00+00:00,200,https://noaa-nbm-grib2-pds.s3.amazonaws.com/blend.20260818/12/text/blend_nbstx.t12z,2026-08-18 13:37:39+00:00,97.65,"""634253ad54c0c6e270f3e39ef7f96192""",29720949,200,1,2026-08-18 12:00,82.0,2.0,True,
2026-08-18,Denver,KDEN,prev18Z,0,2026-08-17 18:00:00+00:00,2026-08-19 00:00:00+00:00,200,https://noaa-nbm-grib2-pds.s3.amazonaws.com/blend.20260817/18/text/blend_nbstx.t18z,2026-08-17 18:56:10+00:00,56.166666666666664,"""6209c34bdb707ef465d2a473ab8d2ce1""",29611149,200,1,2026-08-17 18:00,91.0,4.0,True,
2026-08-18,Denver,KDEN,00Z,1,2026-08-18 00:00:00+00:00,2026-08-19 00:00:00+00:00,200,https://noaa-nbm-grib2-pds.s3.amazonaws.com/blend.20260818/00/text/blend_nbstx.t00z,2026-08-18 01:42:47+00:00,102.78333333333333,"""75828958aec4a6f6d84ffbfae4dc6628""",29720949,200,1,2026-08-18 00:00,90.0,3.0,True,
2026-08-18,Denver,KDEN,06Z,2,2026-08-18 06:00:00+00:00,2026-08-19 00:00:00+00:00,200,https://noaa-nbm-grib2-pds.s3.amazonaws.com/blend.20260818/06/text/blend_nbstx.t06z,2026-08-18 06:56:19+00:00,56.31666666666667,"""c23ccf55d5aac039243442d8e882c7f2""",29611149,200,1,2026-08-18 06:00,91.0,3.0,True,
2026-08-18,Denver,KDEN,12Z,3,2026-08-18 12:00:00+00:00,2026-08-19 00:00:00+00:00,200,https://noaa-nbm-grib2-pds.s3.amazonaws.com/blend.20260818/12/text/blend_nbstx.t12z,2026-08-18 13:37:39+00:00,97.65,"""634253ad54c0c6e270f3e39ef7f96192""",29720949,200,1,2026-08-18 12:00,91.0,3.0,True,
2026-08-19,NYC,KNYC,prev18Z,0,2026-08-18 18:00:00+00:00,2026-08-20 00:00:00+00:00,200,https://noaa-nbm-grib2-pds.s3.amazonaws.com/blend.20260818/18/text/blend_nbstx.t18z,2026-08-18 18:59:57+00:00,59.95,"""ab9d7de81d745c82bbcf94c904f98337""",29611149,200,1,2026-08-18 18:00,86.0,2.0,True,
2026-08-19,NYC,KNYC,00Z,1,2026-08-19 00:00:00+00:00,2026-08-20 00:00:00+00:00,200,https://noaa-nbm-grib2-pds.s3.amazonaws.com/blend.20260819/00/text/blend_nbstx.t00z,2026-08-19 01:16:48+00:00,76.8,"""4f0209b4444d86b29f736162de7bb82a""",29720949,200,1,2026-08-19 00:00,85.0,2.0,True,
2026-08-19,NYC,KNYC,06Z,2,2026-08-19 06:00:00+00:00,2026-08-20 00:00:00+00:00,200,https://noaa-nbm-grib2-pds.s3.amazonaws.com/blend.20260819/06/text/blend_nbstx.t06z,2026-08-19 06:55:27+00:00,55.45,"""6a7665f6054d94e77f4eb7caf3e752fb""",29611149,200,1,2026-08-19 06:00,86.0,1.0,True,
2026-08-19,NYC,KNYC,12Z,3,2026-08-19 12:00:00+00:00,2026-08-20 00:00:00+00:00,200,https://noaa-nbm-grib2-pds.s3.amazonaws.com/blend.20260819/12/text/blend_nbstx.t12z,2026-08-19 13:44:08+00:00,104.13333333333334,"""ccfa9aaaa47bef84c6b1ccf700d7ab3b""",29720949,200,1,2026-08-19 12:00,86.0,1.0,True,
2026-08-19,Chicago,KMDW,prev18Z,0,2026-08-18 18:00:00+00:00,2026-08-20 00:00:00+00:00,200,https://noaa-nbm-grib2-pds.s3.amazonaws.com/blend.20260818/18/text/blend_nbstx.t18z,2026-08-18 18:59:57+00:00,59.95,"""ab9d7de81d745c82bbcf94c904f98337""",29611149,200,1,2026-08-18 18:00,79.0,2.0,True,
2026-08-19,Chicago,KMDW,00Z,1,2026-08-19 00:00:00+00:00,2026-08-20 00:00:00+00:00,200,https://noaa-nbm-grib2-pds.s3.amazonaws.com/blend.20260819/00/text/blend_nbstx.t00z,2026-08-19 01:16:48+00:00,76.8,"""4f0209b4444d86b29f736162de7bb82a""",29720949,200,1,2026-08-19 00:00,79.0,2.0,True,
2026-08-19,Chicago,KMDW,06Z,2,2026-08-19 06:00:00+00:00,2026-08-20 00:00:00+00:00,200,https://noaa-nbm-grib2-pds.s3.amazonaws.com/blend.20260819/06/text/blend_nbstx.t06z,2026-08-19 06:55:27+00:00,55.45,"""6a7665f6054d94e77f4eb7caf3e752fb""",29611149,200,1,2026-08-19 06:00,79.0,2.0,True,
2026-08-19,Chicago,KMDW,12Z,3,2026-08-19 12:00:00+00:00,2026-08-20 00:00:00+00:00,200,https://noaa-nbm-grib2-pds.s3.amazonaws.com/blend.20260819/12/text/blend_nbstx.t12z,2026-08-19 13:44:08+00:00,104.13333333333334,"""ccfa9aaaa47bef84c6b1ccf700d7ab3b""",29720949,200,1,2026-08-19 12:00,79.0,2.0,True,
2026-08-19,Denver,KDEN,prev18Z,0,2026-08-18 18:00:00+00:00,2026-08-20 00:00:00+00:00,200,https://noaa-nbm-grib2-pds.s3.amazonaws.com/blend.20260818/18/text/blend_nbstx.t18z,2026-08-18 18:59:57+00:00,59.95,"""ab9d7de81d745c82bbcf94c904f98337""",29611149,200,1,2026-08-18 18:00,89.0,2.0,True,
2026-08-19,Denver,KDEN,00Z,1,2026-08-19 00:00:00+00:00,2026-08-20 00:00:00+00:00,200,https://noaa-nbm-grib2-pds.s3.amazonaws.com/blend.20260819/00/text/blend_nbstx.t00z,2026-08-19 01:16:48+00:00,76.8,"""4f0209b4444d86b29f736162de7bb82a""",29720949,200,1,2026-08-19 00:00,88.0,3.0,True,
2026-08-19,Denver,KDEN,06Z,2,2026-08-19 06:00:00+00:00,2026-08-20 00:00:00+00:00,200,https://noaa-nbm-grib2-pds.s3.amazonaws.com/blend.20260819/06/text/blend_nbstx.t06z,2026-08-19 06:55:27+00:00,55.45,"""6a7665f6054d94e77f4eb7caf3e752fb""",29611149,200,1,2026-08-19 06:00,88.0,3.0,True,
2026-08-19,Denver,KDEN,12Z,3,2026-08-19 12:00:00+00:00,2026-08-20 00:00:00+00:00,200,https://noaa-nbm-grib2-pds.s3.amazonaws.com/blend.20260819/12/text/blend_nbstx.t12z,2026-08-19 13:44:08+00:00,104.13333333333334,"""ccfa9aaaa47bef84c6b1ccf700d7ab3b""",29720949,200,1,2026-08-19 12:00,89.0,2.0,True,
2026-08-20,NYC,KNYC,prev18Z,0,2026-08-19 18:00:00+00:00,2026-08-21 00:00:00+00:00,200,https://noaa-nbm-grib2-pds.s3.amazonaws.com/blend.20260819/18/text/blend_nbstx.t18z,2026-08-19 18:59:55+00:00,59.916666666666664,"""96b2b65ff43220ae955f55b36c48f47b""",29611149,200,1,2026-08-19 18:00,80.0,4.0,True,
2026-08-20,NYC,KNYC,00Z,1,2026-08-20 00:00:00+00:00,2026-08-21 00:00:00+00:00,200,https://noaa-nbm-grib2-pds.s3.amazonaws.com/blend.20260820/00/text/blend_nbstx.t00z,2026-08-20 01:18:53+00:00,78.88333333333334,"""9f2b2171b83a2460ab7f1c6b7554fc13""",29720949,200,1,2026-08-20 00:00,81.0,4.0,True,
2026-08-20,NYC,KNYC,06Z,2,2026-08-20 06:00:00+00:00,2026-08-21 00:00:00+00:00,200,https://noaa-nbm-grib2-pds.s3.amazonaws.com/blend.20260820/06/text/blend_nbstx.t06z,2026-08-20 06:45:10+00:00,45.166666666666664,"""e4394fb0d5ffabe081bfa0e9ce310deb""",29611149,200,1,2026-08-20 06:00,82.0,3.0,True,
2026-08-20,NYC,KNYC,12Z,3,2026-08-20 12:00:00+00:00,2026-08-21 00:00:00+00:00,200,https://noaa-nbm-grib2-pds.s3.amazonaws.com/blend.20260820/12/text/blend_nbstx.t12z,2026-08-20 13:42:21+00:00,102.35,"""fc50a7a5d05985e2866cfd279a072641""",29720949,200,1,2026-08-20 12:00,82.0,3.0,True,
2026-08-20,Chicago,KMDW,prev18Z,0,2026-08-19 18:00:00+00:00,2026-08-21 00:00:00+00:00,200,https://noaa-nbm-grib2-pds.s3.amazonaws.com/blend.20260819/18/text/blend_nbstx.t18z,2026-08-19 18:59:55+00:00,59.916666666666664,"""96b2b65ff43220ae955f55b36c48f47b""",29611149,200,1,2026-08-19 18:00,80.0,2.0,True,
2026-08-20,Chicago,KMDW,00Z,1,2026-08-20 00:00:00+00:00,2026-08-21 00:00:00+00:00,200,https://noaa-nbm-grib2-pds.s3.amazonaws.com/blend.20260820/00/text/blend_nbstx.t00z,2026-08-20 01:18:53+00:00,78.88333333333334,"""9f2b2171b83a2460ab7f1c6b7554fc13""",29720949,200,1,2026-08-20 00:00,79.0,2.0,True,
2026-08-20,Chicago,KMDW,06Z,2,2026-08-20 06:00:00+00:00,2026-08-21 00:00:00+00:00,200,https://noaa-nbm-grib2-pds.s3.amazonaws.com/blend.20260820/06/text/blend_nbstx.t06z,2026-08-20 06:45:10+00:00,45.166666666666664,"""e4394fb0d5ffabe081bfa0e9ce310deb""",29611149,200,1,2026-08-20 06:00,79.0,2.0,True,
2026-08-20,Chicago,KMDW,12Z,3,2026-08-20 12:00:00+00:00,2026-08-21 00:00:00+00:00,200,https://noaa-nbm-grib2-pds.s3.amazonaws.com/blend.20260820/12/text/blend_nbstx.t12z,2026-08-20 13:42:21+00:00,102.35,"""fc50a7a5d05985e2866cfd279a072641""",29720949,200,1,2026-08-20 12:00,79.0,1.0,True,
2026-08-20,Denver,KDEN,prev18Z,0,2026-08-19 18:00:00+00:00,2026-08-21 00:00:00+00:00,200,https://noaa-nbm-grib2-pds.s3.amazonaws.com/blend.20260819/18/text/blend_nbstx.t18z,2026-08-19 18:59:55+00:00,59.916666666666664,"""96b2b65ff43220ae955f55b36c48f47b""",29611149,200,1,2026-08-19 18:00,92.0,3.0,True,
2026-08-20,Denver,KDEN,00Z,1,2026-08-20 00:00:00+00:00,2026-08-21 00:00:00+00:00,200,https://noaa-nbm-grib2-pds.s3.amazonaws.com/blend.20260820/00/text/blend_nbstx.t00z,2026-08-20 01:18:53+00:00,78.88333333333334,"""9f2b2171b83a2460ab7f1c6b7554fc13""",29720949,200,1,2026-08-20 00:00,92.0,3.0,True,
2026-08-20,Denver,KDEN,06Z,2,2026-08-20 06:00:00+00:00,2026-08-21 00:00:00+00:00,200,https://noaa-nbm-grib2-pds.s3.amazonaws.com/blend.20260820/06/text/blend_nbstx.t06z,2026-08-20 06:45:10+00:00,45.166666666666664,"""e4394fb0d5ffabe081bfa0e9ce310deb""",29611149,200,1,2026-08-20 06:00,92.0,3.0,True,
2026-08-20,Denver,KDEN,12Z,3,2026-08-20 12:00:00+00:00,2026-08-21 00:00:00+00:00,200,https://noaa-nbm-grib2-pds.s3.amazonaws.com/blend.20260820/12/text/blend_nbstx.t12z,2026-08-20 13:42:21+00:00,102.35,"""fc50a7a5d05985e2866cfd279a072641""",29720949,200,1,2026-08-20 12:00,92.0,2.0,True,
2026-08-21,NYC,KNYC,prev18Z,0,2026-08-20 18:00:00+00:00,2026-08-22 00:00:00+00:00,200,https://noaa-nbm-grib2-pds.s3.amazonaws.com/blend.20260820/18/text/blend_nbstx.t18z,2026-08-20 18:45:18+00:00,45.3,"""7909524e7bfb760200f4d618bd5d7ae2""",29611149,200,1,2026-08-20 18:00,78.0,4.0,True,
2026-08-21,NYC,KNYC,00Z,1,2026-08-21 00:00:00+00:00,2026-08-22 00:00:00+00:00,200,https://noaa-nbm-grib2-pds.s3.amazonaws.com/blend.20260821/00/text/blend_nbstx.t00z,2026-08-21 01:18:25+00:00,78.41666666666667,"""b43643d455b71d5a1a4f854c00c01a93""",29720949,200,1,2026-08-21 00:00,78.0,4.0,True,
2026-08-21,NYC,KNYC,06Z,2,2026-08-21 06:00:00+00:00,2026-08-22 00:00:00+00:00,200,https://noaa-nbm-grib2-pds.s3.amazonaws.com/blend.20260821/06/text/blend_nbstx.t06z,2026-08-21 06:45:47+00:00,45.78333333333333,"""a53408f7f7f0fc3d434e0d2157ccd03c""",29611149,200,1,2026-08-21 06:00,78.0,4.0,True,
2026-08-21,NYC,KNYC,12Z,3,2026-08-21 12:00:00+00:00,2026-08-22 00:00:00+00:00,200,https://noaa-nbm-grib2-pds.s3.amazonaws.com/blend.20260821/12/text/blend_nbstx.t12z,2026-08-21 13:44:39+00:00,104.65,"""4792156ea2526466414fee491699b99d""",29720949,200,1,2026-08-21 12:00,77.0,4.0,True,
2026-08-21,Chicago,KMDW,prev18Z,0,2026-08-20 18:00:00+00:00,2026-08-22 00:00:00+00:00,200,https://noaa-nbm-grib2-pds.s3.amazonaws.com/blend.20260820/18/text/blend_nbstx.t18z,2026-08-20 18:45:18+00:00,45.3,"""7909524e7bfb760200f4d618bd5d7ae2""",29611149,200,1,2026-08-20 18:00,80.0,2.0,True,
2026-08-21,Chicago,KMDW,00Z,1,2026-08-21 00:00:00+00:00,2026-08-22 00:00:00+00:00,200,https://noaa-nbm-grib2-pds.s3.amazonaws.com/blend.20260821/00/text/blend_nbstx.t00z,2026-08-21 01:18:25+00:00,78.41666666666667,"""b43643d455b71d5a1a4f854c00c01a93""",29720949,200,1,2026-08-21 00:00,80.0,2.0,True,
2026-08-21,Chicago,KMDW,06Z,2,2026-08-21 06:00:00+00:00,2026-08-22 00:00:00+00:00,200,https://noaa-nbm-grib2-pds.s3.amazonaws.com/blend.20260821/06/text/blend_nbstx.t06z,2026-08-21 06:45:47+00:00,45.78333333333333,"""a53408f7f7f0fc3d434e0d2157ccd03c""",29611149,200,1,2026-08-21 06:00,81.0,2.0,True,
2026-08-21,Chicago,KMDW,12Z,3,2026-08-21 12:00:00+00:00,2026-08-22 00:00:00+00:00,200,https://noaa-nbm-grib2-pds.s3.amazonaws.com/blend.20260821/12/text/blend_nbstx.t12z,2026-08-21 13:44:39+00:00,104.65,"""4792156ea2526466414fee491699b99d""",29720949,200,1,2026-08-21 12:00,81.0,2.0,True,
2026-08-21,Denver,KDEN,prev18Z,0,2026-08-20 18:00:00+00:00,2026-08-22 00:00:00+00:00,200,https://noaa-nbm-grib2-pds.s3.amazonaws.com/blend.20260820/18/text/blend_nbstx.t18z,2026-08-20 18:45:18+00:00,45.3,"""7909524e7bfb760200f4d618bd5d7ae2""",29611149,200,1,2026-08-20 18:00,98.0,2.0,True,
2026-08-21,Denver,KDEN,00Z,1,2026-08-21 00:00:00+00:00,2026-08-22 00:00:00+00:00,200,https://noaa-nbm-grib2-pds.s3.amazonaws.com/blend.20260821/00/text/blend_nbstx.t00z,2026-08-21 01:18:25+00:00,78.41666666666667,"""b43643d455b71d5a1a4f854c00c01a93""",29720949,200,1,2026-08-21 00:00,97.0,2.0,True,
2026-08-21,Denver,KDEN,06Z,2,2026-08-21 06:00:00+00:00,2026-08-22 00:00:00+00:00,200,https://noaa-nbm-grib2-pds.s3.amazonaws.com/blend.20260821/06/text/blend_nbstx.t06z,2026-08-21 06:45:47+00:00,45.78333333333333,"""a53408f7f7f0fc3d434e0d2157ccd03c""",29611149,200,1,2026-08-21 06:00,98.0,2.0,True,
2026-08-21,Denver,KDEN,12Z,3,2026-08-21 12:00:00+00:00,2026-08-22 00:00:00+00:00,200,https://noaa-nbm-grib2-pds.s3.amazonaws.com/blend.20260821/12/text/blend_nbstx.t12z,2026-08-21 13:44:39+00:00,104.65,"""4792156ea2526466414fee491699b99d""",29720949,200,1,2026-08-21 12:00,98.0,2.0,True,
2026-08-22,NYC,KNYC,prev18Z,0,2026-08-21 18:00:00+00:00,2026-08-23 00:00:00+00:00,200,https://noaa-nbm-grib2-pds.s3.amazonaws.com/blend.20260821/18/text/blend_nbstx.t18z,2026-08-21 18:43:54+00:00,43.9,"""d7a150e3b85aa2c5a8f670feb49d7148""",29611149,200,1,2026-08-21 18:00,75.0,3.0,True,
2026-08-22,NYC,KNYC,00Z,1,2026-08-22 00:00:00+00:00,2026-08-23 00:00:00+00:00,200,https://noaa-nbm-grib2-pds.s3.amazonaws.com/blend.20260822/00/text/blend_nbstx.t00z,2026-08-22 01:19:02+00:00,79.03333333333333,"""ee417f8c1d08e626d0a96d8b89a7a980""",29720949,200,1,2026-08-22 00:00,75.0,3.0,True,
2026-08-22,NYC,KNYC,06Z,2,2026-08-22 06:00:00+00:00,2026-08-23 00:00:00+00:00,200,https://noaa-nbm-grib2-pds.s3.amazonaws.com/blend.20260822/06/text/blend_nbstx.t06z,2026-08-22 06:48:52+00:00,48.86666666666667,"""c9978b25848ccadf51f0ee274f87ff63""",29611149,200,1,2026-08-22 06:00,76.0,3.0,True,
2026-08-22,NYC,KNYC,12Z,3,2026-08-22 12:00:00+00:00,2026-08-23 00:00:00+00:00,200,https://noaa-nbm-grib2-pds.s3.amazonaws.com/blend.20260822/12/text/blend_nbstx.t12z,2026-08-22 13:40:40+00:00,100.66666666666667,"""3d036c5d9087e2b826772d1ffd1d68f9""",29720949,200,1,2026-08-22 12:00,77.0,2.0,True,
2026-08-22,Chicago,KMDW,prev18Z,0,2026-08-21 18:00:00+00:00,2026-08-23 00:00:00+00:00,200,https://noaa-nbm-grib2-pds.s3.amazonaws.com/blend.20260821/18/text/blend_nbstx.t18z,2026-08-21 18:43:54+00:00,43.9,"""d7a150e3b85aa2c5a8f670feb49d7148""",29611149,200,1,2026-08-21 18:00,80.0,1.0,True,
2026-08-22,Chicago,KMDW,00Z,1,2026-08-22 00:00:00+00:00,2026-08-23 00:00:00+00:00,200,https://noaa-nbm-grib2-pds.s3.amazonaws.com/blend.20260822/00/text/blend_nbstx.t00z,2026-08-22 01:19:02+00:00,79.03333333333333,"""ee417f8c1d08e626d0a96d8b89a7a980""",29720949,200,1,2026-08-22 00:00,81.0,1.0,True,
2026-08-22,Chicago,KMDW,06Z,2,2026-08-22 06:00:00+00:00,2026-08-23 00:00:00+00:00,200,https://noaa-nbm-grib2-pds.s3.amazonaws.com/blend.20260822/06/text/blend_nbstx.t06z,2026-08-22 06:48:52+00:00,48.86666666666667,"""c9978b25848ccadf51f0ee274f87ff63""",29611149,200,1,2026-08-22 06:00,80.0,1.0,True,
2026-08-22,Chicago,KMDW,12Z,3,2026-08-22 12:00:00+00:00,2026-08-23 00:00:00+00:00,200,https://noaa-nbm-grib2-pds.s3.amazonaws.com/blend.20260822/12/text/blend_nbstx.t12z,2026-08-22 13:40:40+00:00,100.66666666666667,"""3d036c5d9087e2b826772d1ffd1d68f9""",29720949,200,1,2026-08-22 12:00,80.0,1.0,True,
2026-08-22,Denver,KDEN,prev18Z,0,2026-08-21 18:00:00+00:00,2026-08-23 00:00:00+00:00,200,https://noaa-nbm-grib2-pds.s3.amazonaws.com/blend.20260821/18/text/blend_nbstx.t18z,2026-08-21 18:43:54+00:00,43.9,"""d7a150e3b85aa2c5a8f670feb49d7148""",29611149,200,1,2026-08-21 18:00,93.0,4.0,True,
2026-08-22,Denver,KDEN,00Z,1,2026-08-22 00:00:00+00:00,2026-08-23 00:00:00+00:00,200,https://noaa-nbm-grib2-pds.s3.amazonaws.com/blend.20260822/00/text/blend_nbstx.t00z,2026-08-22 01:19:02+00:00,79.03333333333333,"""ee417f8c1d08e626d0a96d8b89a7a980""",29720949,200,1,2026-08-22 00:00,93.0,3.0,True,
2026-08-22,Denver,KDEN,06Z,2,2026-08-22 06:00:00+00:00,2026-08-23 00:00:00+00:00,200,https://noaa-nbm-grib2-pds.s3.amazonaws.com/blend.20260822/06/text/blend_nbstx.t06z,2026-08-22 06:48:52+00:00,48.86666666666667,"""c9978b25848ccadf51f0ee274f87ff63""",29611149,200,1,2026-08-22 06:00,93.0,3.0,True,
2026-08-22,Denver,KDEN,12Z,3,2026-08-22 12:00:00+00:00,2026-08-23 00:00:00+00:00,200,https://noaa-nbm-grib2-pds.s3.amazonaws.com/blend.20260822/12/text/blend_nbstx.t12z,2026-08-22 13:40:40+00:00,100.66666666666667,"""3d036c5d9087e2b826772d1ffd1d68f9""",29720949,200,1,2026-08-22 12:00,93.0,4.0,True,
2026-08-23,NYC,KNYC,prev18Z,0,2026-08-22 18:00:00+00:00,2026-08-24 00:00:00+00:00,200,https://noaa-nbm-grib2-pds.s3.amazonaws.com/blend.20260822/18/text/blend_nbstx.t18z,2026-08-22 18:46:38+00:00,46.63333333333333,"""b02aab25c62f7ad59b8a54083d591748""",29611149,200,1,2026-08-22 18:00,81.0,2.0,True,
2026-08-23,NYC,KNYC,00Z,1,2026-08-23 00:00:00+00:00,2026-08-24 00:00:00+00:00,200,https://noaa-nbm-grib2-pds.s3.amazonaws.com/blend.20260823/00/text/blend_nbstx.t00z,2026-08-23 01:19:23+00:00,79.38333333333334,"""dc646b9dd7c912e0cbe02e1732b74ada""",29720949,200,1,2026-08-23 00:00,81.0,2.0,True,
2026-08-23,NYC,KNYC,06Z,2,2026-08-23 06:00:00+00:00,2026-08-24 00:00:00+00:00,200,https://noaa-nbm-grib2-pds.s3.amazonaws.com/blend.20260823/06/text/blend_nbstx.t06z,2026-08-23 06:44:23+00:00,44.38333333333333,"""06f578cfebb8e6bfa6e13d3872b46332""",29611149,200,1,2026-08-23 06:00,81.0,2.0,True,
2026-08-23,NYC,KNYC,12Z,3,2026-08-23 12:00:00+00:00,2026-08-24 00:00:00+00:00,200,https://noaa-nbm-grib2-pds.s3.amazonaws.com/blend.20260823/12/text/blend_nbstx.t12z,2026-08-23 13:43:16+00:00,103.26666666666667,"""5b22bb4022964330c805b8b378b8cc66""",29720949,200,1,2026-08-23 12:00,81.0,2.0,True,
2026-08-23,Chicago,KMDW,prev18Z,0,2026-08-22 18:00:00+00:00,2026-08-24 00:00:00+00:00,200,https://noaa-nbm-grib2-pds.s3.amazonaws.com/blend.20260822/18/text/blend_nbstx.t18z,2026-08-22 18:46:38+00:00,46.63333333333333,"""b02aab25c62f7ad59b8a54083d591748""",29611149,200,1,2026-08-22 18:00,77.0,1.0,True,
2026-08-23,Chicago,KMDW,00Z,1,2026-08-23 00:00:00+00:00,2026-08-24 00:00:00+00:00,200,https://noaa-nbm-grib2-pds.s3.amazonaws.com/blend.20260823/00/text/blend_nbstx.t00z,2026-08-23 01:19:23+00:00,79.38333333333334,"""dc646b9dd7c912e0cbe02e1732b74ada""",29720949,200,1,2026-08-23 00:00,77.0,1.0,True,
2026-08-23,Chicago,KMDW,06Z,2,2026-08-23 06:00:00+00:00,2026-08-24 00:00:00+00:00,200,https://noaa-nbm-grib2-pds.s3.amazonaws.com/blend.20260823/06/text/blend_nbstx.t06z,2026-08-23 06:44:23+00:00,44.38333333333333,"""06f578cfebb8e6bfa6e13d3872b46332""",29611149,200,1,2026-08-23 06:00,76.0,2.0,True,
2026-08-23,Chicago,KMDW,12Z,3,2026-08-23 12:00:00+00:00,2026-08-24 00:00:00+00:00,200,https://noaa-nbm-grib2-pds.s3.amazonaws.com/blend.20260823/12/text/blend_nbstx.t12z,2026-08-23 13:43:16+00:00,103.26666666666667,"""5b22bb4022964330c805b8b378b8cc66""",29720949,200,1,2026-08-23 12:00,77.0,1.0,True,
2026-08-23,Denver,KDEN,prev18Z,0,2026-08-22 18:00:00+00:00,2026-08-24 00:00:00+00:00,200,https://noaa-nbm-grib2-pds.s3.amazonaws.com/blend.20260822/18/text/blend_nbstx.t18z,2026-08-22 18:46:38+00:00,46.63333333333333,"""b02aab25c62f7ad59b8a54083d591748""",29611149,200,1,2026-08-22 18:00,93.0,2.0,True,
2026-08-23,Denver,KDEN,00Z,1,2026-08-23 00:00:00+00:00,2026-08-24 00:00:00+00:00,200,https://noaa-nbm-grib2-pds.s3.amazonaws.com/blend.20260823/00/text/blend_nbstx.t00z,2026-08-23 01:19:23+00:00,79.38333333333334,"""dc646b9dd7c912e0cbe02e1732b74ada""",29720949,200,1,2026-08-23 00:00,93.0,2.0,True,
2026-08-23,Denver,KDEN,06Z,2,2026-08-23 06:00:00+00:00,2026-08-24 00:00:00+00:00,200,https://noaa-nbm-grib2-pds.s3.amazonaws.com/blend.20260823/06/text/blend_nbstx.t06z,2026-08-23 06:44:23+00:00,44.38333333333333,"""06f578cfebb8e6bfa6e13d3872b46332""",29611149,200,1,2026-08-23 06:00,92.0,2.0,True,
2026-08-23,Denver,KDEN,12Z,3,2026-08-23 12:00:00+00:00,2026-08-24 00:00:00+00:00,200,https://noaa-nbm-grib2-pds.s3.amazonaws.com/blend.20260823/12/text/blend_nbstx.t12z,2026-08-23 13:43:16+00:00,103.26666666666667,"""5b22bb4022964330c805b8b378b8cc66""",29720949,200,1,2026-08-23 12:00,92.0,2.0,True,
2026-08-24,NYC,KNYC,prev18Z,0,2026-08-23 18:00:00+00:00,2026-08-25 00:00:00+00:00,200,https://noaa-nbm-grib2-pds.s3.amazonaws.com/blend.20260823/18/text/blend_nbstx.t18z,2026-08-23 18:48:58+00:00,48.96666666666667,"""ad5862bc89e36a040ec4908cdbfe6ce9""",29611149,200,1,2026-08-23 18:00,79.0,2.0,True,
2026-08-24,NYC,KNYC,00Z,1,2026-08-24 00:00:00+00:00,2026-08-25 00:00:00+00:00,200,https://noaa-nbm-grib2-pds.s3.amazonaws.com/blend.20260824/00/text/blend_nbstx.t00z,2026-08-24 01:18:27+00:00,78.45,"""c29453a812b0a201ea287003bf807a70""",29720949,200,1,2026-08-24 00:00,79.0,2.0,True,
2026-08-24,NYC,KNYC,06Z,2,2026-08-24 06:00:00+00:00,2026-08-25 00:00:00+00:00,200,https://noaa-nbm-grib2-pds.s3.amazonaws.com/blend.20260824/06/text/blend_nbstx.t06z,2026-08-24 06:47:47+00:00,47.78333333333333,"""c8ec80e52569a93b2514363e1d904391""",29611149,200,1,2026-08-24 06:00,79.0,1.0,True,
2026-08-24,NYC,KNYC,12Z,3,2026-08-24 12:00:00+00:00,2026-08-25 00:00:00+00:00,200,https://noaa-nbm-grib2-pds.s3.amazonaws.com/blend.20260824/12/text/blend_nbstx.t12z,2026-08-24 13:40:12+00:00,100.2,"""840e3ff9d5f91bbbe4e1ac7bf064af5a""",29720949,200,1,2026-08-24 12:00,80.0,2.0,True,
2026-08-24,Chicago,KMDW,prev18Z,0,2026-08-23 18:00:00+00:00,2026-08-25 00:00:00+00:00,200,https://noaa-nbm-grib2-pds.s3.amazonaws.com/blend.20260823/18/text/blend_nbstx.t18z,2026-08-23 18:48:58+00:00,48.96666666666667,"""ad5862bc89e36a040ec4908cdbfe6ce9""",29611149,200,1,2026-08-23 18:00,79.0,2.0,True,
2026-08-24,Chicago,KMDW,00Z,1,2026-08-24 00:00:00+00:00,2026-08-25 00:00:00+00:00,200,https://noaa-nbm-grib2-pds.s3.amazonaws.com/blend.20260824/00/text/blend_nbstx.t00z,2026-08-24 01:18:27+00:00,78.45,"""c29453a812b0a201ea287003bf807a70""",29720949,200,1,2026-08-24 00:00,78.0,2.0,True,
2026-08-24,Chicago,KMDW,06Z,2,2026-08-24 06:00:00+00:00,2026-08-25 00:00:00+00:00,200,https://noaa-nbm-grib2-pds.s3.amazonaws.com/blend.20260824/06/text/blend_nbstx.t06z,2026-08-24 06:47:47+00:00,47.78333333333333,"""c8ec80e52569a93b2514363e1d904391""",29611149,200,1,2026-08-24 06:00,78.0,2.0,True,
2026-08-24,Chicago,KMDW,12Z,3,2026-08-24 12:00:00+00:00,2026-08-25 00:00:00+00:00,200,https://noaa-nbm-grib2-pds.s3.amazonaws.com/blend.20260824/12/text/blend_nbstx.t12z,2026-08-24 13:40:12+00:00,100.2,"""840e3ff9d5f91bbbe4e1ac7bf064af5a""",29720949,200,1,2026-08-24 12:00,78.0,1.0,True,
2026-08-24,Denver,KDEN,prev18Z,0,2026-08-23 18:00:00+00:00,2026-08-25 00:00:00+00:00,200,https://noaa-nbm-grib2-pds.s3.amazonaws.com/blend.20260823/18/text/blend_nbstx.t18z,2026-08-23 18:48:58+00:00,48.96666666666667,"""ad5862bc89e36a040ec4908cdbfe6ce9""",29611149,200,1,2026-08-23 18:00,91.0,2.0,True,
2026-08-24,Denver,KDEN,00Z,1,2026-08-24 00:00:00+00:00,2026-08-25 00:00:00+00:00,200,https://noaa-nbm-grib2-pds.s3.amazonaws.com/blend.20260824/00/text/blend_nbstx.t00z,2026-08-24 01:18:27+00:00,78.45,"""c29453a812b0a201ea287003bf807a70""",29720949,200,1,2026-08-24 00:00,91.0,2.0,True,
2026-08-24,Denver,KDEN,06Z,2,2026-08-24 06:00:00+00:00,2026-08-25 00:00:00+00:00,200,https://noaa-nbm-grib2-pds.s3.amazonaws.com/blend.20260824/06/text/blend_nbstx.t06z,2026-08-24 06:47:47+00:00,47.78333333333333,"""c8ec80e52569a93b2514363e1d904391""",29611149,200,1,2026-08-24 06:00,91.0,1.0,True,
2026-08-24,Denver,KDEN,12Z,3,2026-08-24 12:00:00+00:00,2026-08-25 00:00:00+00:00,200,https://noaa-nbm-grib2-pds.s3.amazonaws.com/blend.20260824/12/text/blend_nbstx.t12z,2026-08-24 13:40:12+00:00,100.2,"""840e3ff9d5f91bbbe4e1ac7bf064af5a""",29720949,200,1,2026-08-24 12:00,91.0,2.0,True,
2026-08-25,NYC,KNYC,prev18Z,0,2026-08-24 18:00:00+00:00,2026-08-26 00:00:00+00:00,200,https://noaa-nbm-grib2-pds.s3.amazonaws.com/blend.20260824/18/text/blend_nbstx.t18z,2026-08-24 18:45:34+00:00,45.56666666666667,"""b83f5b55ae67daab7fa786fa0f71ba6c""",29611149,200,1,2026-08-24 18:00,80.0,2.0,True,
2026-08-25,NYC,KNYC,00Z,1,2026-08-25 00:00:00+00:00,2026-08-26 00:00:00+00:00,200,https://noaa-nbm-grib2-pds.s3.amazonaws.com/blend.20260825/00/text/blend_nbstx.t00z,2026-08-25 01:18:39+00:00,78.65,"""4329b17f77da795fbb842ea5295670b6""",29720949,200,1,2026-08-25 00:00,80.0,2.0,True,
2026-08-25,NYC,KNYC,06Z,2,2026-08-25 06:00:00+00:00,2026-08-26 00:00:00+00:00,200,https://noaa-nbm-grib2-pds.s3.amazonaws.com/blend.20260825/06/text/blend_nbstx.t06z,2026-08-25 06:46:26+00:00,46.43333333333333,"""34e81691250b798863ca7e1765967083""",29611149,200,1,2026-08-25 06:00,79.0,2.0,True,
2026-08-25,NYC,KNYC,12Z,3,2026-08-25 12:00:00+00:00,2026-08-26 00:00:00+00:00,200,https://noaa-nbm-grib2-pds.s3.amazonaws.com/blend.20260825/12/text/blend_nbstx.t12z,2026-08-25 13:39:21+00:00,99.35,"""9e093bd290bc07498dabda237f2524c9""",29720949,200,1,2026-08-25 12:00,79.0,2.0,True,
2026-08-25,Chicago,KMDW,prev18Z,0,2026-08-24 18:00:00+00:00,2026-08-26 00:00:00+00:00,200,https://noaa-nbm-grib2-pds.s3.amazonaws.com/blend.20260824/18/text/blend_nbstx.t18z,2026-08-24 18:45:34+00:00,45.56666666666667,"""b83f5b55ae67daab7fa786fa0f71ba6c""",29611149,200,1,2026-08-24 18:00,80.0,2.0,True,
2026-08-25,Chicago,KMDW,00Z,1,2026-08-25 00:00:00+00:00,2026-08-26 00:00:00+00:00,200,https://noaa-nbm-grib2-pds.s3.amazonaws.com/blend.20260825/00/text/blend_nbstx.t00z,2026-08-25 01:18:39+00:00,78.65,"""4329b17f77da795fbb842ea5295670b6""",29720949,200,1,2026-08-25 00:00,81.0,1.0,True,
2026-08-25,Chicago,KMDW,06Z,2,2026-08-25 06:00:00+00:00,2026-08-26 00:00:00+00:00,200,https://noaa-nbm-grib2-pds.s3.amazonaws.com/blend.20260825/06/text/blend_nbstx.t06z,2026-08-25 06:46:26+00:00,46.43333333333333,"""34e81691250b798863ca7e1765967083""",29611149,200,1,2026-08-25 06:00,80.0,2.0,True,
2026-08-25,Chicago,KMDW,12Z,3,2026-08-25 12:00:00+00:00,2026-08-26 00:00:00+00:00,200,https://noaa-nbm-grib2-pds.s3.amazonaws.com/blend.20260825/12/text/blend_nbstx.t12z,2026-08-25 13:39:21+00:00,99.35,"""9e093bd290bc07498dabda237f2524c9""",29720949,200,1,2026-08-25 12:00,81.0,1.0,True,
2026-08-25,Denver,KDEN,prev18Z,0,2026-08-24 18:00:00+00:00,2026-08-26 00:00:00+00:00,200,https://noaa-nbm-grib2-pds.s3.amazonaws.com/blend.20260824/18/text/blend_nbstx.t18z,2026-08-24 18:45:34+00:00,45.56666666666667,"""b83f5b55ae67daab7fa786fa0f71ba6c""",29611149,200,1,2026-08-24 18:00,88.0,3.0,True,
2026-08-25,Denver,KDEN,00Z,1,2026-08-25 00:00:00+00:00,2026-08-26 00:00:00+00:00,200,https://noaa-nbm-grib2-pds.s3.amazonaws.com/blend.20260825/00/text/blend_nbstx.t00z,2026-08-25 01:18:39+00:00,78.65,"""4329b17f77da795fbb842ea5295670b6""",29720949,200,1,2026-08-25 00:00,89.0,3.0,True,
2026-08-25,Denver,KDEN,06Z,2,2026-08-25 06:00:00+00:00,2026-08-26 00:00:00+00:00,200,https://noaa-nbm-grib2-pds.s3.amazonaws.com/blend.20260825/06/text/blend_nbstx.t06z,2026-08-25 06:46:26+00:00,46.43333333333333,"""34e81691250b798863ca7e1765967083""",29611149,200,1,2026-08-25 06:00,90.0,3.0,True,
2026-08-25,Denver,KDEN,12Z,3,2026-08-25 12:00:00+00:00,2026-08-26 00:00:00+00:00,200,https://noaa-nbm-grib2-pds.s3.amazonaws.com/blend.20260825/12/text/blend_nbstx.t12z,2026-08-25 13:39:21+00:00,99.35,"""9e093bd290bc07498dabda237f2524c9""",29720949,200,1,2026-08-25 12:00,89.0,3.0,True,
2026-08-26,NYC,KNYC,prev18Z,0,2026-08-25 18:00:00+00:00,2026-08-27 00:00:00+00:00,200,https://noaa-nbm-grib2-pds.s3.amazonaws.com/blend.20260825/18/text/blend_nbstx.t18z,2026-08-25 18:46:28+00:00,46.46666666666667,"""7d68f1eb7d65e0456230fef8e9e1f5d2""",29611149,200,1,2026-08-25 18:00,83.0,1.0,True,
2026-08-26,NYC,KNYC,00Z,1,2026-08-26 00:00:00+00:00,2026-08-27 00:00:00+00:00,200,https://noaa-nbm-grib2-pds.s3.amazonaws.com/blend.20260826/00/text/blend_nbstx.t00z,2026-08-26 01:19:25+00:00,79.41666666666667,"""d8e8aef49f5ca7d49754860ea9f8c5d7""",29720949,200,1,2026-08-26 00:00,83.0,1.0,True,
2026-08-26,NYC,KNYC,06Z,2,2026-08-26 06:00:00+00:00,2026-08-27 00:00:00+00:00,200,https://noaa-nbm-grib2-pds.s3.amazonaws.com/blend.20260826/06/text/blend_nbstx.t06z,2026-08-26 06:46:01+00:00,46.016666666666666,"""9a8e9c18b9b14b50e5e15d91c863b148""",29611149,200,1,2026-08-26 06:00,82.0,2.0,True,
2026-08-26,NYC,KNYC,12Z,3,2026-08-26 12:00:00+00:00,2026-08-27 00:00:00+00:00,200,https://noaa-nbm-grib2-pds.s3.amazonaws.com/blend.20260826/12/text/blend_nbstx.t12z,2026-08-26 13:42:15+00:00,102.25,"""238965def3e65f927bf081a68c2d70dd""",29720949,200,1,2026-08-26 12:00,82.0,2.0,True,
2026-08-26,Chicago,KMDW,prev18Z,0,2026-08-25 18:00:00+00:00,2026-08-27 00:00:00+00:00,200,https://noaa-nbm-grib2-pds.s3.amazonaws.com/blend.20260825/18/text/blend_nbstx.t18z,2026-08-25 18:46:28+00:00,46.46666666666667,"""7d68f1eb7d65e0456230fef8e9e1f5d2""",29611149,200,1,2026-08-25 18:00,84.0,2.0,True,
2026-08-26,Chicago,KMDW,00Z,1,2026-08-26 00:00:00+00:00,2026-08-27 00:00:00+00:00,200,https://noaa-nbm-grib2-pds.s3.amazonaws.com/blend.20260826/00/text/blend_nbstx.t00z,2026-08-26 01:19:25+00:00,79.41666666666667,"""d8e8aef49f5ca7d49754860ea9f8c5d7""",29720949,200,1,2026-08-26 00:00,84.0,2.0,True,
2026-08-26,Chicago,KMDW,06Z,2,2026-08-26 06:00:00+00:00,2026-08-27 00:00:00+00:00,200,https://noaa-nbm-grib2-pds.s3.amazonaws.com/blend.20260826/06/text/blend_nbstx.t06z,2026-08-26 06:46:01+00:00,46.016666666666666,"""9a8e9c18b9b14b50e5e15d91c863b148""",29611149,200,1,2026-08-26 06:00,84.0,2.0,True,
2026-08-26,Chicago,KMDW,12Z,3,2026-08-26 12:00:00+00:00,2026-08-27 00:00:00+00:00,200,https://noaa-nbm-grib2-pds.s3.amazonaws.com/blend.20260826/12/text/blend_nbstx.t12z,2026-08-26 13:42:15+00:00,102.25,"""238965def3e65f927bf081a68c2d70dd""",29720949,200,1,2026-08-26 12:00,84.0,1.0,True,
2026-08-26,Denver,KDEN,prev18Z,0,2026-08-25 18:00:00+00:00,2026-08-27 00:00:00+00:00,200,https://noaa-nbm-grib2-pds.s3.amazonaws.com/blend.20260825/18/text/blend_nbstx.t18z,2026-08-25 18:46:28+00:00,46.46666666666667,"""7d68f1eb7d65e0456230fef8e9e1f5d2""",29611149,200,1,2026-08-25 18:00,87.0,2.0,True,
2026-08-26,Denver,KDEN,00Z,1,2026-08-26 00:00:00+00:00,2026-08-27 00:00:00+00:00,200,https://noaa-nbm-grib2-pds.s3.amazonaws.com/blend.20260826/00/text/blend_nbstx.t00z,2026-08-26 01:19:25+00:00,79.41666666666667,"""d8e8aef49f5ca7d49754860ea9f8c5d7""",29720949,200,1,2026-08-26 00:00,88.0,2.0,True,
2026-08-26,Denver,KDEN,06Z,2,2026-08-26 06:00:00+00:00,2026-08-27 00:00:00+00:00,200,https://noaa-nbm-grib2-pds.s3.amazonaws.com/blend.20260826/06/text/blend_nbstx.t06z,2026-08-26 06:46:01+00:00,46.016666666666666,"""9a8e9c18b9b14b50e5e15d91c863b148""",29611149,200,1,2026-08-26 06:00,87.0,2.0,True,
2026-08-26,Denver,KDEN,12Z,3,2026-08-26 12:00:00+00:00,2026-08-27 00:00:00+00:00,200,https://noaa-nbm-grib2-pds.s3.amazonaws.com/blend.20260826/12/text/blend_nbstx.t12z,2026-08-26 13:42:15+00:00,102.25,"""238965def3e65f927bf081a68c2d70dd""",29720949,200,1,2026-08-26 12:00,87.0,2.0,True,
2026-08-27,NYC,KNYC,prev18Z,0,2026-08-26 18:00:00+00:00,2026-08-28 00:00:00+00:00,200,https://noaa-nbm-grib2-pds.s3.amazonaws.com/blend.20260826/18/text/blend_nbstx.t18z,2026-08-26 18:56:10+00:00,56.166666666666664,"""19578b86ea9595317570d66d64317da3""",29611149,200,1,2026-08-26 18:00,81.0,2.0,True,
2026-08-27,NYC,KNYC,00Z,1,2026-08-27 00:00:00+00:00,2026-08-28 00:00:00+00:00,200,https://noaa-nbm-grib2-pds.s3.amazonaws.com/blend.20260827/00/text/blend_nbstx.t00z,2026-08-27 01:14:23+00:00,74.38333333333334,"""43fba14c5d5c812ef4974ca8b0f38bf0""",29720949,200,1,2026-08-27 00:00,81.0,2.0,True,
2026-08-27,NYC,KNYC,06Z,2,2026-08-27 06:00:00+00:00,2026-08-28 00:00:00+00:00,200,https://noaa-nbm-grib2-pds.s3.amazonaws.com/blend.20260827/06/text/blend_nbstx.t06z,2026-08-27 06:47:41+00:00,47.68333333333333,"""d6cf9a60184e554d82b4aa8f4d927c52""",29611149,200,1,2026-08-27 06:00,81.0,2.0,True,
2026-08-27,NYC,KNYC,12Z,3,2026-08-27 12:00:00+00:00,2026-08-28 00:00:00+00:00,200,https://noaa-nbm-grib2-pds.s3.amazonaws.com/blend.20260827/12/text/blend_nbstx.t12z,2026-08-27 13:42:10+00:00,102.16666666666667,"""cd51372b7b42721fee21be498a0ae739""",29720949,200,1,2026-08-27 12:00,81.0,1.0,True,
2026-08-27,Chicago,KMDW,prev18Z,0,2026-08-26 18:00:00+00:00,2026-08-28 00:00:00+00:00,200,https://noaa-nbm-grib2-pds.s3.amazonaws.com/blend.20260826/18/text/blend_nbstx.t18z,2026-08-26 18:56:10+00:00,56.166666666666664,"""19578b86ea9595317570d66d64317da3""",29611149,200,1,2026-08-26 18:00,81.0,2.0,True,
2026-08-27,Chicago,KMDW,00Z,1,2026-08-27 00:00:00+00:00,2026-08-28 00:00:00+00:00,200,https://noaa-nbm-grib2-pds.s3.amazonaws.com/blend.20260827/00/text/blend_nbstx.t00z,2026-08-27 01:14:23+00:00,74.38333333333334,"""43fba14c5d5c812ef4974ca8b0f38bf0""",29720949,200,1,2026-08-27 00:00,81.0,1.0,True,
2026-08-27,Chicago,KMDW,06Z,2,2026-08-27 06:00:00+00:00,2026-08-28 00:00:00+00:00,200,https://noaa-nbm-grib2-pds.s3.amazonaws.com/blend.20260827/06/text/blend_nbstx.t06z,2026-08-27 06:47:41+00:00,47.68333333333333,"""d6cf9a60184e554d82b4aa8f4d927c52""",29611149,200,1,2026-08-27 06:00,81.0,1.0,True,
2026-08-27,Chicago,KMDW,12Z,3,2026-08-27 12:00:00+00:00,2026-08-28 00:00:00+00:00,200,https://noaa-nbm-grib2-pds.s3.amazonaws.com/blend.20260827/12/text/blend_nbstx.t12z,2026-08-27 13:42:10+00:00,102.16666666666667,"""cd51372b7b42721fee21be498a0ae739""",29720949,200,1,2026-08-27 12:00,81.0,1.0,True,
2026-08-27,Denver,KDEN,prev18Z,0,2026-08-26 18:00:00+00:00,2026-08-28 00:00:00+00:00,200,https://noaa-nbm-grib2-pds.s3.amazonaws.com/blend.20260826/18/text/blend_nbstx.t18z,2026-08-26 18:56:10+00:00,56.166666666666664,"""19578b86ea9595317570d66d64317da3""",29611149,200,1,2026-08-26 18:00,90.0,3.0,True,
2026-08-27,Denver,KDEN,00Z,1,2026-08-27 00:00:00+00:00,2026-08-28 00:00:00+00:00,200,https://noaa-nbm-grib2-pds.s3.amazonaws.com/blend.20260827/00/text/blend_nbstx.t00z,2026-08-27 01:14:23+00:00,74.38333333333334,"""43fba14c5d5c812ef4974ca8b0f38bf0""",29720949,200,1,2026-08-27 00:00,90.0,3.0,True,
2026-08-27,Denver,KDEN,06Z,2,2026-08-27 06:00:00+00:00,2026-08-28 00:00:00+00:00,200,https://noaa-nbm-grib2-pds.s3.amazonaws.com/blend.20260827/06/text/blend_nbstx.t06z,2026-08-27 06:47:41+00:00,47.68333333333333,"""d6cf9a60184e554d82b4aa8f4d927c52""",29611149,200,1,2026-08-27 06:00,89.0,2.0,True,
2026-08-27,Denver,KDEN,12Z,3,2026-08-27 12:00:00+00:00,2026-08-28 00:00:00+00:00,200,https://noaa-nbm-grib2-pds.s3.amazonaws.com/blend.20260827/12/text/blend_nbstx.t12z,2026-08-27 13:42:10+00:00,102.16666666666667,"""cd51372b7b42721fee21be498a0ae739""",29720949,200,1,2026-08-27 12:00,90.0,2.0,True,
2026-08-28,NYC,KNYC,prev18Z,0,2026-08-27 18:00:00+00:00,2026-08-29 00:00:00+00:00,200,https://noaa-nbm-grib2-pds.s3.amazonaws.com/blend.20260827/18/text/blend_nbstx.t18z,2026-08-27 19:01:54+00:00,61.9,"""14af2f0b88c60d900693feaaac77daae""",29611149,200,1,2026-08-27 18:00,82.0,2.0,True,
2026-08-28,NYC,KNYC,00Z,1,2026-08-28 00:00:00+00:00,2026-08-29 00:00:00+00:00,200,https://noaa-nbm-grib2-pds.s3.amazonaws.com/blend.20260828/00/text/blend_nbstx.t00z,2026-08-28 01:16:40+00:00,76.66666666666667,"""dbb1f4262286720d804a1cb25c316d62""",29720949,200,1,2026-08-28 00:00,82.0,2.0,True,
2026-08-28,NYC,KNYC,06Z,2,2026-08-28 06:00:00+00:00,2026-08-29 00:00:00+00:00,200,https://noaa-nbm-grib2-pds.s3.amazonaws.com/blend.20260828/06/text/blend_nbstx.t06z,2026-08-28 06:50:01+00:00,50.016666666666666,"""a4d674259887e1b1ee40ebf5802e42f3""",29611149,200,1,2026-08-28 06:00,82.0,2.0,True,
2026-08-28,NYC,KNYC,12Z,3,2026-08-28 12:00:00+00:00,2026-08-29 00:00:00+00:00,200,https://noaa-nbm-grib2-pds.s3.amazonaws.com/blend.20260828/12/text/blend_nbstx.t12z,2026-08-28 13:26:20+00:00,86.33333333333333,"""1d5012180bda1e7164aa5fd39d11d228""",29720949,200,1,2026-08-28 12:00,82.0,2.0,True,
2026-08-28,Chicago,KMDW,prev18Z,0,2026-08-27 18:00:00+00:00,2026-08-29 00:00:00+00:00,200,https://noaa-nbm-grib2-pds.s3.amazonaws.com/blend.20260827/18/text/blend_nbstx.t18z,2026-08-27 19:01:54+00:00,61.9,"""14af2f0b88c60d900693feaaac77daae""",29611149,200,1,2026-08-27 18:00,82.0,2.0,True,
2026-08-28,Chicago,KMDW,00Z,1,2026-08-28 00:00:00+00:00,2026-08-29 00:00:00+00:00,200,https://noaa-nbm-grib2-pds.s3.amazonaws.com/blend.20260828/00/text/blend_nbstx.t00z,2026-08-28 01:16:40+00:00,76.66666666666667,"""dbb1f4262286720d804a1cb25c316d62""",29720949,200,1,2026-08-28 00:00,82.0,2.0,True,
2026-08-28,Chicago,KMDW,06Z,2,2026-08-28 06:00:00+00:00,2026-08-29 00:00:00+00:00,200,https://noaa-nbm-grib2-pds.s3.amazonaws.com/blend.20260828/06/text/blend_nbstx.t06z,2026-08-28 06:50:01+00:00,50.016666666666666,"""a4d674259887e1b1ee40ebf5802e42f3""",29611149,200,1,2026-08-28 06:00,82.0,2.0,True,
2026-08-28,Chicago,KMDW,12Z,3,2026-08-28 12:00:00+00:00,2026-08-29 00:00:00+00:00,200,https://noaa-nbm-grib2-pds.s3.amazonaws.com/blend.20260828/12/text/blend_nbstx.t12z,2026-08-28 13:26:20+00:00,86.33333333333333,"""1d5012180bda1e7164aa5fd39d11d228""",29720949,200,1,2026-08-28 12:00,82.0,2.0,True,
2026-08-28,Denver,KDEN,prev18Z,0,2026-08-27 18:00:00+00:00,2026-08-29 00:00:00+00:00,200,https://noaa-nbm-grib2-pds.s3.amazonaws.com/blend.20260827/18/text/blend_nbstx.t18z,2026-08-27 19:01:54+00:00,61.9,"""14af2f0b88c60d900693feaaac77daae""",29611149,200,1,2026-08-27 18:00,95.0,2.0,True,
2026-08-28,Denver,KDEN,00Z,1,2026-08-28 00:00:00+00:00,2026-08-29 00:00:00+00:00,200,https://noaa-nbm-grib2-pds.s3.amazonaws.com/blend.20260828/00/text/blend_nbstx.t00z,2026-08-28 01:16:40+00:00,76.66666666666667,"""dbb1f4262286720d804a1cb25c316d62""",29720949,200,1,2026-08-28 00:00,95.0,2.0,True,
2026-08-28,Denver,KDEN,06Z,2,2026-08-28 06:00:00+00:00,2026-08-29 00:00:00+00:00,200,https://noaa-nbm-grib2-pds.s3.amazonaws.com/blend.20260828/06/text/blend_nbstx.t06z,2026-08-28 06:50:01+00:00,50.016666666666666,"""a4d674259887e1b1ee40ebf5802e42f3""",29611149,200,1,2026-08-28 06:00,95.0,2.0,True,
2026-08-28,Denver,KDEN,12Z,3,2026-08-28 12:00:00+00:00,2026-08-29 00:00:00+00:00,200,https://noaa-nbm-grib2-pds.s3.amazonaws.com/blend.20260828/12/text/blend_nbstx.t12z,2026-08-28 13:26:20+00:00,86.33333333333333,"""1d5012180bda1e7164aa5fd39d11d228""",29720949,200,1,2026-08-28 12:00,95.0,2.0,True,
2026-08-29,NYC,KNYC,prev18Z,0,2026-08-28 18:00:00+00:00,2026-08-30 00:00:00+00:00,200,https://noaa-nbm-grib2-pds.s3.amazonaws.com/blend.20260828/18/text/blend_nbstx.t18z,2026-08-28 18:48:53+00:00,48.88333333333333,"""8e7a20e532ad08acb0218a02dd04c6e8""",29611149,200,1,2026-08-28 18:00,80.0,1.0,True,
2026-08-29,NYC,KNYC,00Z,1,2026-08-29 00:00:00+00:00,2026-08-30 00:00:00+00:00,200,https://noaa-nbm-grib2-pds.s3.amazonaws.com/blend.20260829/00/text/blend_nbstx.t00z,2026-08-29 01:18:56+00:00,78.93333333333334,"""7cf43905405f673999a437acf62f5546""",29720949,200,1,2026-08-29 00:00,80.0,2.0,True,
2026-08-29,NYC,KNYC,06Z,2,2026-08-29 06:00:00+00:00,2026-08-30 00:00:00+00:00,200,https://noaa-nbm-grib2-pds.s3.amazonaws.com/blend.20260829/06/text/blend_nbstx.t06z,2026-08-29 06:45:27+00:00,45.45,"""f7a527a0de8b254926cc3e2676cd17ca""",29611149,200,1,2026-08-29 06:00,80.0,2.0,True,
2026-08-29,NYC,KNYC,12Z,3,2026-08-29 12:00:00+00:00,2026-08-30 00:00:00+00:00,200,https://noaa-nbm-grib2-pds.s3.amazonaws.com/blend.20260829/12/text/blend_nbstx.t12z,2026-08-29 13:39:00+00:00,99.0,"""7257853da4ad3187952ee8ade978f6b4""",29720949,200,1,2026-08-29 12:00,80.0,2.0,True,
2026-08-29,Chicago,KMDW,prev18Z,0,2026-08-28 18:00:00+00:00,2026-08-30 00:00:00+00:00,200,https://noaa-nbm-grib2-pds.s3.amazonaws.com/blend.20260828/18/text/blend_nbstx.t18z,2026-08-28 18:48:53+00:00,48.88333333333333,"""8e7a20e532ad08acb0218a02dd04c6e8""",29611149,200,1,2026-08-28 18:00,81.0,2.0,True,
2026-08-29,Chicago,KMDW,00Z,1,2026-08-29 00:00:00+00:00,2026-08-30 00:00:00+00:00,200,https://noaa-nbm-grib2-pds.s3.amazonaws.com/blend.20260829/00/text/blend_nbstx.t00z,2026-08-29 01:18:56+00:00,78.93333333333334,"""7cf43905405f673999a437acf62f5546""",29720949,200,1,2026-08-29 00:00,82.0,2.0,True,
2026-08-29,Chicago,KMDW,06Z,2,2026-08-29 06:00:00+00:00,2026-08-30 00:00:00+00:00,200,https://noaa-nbm-grib2-pds.s3.amazonaws.com/blend.20260829/06/text/blend_nbstx.t06z,2026-08-29 06:45:27+00:00,45.45,"""f7a527a0de8b254926cc3e2676cd17ca""",29611149,200,1,2026-08-29 06:00,82.0,2.0,True,
2026-08-29,Chicago,KMDW,12Z,3,2026-08-29 12:00:00+00:00,2026-08-30 00:00:00+00:00,200,https://noaa-nbm-grib2-pds.s3.amazonaws.com/blend.20260829/12/text/blend_nbstx.t12z,2026-08-29 13:39:00+00:00,99.0,"""7257853da4ad3187952ee8ade978f6b4""",29720949,200,1,2026-08-29 12:00,82.0,2.0,True,
2026-08-29,Denver,KDEN,prev18Z,0,2026-08-28 18:00:00+00:00,2026-08-30 00:00:00+00:00,200,https://noaa-nbm-grib2-pds.s3.amazonaws.com/blend.20260828/18/text/blend_nbstx.t18z,2026-08-28 18:48:53+00:00,48.88333333333333,"""8e7a20e532ad08acb0218a02dd04c6e8""",29611149,200,1,2026-08-28 18:00,94.0,2.0,True,
2026-08-29,Denver,KDEN,00Z,1,2026-08-29 00:00:00+00:00,2026-08-30 00:00:00+00:00,200,https://noaa-nbm-grib2-pds.s3.amazonaws.com/blend.20260829/00/text/blend_nbstx.t00z,2026-08-29 01:18:56+00:00,78.93333333333334,"""7cf43905405f673999a437acf62f5546""",29720949,200,1,2026-08-29 00:00,94.0,2.0,True,
2026-08-29,Denver,KDEN,06Z,2,2026-08-29 06:00:00+00:00,2026-08-30 00:00:00+00:00,200,https://noaa-nbm-grib2-pds.s3.amazonaws.com/blend.20260829/06/text/blend_nbstx.t06z,2026-08-29 06:45:27+00:00,45.45,"""f7a527a0de8b254926cc3e2676cd17ca""",29611149,200,1,2026-08-29 06:00,93.0,2.0,True,
2026-08-29,Denver,KDEN,12Z,3,2026-08-29 12:00:00+00:00,2026-08-30 00:00:00+00:00,200,https://noaa-nbm-grib2-pds.s3.amazonaws.com/blend.20260829/12/text/blend_nbstx.t12z,2026-08-29 13:39:00+00:00,99.0,"""7257853da4ad3187952ee8ade978f6b4""",29720949,200,1,2026-08-29 12:00,93.0,2.0,True,
2026-08-30,NYC,KNYC,prev18Z,0,2026-08-29 18:00:00+00:00,2026-08-31 00:00:00+00:00,200,https://noaa-nbm-grib2-pds.s3.amazonaws.com/blend.20260829/18/text/blend_nbstx.t18z,2026-08-29 18:56:06+00:00,56.1,"""010f4fd47f813e861623c3cce1b014c5""",29611149,200,1,2026-08-29 18:00,84.0,2.0,True,
2026-08-30,NYC,KNYC,00Z,1,2026-08-30 00:00:00+00:00,2026-08-31 00:00:00+00:00,200,https://noaa-nbm-grib2-pds.s3.amazonaws.com/blend.20260830/00/text/blend_nbstx.t00z,2026-08-30 01:17:34+00:00,77.56666666666666,"""eb1fdf181cca4f71c2a98beb279c0447""",29720949,200,1,2026-08-30 00:00,83.0,2.0,True,
2026-08-30,NYC,KNYC,06Z,2,2026-08-30 06:00:00+00:00,2026-08-31 00:00:00+00:00,200,https://noaa-nbm-grib2-pds.s3.amazonaws.com/blend.20260830/06/text/blend_nbstx.t06z,2026-08-30 06:45:23+00:00,45.38333333333333,"""ccf5b33c7cd9e05a74aaf0ea8005d870""",29611149,200,1,2026-08-30 06:00,82.0,2.0,True,
2026-08-30,NYC,KNYC,12Z,3,2026-08-30 12:00:00+00:00,2026-08-31 00:00:00+00:00,200,https://noaa-nbm-grib2-pds.s3.amazonaws.com/blend.20260830/12/text/blend_nbstx.t12z,2026-08-30 13:42:41+00:00,102.68333333333334,"""30d2ff2a9a11e40ad8e915c3dc50347d""",29720949,200,1,2026-08-30 12:00,82.0,2.0,True,
2026-08-30,Chicago,KMDW,prev18Z,0,2026-08-29 18:00:00+00:00,2026-08-31 00:00:00+00:00,200,https://noaa-nbm-grib2-pds.s3.amazonaws.com/blend.20260829/18/text/blend_nbstx.t18z,2026-08-29 18:56:06+00:00,56.1,"""010f4fd47f813e861623c3cce1b014c5""",29611149,200,1,2026-08-29 18:00,87.0,3.0,True,
2026-08-30,Chicago,KMDW,00Z,1,2026-08-30 00:00:00+00:00,2026-08-31 00:00:00+00:00,200,https://noaa-nbm-grib2-pds.s3.amazonaws.com/blend.20260830/00/text/blend_nbstx.t00z,2026-08-30 01:17:34+00:00,77.56666666666666,"""eb1fdf181cca4f71c2a98beb279c0447""",29720949,200,1,2026-08-30 00:00,87.0,3.0,True,
2026-08-30,Chicago,KMDW,06Z,2,2026-08-30 06:00:00+00:00,2026-08-31 00:00:00+00:00,200,https://noaa-nbm-grib2-pds.s3.amazonaws.com/blend.20260830/06/text/blend_nbstx.t06z,2026-08-30 06:45:23+00:00,45.38333333333333,"""ccf5b33c7cd9e05a74aaf0ea8005d870""",29611149,200,1,2026-08-30 06:00,85.0,3.0,True,
2026-08-30,Chicago,KMDW,12Z,3,2026-08-30 12:00:00+00:00,2026-08-31 00:00:00+00:00,200,https://noaa-nbm-grib2-pds.s3.amazonaws.com/blend.20260830/12/text/blend_nbstx.t12z,2026-08-30 13:42:41+00:00,102.68333333333334,"""30d2ff2a9a11e40ad8e915c3dc50347d""",29720949,200,1,2026-08-30 12:00,84.0,2.0,True,
2026-08-30,Denver,KDEN,prev18Z,0,2026-08-29 18:00:00+00:00,2026-08-31 00:00:00+00:00,200,https://noaa-nbm-grib2-pds.s3.amazonaws.com/blend.20260829/18/text/blend_nbstx.t18z,2026-08-29 18:56:06+00:00,56.1,"""010f4fd47f813e861623c3cce1b014c5""",29611149,200,1,2026-08-29 18:00,89.0,3.0,True,
2026-08-30,Denver,KDEN,00Z,1,2026-08-30 00:00:00+00:00,2026-08-31 00:00:00+00:00,200,https://noaa-nbm-grib2-pds.s3.amazonaws.com/blend.20260830/00/text/blend_nbstx.t00z,2026-08-30 01:17:34+00:00,77.56666666666666,"""eb1fdf181cca4f71c2a98beb279c0447""",29720949,200,1,2026-08-30 00:00,89.0,3.0,True,
2026-08-30,Denver,KDEN,06Z,2,2026-08-30 06:00:00+00:00,2026-08-31 00:00:00+00:00,200,https://noaa-nbm-grib2-pds.s3.amazonaws.com/blend.20260830/06/text/blend_nbstx.t06z,2026-08-30 06:45:23+00:00,45.38333333333333,"""ccf5b33c7cd9e05a74aaf0ea8005d870""",29611149,200,1,2026-08-30 06:00,88.0,2.0,True,
2026-08-30,Denver,KDEN,12Z,3,2026-08-30 12:00:00+00:00,2026-08-31 00:00:00+00:00,200,https://noaa-nbm-grib2-pds.s3.amazonaws.com/blend.20260830/12/text/blend_nbstx.t12z,2026-08-30 13:42:41+00:00,102.68333333333334,"""30d2ff2a9a11e40ad8e915c3dc50347d""",29720949,200,1,2026-08-30 12:00,89.0,2.0,True,
2026-08-31,NYC,KNYC,prev18Z,0,2026-08-30 18:00:00+00:00,2026-09-01 00:00:00+00:00,200,https://noaa-nbm-grib2-pds.s3.amazonaws.com/blend.20260830/18/text/blend_nbstx.t18z,2026-08-30 18:56:31+00:00,56.516666666666666,"""5944fa229828d4a73c75379c50005157""",29611149,200,1,2026-08-30 18:00,81.0,2.0,True,
2026-08-31,NYC,KNYC,00Z,1,2026-08-31 00:00:00+00:00,2026-09-01 00:00:00+00:00,200,https://noaa-nbm-grib2-pds.s3.amazonaws.com/blend.20260831/00/text/blend_nbstx.t00z,2026-08-31 01:19:00+00:00,79.0,"""3d1fcc0d8ea4b22d8667949e12102612""",29720949,200,1,2026-08-31 00:00,81.0,2.0,True,
2026-08-31,NYC,KNYC,06Z,2,2026-08-31 06:00:00+00:00,2026-09-01 00:00:00+00:00,200,https://noaa-nbm-grib2-pds.s3.amazonaws.com/blend.20260831/06/text/blend_nbstx.t06z,2026-08-31 06:49:06+00:00,49.1,"""45057af587cec54d22fcef87d1134ed0""",29611149,200,1,2026-08-31 06:00,79.0,3.0,True,
2026-08-31,NYC,KNYC,12Z,3,2026-08-31 12:00:00+00:00,2026-09-01 00:00:00+00:00,200,https://noaa-nbm-grib2-pds.s3.amazonaws.com/blend.20260831/12/text/blend_nbstx.t12z,2026-08-31 14:08:38+00:00,128.63333333333333,"""a66ad204067dd83043b769019fb4aff5""",29720949,200,1,2026-08-31 12:00,78.0,4.0,True,
2026-08-31,Chicago,KMDW,prev18Z,0,2026-08-30 18:00:00+00:00,2026-09-01 00:00:00+00:00,200,https://noaa-nbm-grib2-pds.s3.amazonaws.com/blend.20260830/18/text/blend_nbstx.t18z,2026-08-30 18:56:31+00:00,56.516666666666666,"""5944fa229828d4a73c75379c50005157""",29611149,200,1,2026-08-30 18:00,88.0,2.0,True,
2026-08-31,Chicago,KMDW,00Z,1,2026-08-31 00:00:00+00:00,2026-09-01 00:00:00+00:00,200,https://noaa-nbm-grib2-pds.s3.amazonaws.com/blend.20260831/00/text/blend_nbstx.t00z,2026-08-31 01:19:00+00:00,79.0,"""3d1fcc0d8ea4b22d8667949e12102612""",29720949,200,1,2026-08-31 00:00,88.0,2.0,True,
2026-08-31,Chicago,KMDW,06Z,2,2026-08-31 06:00:00+00:00,2026-09-01 00:00:00+00:00,200,https://noaa-nbm-grib2-pds.s3.amazonaws.com/blend.20260831/06/text/blend_nbstx.t06z,2026-08-31 06:49:06+00:00,49.1,"""45057af587cec54d22fcef87d1134ed0""",29611149,200,1,2026-08-31 06:00,88.0,3.0,True,
2026-08-31,Chicago,KMDW,12Z,3,2026-08-31 12:00:00+00:00,2026-09-01 00:00:00+00:00,200,https://noaa-nbm-grib2-pds.s3.amazonaws.com/blend.20260831/12/text/blend_nbstx.t12z,2026-08-31 14:08:38+00:00,128.63333333333333,"""a66ad204067dd83043b769019fb4aff5""",29720949,200,1,2026-08-31 12:00,89.0,2.0,True,
2026-08-31,Denver,KDEN,prev18Z,0,2026-08-30 18:00:00+00:00,2026-09-01 00:00:00+00:00,200,https://noaa-nbm-grib2-pds.s3.amazonaws.com/blend.20260830/18/text/blend_nbstx.t18z,2026-08-30 18:56:31+00:00,56.516666666666666,"""5944fa229828d4a73c75379c50005157""",29611149,200,1,2026-08-30 18:00,86.0,2.0,True,
2026-08-31,Denver,KDEN,00Z,1,2026-08-31 00:00:00+00:00,2026-09-01 00:00:00+00:00,200,https://noaa-nbm-grib2-pds.s3.amazonaws.com/blend.20260831/00/text/blend_nbstx.t00z,2026-08-31 01:19:00+00:00,79.0,"""3d1fcc0d8ea4b22d8667949e12102612""",29720949,200,1,2026-08-31 00:00,86.0,2.0,True,
2026-08-31,Denver,KDEN,06Z,2,2026-08-31 06:00:00+00:00,2026-09-01 00:00:00+00:00,200,https://noaa-nbm-grib2-pds.s3.amazonaws.com/blend.20260831/06/text/blend_nbstx.t06z,2026-08-31 06:49:06+00:00,49.1,"""45057af587cec54d22fcef87d1134ed0""",29611149,200,1,2026-08-31 06:00,85.0,2.0,True,
2026-08-31,Denver,KDEN,12Z,3,2026-08-31 12:00:00+00:00,2026-09-01 00:00:00+00:00,200,https://noaa-nbm-grib2-pds.s3.amazonaws.com/blend.20260831/12/text/blend_nbstx.t12z,2026-08-31 14:08:38+00:00,128.63333333333333,"""a66ad204067dd83043b769019fb4aff5""",29720949,200,1,2026-08-31 12:00,84.0,2.0,True,
2026-09-01,NYC,KNYC,prev18Z,0,2026-08-31 18:00:00+00:00,2026-09-02 00:00:00+00:00,200,https://noaa-nbm-grib2-pds.s3.amazonaws.com/blend.20260831/18/text/blend_nbstx.t18z,2026-08-31 19:00:04+00:00,60.06666666666667,"""a7bfbcd4cf613fcf831e40a46c5a8c7d""",29611149,200,1,2026-08-31 18:00,83.0,3.0,True,
2026-09-01,NYC,KNYC,00Z,1,2026-09-01 00:00:00+00:00,2026-09-02 00:00:00+00:00,200,https://noaa-nbm-grib2-pds.s3.amazonaws.com/blend.20260901/00/text/blend_nbstx.t00z,2026-09-01 01:16:16+00:00,76.26666666666667,"""14a92b9545f853429881360622f3e663""",29720949,200,1,2026-09-01 00:00,83.0,3.0,True,
2026-09-01,NYC,KNYC,06Z,2,2026-09-01 06:00:00+00:00,2026-09-02 00:00:00+00:00,200,https://noaa-nbm-grib2-pds.s3.amazonaws.com/blend.20260901/06/text/blend_nbstx.t06z,2026-09-01 06:51:02+00:00,51.03333333333333,"""6849835668f239bf75ebf45c2b69f925""",29611149,200,1,2026-09-01 06:00,83.0,3.0,True,
2026-09-01,NYC,KNYC,12Z,3,2026-09-01 12:00:00+00:00,2026-09-02 00:00:00+00:00,200,https://noaa-nbm-grib2-pds.s3.amazonaws.com/blend.20260901/12/text/blend_nbstx.t12z,2026-09-01 13:34:48+00:00,94.8,"""c28fa15f484a3ff371b61f0f32f8afb6""",29720949,200,1,2026-09-01 12:00,83.0,3.0,True,
2026-09-01,Chicago,KMDW,prev18Z,0,2026-08-31 18:00:00+00:00,2026-09-02 00:00:00+00:00,200,https://noaa-nbm-grib2-pds.s3.amazonaws.com/blend.20260831/18/text/blend_nbstx.t18z,2026-08-31 19:00:04+00:00,60.06666666666667,"""a7bfbcd4cf613fcf831e40a46c5a8c7d""",29611149,200,1,2026-08-31 18:00,91.0,3.0,True,
2026-09-01,Chicago,KMDW,00Z,1,2026-09-01 00:00:00+00:00,2026-09-02 00:00:00+00:00,200,https://noaa-nbm-grib2-pds.s3.amazonaws.com/blend.20260901/00/text/blend_nbstx.t00z,2026-09-01 01:16:16+00:00,76.26666666666667,"""14a92b9545f853429881360622f3e663""",29720949,200,1,2026-09-01 00:00,91.0,3.0,True,
2026-09-01,Chicago,KMDW,06Z,2,2026-09-01 06:00:00+00:00,2026-09-02 00:00:00+00:00,200,https://noaa-nbm-grib2-pds.s3.amazonaws.com/blend.20260901/06/text/blend_nbstx.t06z,2026-09-01 06:51:02+00:00,51.03333333333333,"""6849835668f239bf75ebf45c2b69f925""",29611149,200,1,2026-09-01 06:00,92.0,3.0,True,
2026-09-01,Chicago,KMDW,12Z,3,2026-09-01 12:00:00+00:00,2026-09-02 00:00:00+00:00,200,https://noaa-nbm-grib2-pds.s3.amazonaws.com/blend.20260901/12/text/blend_nbstx.t12z,2026-09-01 13:34:48+00:00,94.8,"""c28fa15f484a3ff371b61f0f32f8afb6""",29720949,200,1,2026-09-01 12:00,92.0,2.0,True,
2026-09-01,Denver,KDEN,prev18Z,0,2026-08-31 18:00:00+00:00,2026-09-02 00:00:00+00:00,200,https://noaa-nbm-grib2-pds.s3.amazonaws.com/blend.20260831/18/text/blend_nbstx.t18z,2026-08-31 19:00:04+00:00,60.06666666666667,"""a7bfbcd4cf613fcf831e40a46c5a8c7d""",29611149,200,1,2026-08-31 18:00,85.0,2.0,True,
2026-09-01,Denver,KDEN,00Z,1,2026-09-01 00:00:00+00:00,2026-09-02 00:00:00+00:00,200,https://noaa-nbm-grib2-pds.s3.amazonaws.com/blend.20260901/00/text/blend_nbstx.t00z,2026-09-01 01:16:16+00:00,76.26666666666667,"""14a92b9545f853429881360622f3e663""",29720949,200,1,2026-09-01 00:00,85.0,2.0,True,
2026-09-01,Denver,KDEN,06Z,2,2026-09-01 06:00:00+00:00,2026-09-02 00:00:00+00:00,200,https://noaa-nbm-grib2-pds.s3.amazonaws.com/blend.20260901/06/text/blend_nbstx.t06z,2026-09-01 06:51:02+00:00,51.03333333333333,"""6849835668f239bf75ebf45c2b69f925""",29611149,200,1,2026-09-01 06:00,85.0,2.0,True,
2026-09-01,Denver,KDEN,12Z,3,2026-09-01 12:00:00+00:00,2026-09-02 00:00:00+00:00,200,https://noaa-nbm-grib2-pds.s3.amazonaws.com/blend.20260901/12/text/blend_nbstx.t12z,2026-09-01 13:34:48+00:00,94.8,"""c28fa15f484a3ff371b61f0f32f8afb6""",29720949,200,1,2026-09-01 12:00,85.0,2.0,True,
2026-09-02,NYC,KNYC,prev18Z,0,2026-09-01 18:00:00+00:00,2026-09-03 00:00:00+00:00,200,https://noaa-nbm-grib2-pds.s3.amazonaws.com/blend.20260901/18/text/blend_nbstx.t18z,2026-09-01 18:50:25+00:00,50.416666666666664,"""377c6edae0596d6c2181846c3a45ff1d""",29611149,200,1,2026-09-01 18:00,75.0,2.0,True,
2026-09-02,NYC,KNYC,00Z,1,2026-09-02 00:00:00+00:00,2026-09-03 00:00:00+00:00,200,https://noaa-nbm-grib2-pds.s3.amazonaws.com/blend.20260902/00/text/blend_nbstx.t00z,2026-09-02 01:19:43+00:00,79.71666666666667,"""800c0fb289521021d6b18200c0a68bc4""",29720949,200,1,2026-09-02 00:00,75.0,3.0,True,
2026-09-02,NYC,KNYC,06Z,2,2026-09-02 06:00:00+00:00,2026-09-03 00:00:00+00:00,200,https://noaa-nbm-grib2-pds.s3.amazonaws.com/blend.20260902/06/text/blend_nbstx.t06z,2026-09-02 06:47:07+00:00,47.11666666666667,"""57b0a92437087f18944e85e3f5c1af78""",29611149,200,1,2026-09-02 06:00,74.0,3.0,True,
2026-09-02,NYC,KNYC,12Z,3,2026-09-02 12:00:00+00:00,2026-09-03 00:00:00+00:00,200,https://noaa-nbm-grib2-pds.s3.amazonaws.com/blend.20260902/12/text/blend_nbstx.t12z,2026-09-02 13:39:50+00:00,99.83333333333333,"""84f22bf9f1296f7afcecdf2a0af57eed""",29720949,200,1,2026-09-02 12:00,75.0,2.0,True,
2026-09-02,Chicago,KMDW,prev18Z,0,2026-09-01 18:00:00+00:00,2026-09-03 00:00:00+00:00,200,https://noaa-nbm-grib2-pds.s3.amazonaws.com/blend.20260901/18/text/blend_nbstx.t18z,2026-09-01 18:50:25+00:00,50.416666666666664,"""377c6edae0596d6c2181846c3a45ff1d""",29611149,200,1,2026-09-01 18:00,94.0,2.0,True,
2026-09-02,Chicago,KMDW,00Z,1,2026-09-02 00:00:00+00:00,2026-09-03 00:00:00+00:00,200,https://noaa-nbm-grib2-pds.s3.amazonaws.com/blend.20260902/00/text/blend_nbstx.t00z,2026-09-02 01:19:43+00:00,79.71666666666667,"""800c0fb289521021d6b18200c0a68bc4""",29720949,200,1,2026-09-02 00:00,93.0,2.0,True,
2026-09-02,Chicago,KMDW,06Z,2,2026-09-02 06:00:00+00:00,2026-09-03 00:00:00+00:00,200,https://noaa-nbm-grib2-pds.s3.amazonaws.com/blend.20260902/06/text/blend_nbstx.t06z,2026-09-02 06:47:07+00:00,47.11666666666667,"""57b0a92437087f18944e85e3f5c1af78""",29611149,200,1,2026-09-02 06:00,94.0,2.0,True,
2026-09-02,Chicago,KMDW,12Z,3,2026-09-02 12:00:00+00:00,2026-09-03 00:00:00+00:00,200,https://noaa-nbm-grib2-pds.s3.amazonaws.com/blend.20260902/12/text/blend_nbstx.t12z,2026-09-02 13:39:50+00:00,99.83333333333333,"""84f22bf9f1296f7afcecdf2a0af57eed""",29720949,200,1,2026-09-02 12:00,93.0,2.0,True,
2026-09-02,Denver,KDEN,prev18Z,0,2026-09-01 18:00:00+00:00,2026-09-03 00:00:00+00:00,200,https://noaa-nbm-grib2-pds.s3.amazonaws.com/blend.20260901/18/text/blend_nbstx.t18z,2026-09-01 18:50:25+00:00,50.416666666666664,"""377c6edae0596d6c2181846c3a45ff1d""",29611149,200,1,2026-09-01 18:00,90.0,2.0,True,
2026-09-02,Denver,KDEN,00Z,1,2026-09-02 00:00:00+00:00,2026-09-03 00:00:00+00:00,200,https://noaa-nbm-grib2-pds.s3.amazonaws.com/blend.20260902/00/text/blend_nbstx.t00z,2026-09-02 01:19:43+00:00,79.71666666666667,"""800c0fb289521021d6b18200c0a68bc4""",29720949,200,1,2026-09-02 00:00,89.0,2.0,True,
2026-09-02,Denver,KDEN,06Z,2,2026-09-02 06:00:00+00:00,2026-09-03 00:00:00+00:00,200,https://noaa-nbm-grib2-pds.s3.amazonaws.com/blend.20260902/06/text/blend_nbstx.t06z,2026-09-02 06:47:07+00:00,47.11666666666667,"""57b0a92437087f18944e85e3f5c1af78""",29611149,200,1,2026-09-02 06:00,89.0,1.0,True,
2026-09-02,Denver,KDEN,12Z,3,2026-09-02 12:00:00+00:00,2026-09-03 00:00:00+00:00,200,https://noaa-nbm-grib2-pds.s3.amazonaws.com/blend.20260902/12/text/blend_nbstx.t12z,2026-09-02 13:39:50+00:00,99.83333333333333,"""84f22bf9f1296f7afcecdf2a0af57eed""",29720949,200,1,2026-09-02 12:00,89.0,2.0,True,
2026-09-03,NYC,KNYC,prev18Z,0,2026-09-02 18:00:00+00:00,2026-09-04 00:00:00+00:00,200,https://noaa-nbm-grib2-pds.s3.amazonaws.com/blend.20260902/18/text/blend_nbstx.t18z,2026-09-02 18:46:08+00:00,46.13333333333333,"""61bca73980b93cdc90e03fa7bd367b8e""",29611149,200,1,2026-09-02 18:00,84.0,2.0,True,
2026-09-03,NYC,KNYC,00Z,1,2026-09-03 00:00:00+00:00,2026-09-04 00:00:00+00:00,200,https://noaa-nbm-grib2-pds.s3.amazonaws.com/blend.20260903/00/text/blend_nbstx.t00z,2026-09-03 01:18:53+00:00,78.88333333333334,"""d02cff6dcb286de59e2d2bc61a1d4071""",29720949,200,1,2026-09-03 00:00,84.0,2.0,True,
2026-09-03,NYC,KNYC,06Z,2,2026-09-03 06:00:00+00:00,2026-09-04 00:00:00+00:00,200,https://noaa-nbm-grib2-pds.s3.amazonaws.com/blend.20260903/06/text/blend_nbstx.t06z,2026-09-03 06:47:15+00:00,47.25,"""4dd8336ca71fcb3a3ecfc33d9cd33a6f""",29611149,200,1,2026-09-03 06:00,84.0,2.0,True,
2026-09-03,NYC,KNYC,12Z,3,2026-09-03 12:00:00+00:00,2026-09-04 00:00:00+00:00,200,https://noaa-nbm-grib2-pds.s3.amazonaws.com/blend.20260903/12/text/blend_nbstx.t12z,2026-09-03 13:30:58+00:00,90.96666666666667,"""eecea5931d59f4d7c8595f338b062f55""",29720949,200,1,2026-09-03 12:00,85.0,2.0,True,
2026-09-03,Chicago,KMDW,prev18Z,0,2026-09-02 18:00:00+00:00,2026-09-04 00:00:00+00:00,200,https://noaa-nbm-grib2-pds.s3.amazonaws.com/blend.20260902/18/text/blend_nbstx.t18z,2026-09-02 18:46:08+00:00,46.13333333333333,"""61bca73980b93cdc90e03fa7bd367b8e""",29611149,200,1,2026-09-02 18:00,91.0,4.0,True,
2026-09-03,Chicago,KMDW,00Z,1,2026-09-03 00:00:00+00:00,2026-09-04 00:00:00+00:00,200,https://noaa-nbm-grib2-pds.s3.amazonaws.com/blend.20260903/00/text/blend_nbstx.t00z,2026-09-03 01:18:53+00:00,78.88333333333334,"""d02cff6dcb286de59e2d2bc61a1d4071""",29720949,200,1,2026-09-03 00:00,91.0,4.0,True,
2026-09-03,Chicago,KMDW,06Z,2,2026-09-03 06:00:00+00:00,2026-09-04 00:00:00+00:00,200,https://noaa-nbm-grib2-pds.s3.amazonaws.com/blend.20260903/06/text/blend_nbstx.t06z,2026-09-03 06:47:15+00:00,47.25,"""4dd8336ca71fcb3a3ecfc33d9cd33a6f""",29611149,200,1,2026-09-03 06:00,91.0,3.0,True,
2026-09-03,Chicago,KMDW,12Z,3,2026-09-03 12:00:00+00:00,2026-09-04 00:00:00+00:00,200,https://noaa-nbm-grib2-pds.s3.amazonaws.com/blend.20260903/12/text/blend_nbstx.t12z,2026-09-03 13:30:58+00:00,90.96666666666667,"""eecea5931d59f4d7c8595f338b062f55""",29720949,200,1,2026-09-03 12:00,91.0,3.0,True,
2026-09-03,Denver,KDEN,prev18Z,0,2026-09-02 18:00:00+00:00,2026-09-04 00:00:00+00:00,200,https://noaa-nbm-grib2-pds.s3.amazonaws.com/blend.20260902/18/text/blend_nbstx.t18z,2026-09-02 18:46:08+00:00,46.13333333333333,"""61bca73980b93cdc90e03fa7bd367b8e""",29611149,200,1,2026-09-02 18:00,90.0,2.0,True,
2026-09-03,Denver,KDEN,00Z,1,2026-09-03 00:00:00+00:00,2026-09-04 00:00:00+00:00,200,https://noaa-nbm-grib2-pds.s3.amazonaws.com/blend.20260903/00/text/blend_nbstx.t00z,2026-09-03 01:18:53+00:00,78.88333333333334,"""d02cff6dcb286de59e2d2bc61a1d4071""",29720949,200,1,2026-09-03 00:00,90.0,2.0,True,
2026-09-03,Denver,KDEN,06Z,2,2026-09-03 06:00:00+00:00,2026-09-04 00:00:00+00:00,200,https://noaa-nbm-grib2-pds.s3.amazonaws.com/blend.20260903/06/text/blend_nbstx.t06z,2026-09-03 06:47:15+00:00,47.25,"""4dd8336ca71fcb3a3ecfc33d9cd33a6f""",29611149,200,1,2026-09-03 06:00,90.0,2.0,True,
2026-09-03,Denver,KDEN,12Z,3,2026-09-03 12:00:00+00:00,2026-09-04 00:00:00+00:00,200,https://noaa-nbm-grib2-pds.s3.amazonaws.com/blend.20260903/12/text/blend_nbstx.t12z,2026-09-03 13:30:58+00:00,90.96666666666667,"""eecea5931d59f4d7c8595f338b062f55""",29720949,200,1,2026-09-03 12:00,91.0,2.0,True,
2026-09-04,NYC,KNYC,prev18Z,0,2026-09-03 18:00:00+00:00,2026-09-05 00:00:00+00:00,200,https://noaa-nbm-grib2-pds.s3.amazonaws.com/blend.20260903/18/text/blend_nbstx.t18z,2026-09-03 18:47:34+00:00,47.56666666666667,"""11cc330a299e85fe91809b0ec889e593""",29611149,200,1,2026-09-03 18:00,83.0,2.0,True,
2026-09-04,NYC,KNYC,00Z,1,2026-09-04 00:00:00+00:00,2026-09-05 00:00:00+00:00,200,https://noaa-nbm-grib2-pds.s3.amazonaws.com/blend.20260904/00/text/blend_nbstx.t00z,2026-09-04 01:17:45+00:00,77.75,"""a31e2cc6e6f39fb27bbf4c23fdd2587a""",29720949,200,1,2026-09-04 00:00,83.0,2.0,True,
2026-09-04,NYC,KNYC,06Z,2,2026-09-04 06:00:00+00:00,2026-09-05 00:00:00+00:00,200,https://noaa-nbm-grib2-pds.s3.amazonaws.com/blend.20260904/06/text/blend_nbstx.t06z,2026-09-04 06:49:26+00:00,49.43333333333333,"""a8c1864703659c279af1e0541bb056d1""",29611149,200,1,2026-09-04 06:00,84.0,2.0,True,
2026-09-04,NYC,KNYC,12Z,3,2026-09-04 12:00:00+00:00,2026-09-05 00:00:00+00:00,200,https://noaa-nbm-grib2-pds.s3.amazonaws.com/blend.20260904/12/text/blend_nbstx.t12z,2026-09-04 13:32:31+00:00,92.51666666666667,"""80c4af3ba84e3ce872c43bcaceefac5e""",29720949,200,1,2026-09-04 12:00,84.0,1.0,True,
2026-09-04,Chicago,KMDW,prev18Z,0,2026-09-03 18:00:00+00:00,2026-09-05 00:00:00+00:00,200,https://noaa-nbm-grib2-pds.s3.amazonaws.com/blend.20260903/18/text/blend_nbstx.t18z,2026-09-03 18:47:34+00:00,47.56666666666667,"""11cc330a299e85fe91809b0ec889e593""",29611149,200,1,2026-09-03 18:00,92.0,4.0,True,
2026-09-04,Chicago,KMDW,00Z,1,2026-09-04 00:00:00+00:00,2026-09-05 00:00:00+00:00,200,https://noaa-nbm-grib2-pds.s3.amazonaws.com/blend.20260904/00/text/blend_nbstx.t00z,2026-09-04 01:17:45+00:00,77.75,"""a31e2cc6e6f39fb27bbf4c23fdd2587a""",29720949,200,1,2026-09-04 00:00,92.0,3.0,True,
2026-09-04,Chicago,KMDW,06Z,2,2026-09-04 06:00:00+00:00,2026-09-05 00:00:00+00:00,200,https://noaa-nbm-grib2-pds.s3.amazonaws.com/blend.20260904/06/text/blend_nbstx.t06z,2026-09-04 06:49:26+00:00,49.43333333333333,"""a8c1864703659c279af1e0541bb056d1""",29611149,200,1,2026-09-04 06:00,93.0,3.0,True,
2026-09-04,Chicago,KMDW,12Z,3,2026-09-04 12:00:00+00:00,2026-09-05 00:00:00+00:00,200,https://noaa-nbm-grib2-pds.s3.amazonaws.com/blend.20260904/12/text/blend_nbstx.t12z,2026-09-04 13:32:31+00:00,92.51666666666667,"""80c4af3ba84e3ce872c43bcaceefac5e""",29720949,200,1,2026-09-04 12:00,91.0,3.0,True,
2026-09-04,Denver,KDEN,prev18Z,0,2026-09-03 18:00:00+00:00,2026-09-05 00:00:00+00:00,200,https://noaa-nbm-grib2-pds.s3.amazonaws.com/blend.20260903/18/text/blend_nbstx.t18z,2026-09-03 18:47:34+00:00,47.56666666666667,"""11cc330a299e85fe91809b0ec889e593""",29611149,200,1,2026-09-03 18:00,92.0,2.0,True,
2026-09-04,Denver,KDEN,00Z,1,2026-09-04 00:00:00+00:00,2026-09-05 00:00:00+00:00,200,https://noaa-nbm-grib2-pds.s3.amazonaws.com/blend.20260904/00/text/blend_nbstx.t00z,2026-09-04 01:17:45+00:00,77.75,"""a31e2cc6e6f39fb27bbf4c23fdd2587a""",29720949,200,1,2026-09-04 00:00,91.0,2.0,True,
2026-09-04,Denver,KDEN,06Z,2,2026-09-04 06:00:00+00:00,2026-09-05 00:00:00+00:00,200,https://noaa-nbm-grib2-pds.s3.amazonaws.com/blend.20260904/06/text/blend_nbstx.t06z,2026-09-04 06:49:26+00:00,49.43333333333333,"""a8c1864703659c279af1e0541bb056d1""",29611149,200,1,2026-09-04 06:00,91.0,2.0,True,
2026-09-04,Denver,KDEN,12Z,3,2026-09-04 12:00:00+00:00,2026-09-05 00:00:00+00:00,200,https://noaa-nbm-grib2-pds.s3.amazonaws.com/blend.20260904/12/text/blend_nbstx.t12z,2026-09-04 13:32:31+00:00,92.51666666666667,"""80c4af3ba84e3ce872c43bcaceefac5e""",29720949,200,1,2026-09-04 12:00,92.0,2.0,True,
2026-09-05,NYC,KNYC,prev18Z,0,2026-09-04 18:00:00+00:00,2026-09-06 00:00:00+00:00,200,https://noaa-nbm-grib2-pds.s3.amazonaws.com/blend.20260904/18/text/blend_nbstx.t18z,2026-09-04 18:46:45+00:00,46.75,"""051d6002aa0193fe4e7c60d70e3e3fde""",29611149,200,1,2026-09-04 18:00,80.0,1.0,True,
2026-09-05,NYC,KNYC,00Z,1,2026-09-05 00:00:00+00:00,2026-09-06 00:00:00+00:00,200,https://noaa-nbm-grib2-pds.s3.amazonaws.com/blend.20260905/00/text/blend_nbstx.t00z,2026-09-05 01:19:09+00:00,79.15,"""69214683d12a6d1255262bd8dd84e36c""",29720949,200,1,2026-09-05 00:00,80.0,2.0,True,
2026-09-05,NYC,KNYC,06Z,2,2026-09-05 06:00:00+00:00,2026-09-06 00:00:00+00:00,200,https://noaa-nbm-grib2-pds.s3.amazonaws.com/blend.20260905/06/text/blend_nbstx.t06z,2026-09-05 06:45:22+00:00,45.36666666666667,"""c12385ca50a0feef0ddfa236f6318120""",29611149,200,1,2026-09-05 06:00,80.0,1.0,True,
2026-09-05,NYC,KNYC,12Z,3,2026-09-05 12:00:00+00:00,2026-09-06 00:00:00+00:00,200,https://noaa-nbm-grib2-pds.s3.amazonaws.com/blend.20260905/12/text/blend_nbstx.t12z,2026-09-05 13:39:59+00:00,99.98333333333333,"""3cb223687924d2ced2140310268a5947""",29720949,200,1,2026-09-05 12:00,80.0,2.0,True,
2026-09-05,Chicago,KMDW,prev18Z,0,2026-09-04 18:00:00+00:00,2026-09-06 00:00:00+00:00,200,https://noaa-nbm-grib2-pds.s3.amazonaws.com/blend.20260904/18/text/blend_nbstx.t18z,2026-09-04 18:46:45+00:00,46.75,"""051d6002aa0193fe4e7c60d70e3e3fde""",29611149,200,1,2026-09-04 18:00,84.0,3.0,True,
2026-09-05,Chicago,KMDW,00Z,1,2026-09-05 00:00:00+00:00,2026-09-06 00:00:00+00:00,200,https://noaa-nbm-grib2-pds.s3.amazonaws.com/blend.20260905/00/text/blend_nbstx.t00z,2026-09-05 01:19:09+00:00,79.15,"""69214683d12a6d1255262bd8dd84e36c""",29720949,200,1,2026-09-05 00:00,83.0,3.0,True,
2026-09-05,Chicago,KMDW,06Z,2,2026-09-05 06:00:00+00:00,2026-09-06 00:00:00+00:00,200,https://noaa-nbm-grib2-pds.s3.amazonaws.com/blend.20260905/06/text/blend_nbstx.t06z,2026-09-05 06:45:22+00:00,45.36666666666667,"""c12385ca50a0feef0ddfa236f6318120""",29611149,200,1,2026-09-05 06:00,82.0,3.0,True,
2026-09-05,Chicago,KMDW,12Z,3,2026-09-05 12:00:00+00:00,2026-09-06 00:00:00+00:00,200,https://noaa-nbm-grib2-pds.s3.amazonaws.com/blend.20260905/12/text/blend_nbstx.t12z,2026-09-05 13:39:59+00:00,99.98333333333333,"""3cb223687924d2ced2140310268a5947""",29720949,200,1,2026-09-05 12:00,81.0,2.0,True,
2026-09-05,Denver,KDEN,prev18Z,0,2026-09-04 18:00:00+00:00,2026-09-06 00:00:00+00:00,200,https://noaa-nbm-grib2-pds.s3.amazonaws.com/blend.20260904/18/text/blend_nbstx.t18z,2026-09-04 18:46:45+00:00,46.75,"""051d6002aa0193fe4e7c60d70e3e3fde""",29611149,200,1,2026-09-04 18:00,91.0,3.0,True,
2026-09-05,Denver,KDEN,00Z,1,2026-09-05 00:00:00+00:00,2026-09-06 00:00:00+00:00,200,https://noaa-nbm-grib2-pds.s3.amazonaws.com/blend.20260905/00/text/blend_nbstx.t00z,2026-09-05 01:19:09+00:00,79.15,"""69214683d12a6d1255262bd8dd84e36c""",29720949,200,1,2026-09-05 00:00,91.0,4.0,True,
2026-09-05,Denver,KDEN,06Z,2,2026-09-05 06:00:00+00:00,2026-09-06 00:00:00+00:00,200,https://noaa-nbm-grib2-pds.s3.amazonaws.com/blend.20260905/06/text/blend_nbstx.t06z,2026-09-05 06:45:22+00:00,45.36666666666667,"""c12385ca50a0feef0ddfa236f6318120""",29611149,200,1,2026-09-05 06:00,91.0,3.0,True,
2026-09-05,Denver,KDEN,12Z,3,2026-09-05 12:00:00+00:00,2026-09-06 00:00:00+00:00,200,https://noaa-nbm-grib2-pds.s3.amazonaws.com/blend.20260905/12/text/blend_nbstx.t12z,2026-09-05 13:39:59+00:00,99.98333333333333,"""3cb223687924d2ced2140310268a5947""",29720949,200,1,2026-09-05 12:00,92.0,3.0,True,
2026-09-06,NYC,KNYC,prev18Z,0,2026-09-05 18:00:00+00:00,2026-09-07 00:00:00+00:00,200,https://noaa-nbm-grib2-pds.s3.amazonaws.com/blend.20260905/18/text/blend_nbstx.t18z,2026-09-05 18:46:40+00:00,46.666666666666664,"""de0357c66e436fcf818272fb54272f8a""",29611149,200,1,2026-09-05 18:00,74.0,3.0,True,
2026-09-06,NYC,KNYC,00Z,1,2026-09-06 00:00:00+00:00,2026-09-07 00:00:00+00:00,200,https://noaa-nbm-grib2-pds.s3.amazonaws.com/blend.20260906/00/text/blend_nbstx.t00z,2026-09-06 01:20:11+00:00,80.18333333333334,"""565531e4b76d9facb8fdcc8a38b8f7de""",29720949,200,1,2026-09-06 00:00,74.0,3.0,True,
2026-09-06,NYC,KNYC,06Z,2,2026-09-06 06:00:00+00:00,2026-09-07 00:00:00+00:00,200,https://noaa-nbm-grib2-pds.s3.amazonaws.com/blend.20260906/06/text/blend_nbstx.t06z,2026-09-06 06:46:45+00:00,46.75,"""7f12619199e48511800980c60c142731""",29611149,200,1,2026-09-06 06:00,74.0,3.0,True,
2026-09-06,NYC,KNYC,12Z,3,2026-09-06 12:00:00+00:00,2026-09-07 00:00:00+00:00,200,https://noaa-nbm-grib2-pds.s3.amazonaws.com/blend.20260906/12/text/blend_nbstx.t12z,2026-09-06 13:36:32+00:00,96.53333333333333,"""5a9d1bdb2ea000861e2319831911ebff""",29720949,200,1,2026-09-06 12:00,74.0,2.0,True,
2026-09-06,Chicago,KMDW,prev18Z,0,2026-09-05 18:00:00+00:00,2026-09-07 00:00:00+00:00,200,https://noaa-nbm-grib2-pds.s3.amazonaws.com/blend.20260905/18/text/blend_nbstx.t18z,2026-09-05 18:46:40+00:00,46.666666666666664,"""de0357c66e436fcf818272fb54272f8a""",29611149,200,1,2026-09-05 18:00,77.0,2.0,True,
2026-09-06,Chicago,KMDW,00Z,1,2026-09-06 00:00:00+00:00,2026-09-07 00:00:00+00:00,200,https://noaa-nbm-grib2-pds.s3.amazonaws.com/blend.20260906/00/text/blend_nbstx.t00z,2026-09-06 01:20:11+00:00,80.18333333333334,"""565531e4b76d9facb8fdcc8a38b8f7de""",29720949,200,1,2026-09-06 00:00,77.0,2.0,True,
2026-09-06,Chicago,KMDW,06Z,2,2026-09-06 06:00:00+00:00,2026-09-07 00:00:00+00:00,200,https://noaa-nbm-grib2-pds.s3.amazonaws.com/blend.20260906/06/text/blend_nbstx.t06z,2026-09-06 06:46:45+00:00,46.75,"""7f12619199e48511800980c60c142731""",29611149,200,1,2026-09-06 06:00,77.0,2.0,True,
2026-09-06,Chicago,KMDW,12Z,3,2026-09-06 12:00:00+00:00,2026-09-07 00:00:00+00:00,200,https://noaa-nbm-grib2-pds.s3.amazonaws.com/blend.20260906/12/text/blend_nbstx.t12z,2026-09-06 13:36:32+00:00,96.53333333333333,"""5a9d1bdb2ea000861e2319831911ebff""",29720949,200,1,2026-09-06 12:00,77.0,2.0,True,
2026-09-06,Denver,KDEN,prev18Z,0,2026-09-05 18:00:00+00:00,2026-09-07 00:00:00+00:00,200,https://noaa-nbm-grib2-pds.s3.amazonaws.com/blend.20260905/18/text/blend_nbstx.t18z,2026-09-05 18:46:40+00:00,46.666666666666664,"""de0357c66e436fcf818272fb54272f8a""",29611149,200,1,2026-09-05 18:00,92.0,3.0,True,
2026-09-06,Denver,KDEN,00Z,1,2026-09-06 00:00:00+00:00,2026-09-07 00:00:00+00:00,200,https://noaa-nbm-grib2-pds.s3.amazonaws.com/blend.20260906/00/text/blend_nbstx.t00z,2026-09-06 01:20:11+00:00,80.18333333333334,"""565531e4b76d9facb8fdcc8a38b8f7de""",29720949,200,1,2026-09-06 00:00,92.0,2.0,True,
2026-09-06,Denver,KDEN,06Z,2,2026-09-06 06:00:00+00:00,2026-09-07 00:00:00+00:00,200,https://noaa-nbm-grib2-pds.s3.amazonaws.com/blend.20260906/06/text/blend_nbstx.t06z,2026-09-06 06:46:45+00:00,46.75,"""7f12619199e48511800980c60c142731""",29611149,200,1,2026-09-06 06:00,91.0,2.0,True,
2026-09-06,Denver,KDEN,12Z,3,2026-09-06 12:00:00+00:00,2026-09-07 00:00:00+00:00,200,https://noaa-nbm-grib2-pds.s3.amazonaws.com/blend.20260906/12/text/blend_nbstx.t12z,2026-09-06 13:36:32+00:00,96.53333333333333,"""5a9d1bdb2ea000861e2319831911ebff""",29720949,200,1,2026-09-06 12:00,91.0,2.0,True,
2026-09-07,NYC,KNYC,prev18Z,0,2026-09-06 18:00:00+00:00,2026-09-08 00:00:00+00:00,200,https://noaa-nbm-grib2-pds.s3.amazonaws.com/blend.20260906/18/text/blend_nbstx.t18z,2026-09-06 18:44:08+00:00,44.13333333333333,"""e9c8b2495d1ba9d115bc3f5863f1453b""",29611149,200,1,2026-09-06 18:00,79.0,1.0,True,
2026-09-07,NYC,KNYC,00Z,1,2026-09-07 00:00:00+00:00,2026-09-08 00:00:00+00:00,200,https://noaa-nbm-grib2-pds.s3.amazonaws.com/blend.20260907/00/text/blend_nbstx.t00z,2026-09-07 01:20:18+00:00,80.3,"""0251afa45b0bfdc1f4749ef956f02132""",29720949,200,1,2026-09-07 00:00,80.0,1.0,True,
2026-09-07,NYC,KNYC,06Z,2,2026-09-07 06:00:00+00:00,2026-09-08 00:00:00+00:00,200,https://noaa-nbm-grib2-pds.s3.amazonaws.com/blend.20260907/06/text/blend_nbstx.t06z,2026-09-07 06:49:50+00:00,49.833333333333336,"""606331d1a3e05d9cf7e446e7e3a9f459""",29611149,200,1,2026-09-07 06:00,80.0,1.0,True,
2026-09-07,NYC,KNYC,12Z,3,2026-09-07 12:00:00+00:00,2026-09-08 00:00:00+00:00,200,https://noaa-nbm-grib2-pds.s3.amazonaws.com/blend.20260907/12/text/blend_nbstx.t12z,2026-09-07 13:35:39+00:00,95.65,"""729a9c7e999d95a6fd6e7b3493ff2ed9""",29720949,200,1,2026-09-07 12:00,80.0,1.0,True,
2026-09-07,Chicago,KMDW,prev18Z,0,2026-09-06 18:00:00+00:00,2026-09-08 00:00:00+00:00,200,https://noaa-nbm-grib2-pds.s3.amazonaws.com/blend.20260906/18/text/blend_nbstx.t18z,2026-09-06 18:44:08+00:00,44.13333333333333,"""e9c8b2495d1ba9d115bc3f5863f1453b""",29611149,200,1,2026-09-06 18:00,79.0,2.0,True,
2026-09-07,Chicago,KMDW,00Z,1,2026-09-07 00:00:00+00:00,2026-09-08 00:00:00+00:00,200,https://noaa-nbm-grib2-pds.s3.amazonaws.com/blend.20260907/00/text/blend_nbstx.t00z,2026-09-07 01:20:18+00:00,80.3,"""0251afa45b0bfdc1f4749ef956f02132""",29720949,200,1,2026-09-07 00:00,79.0,2.0,True,
2026-09-07,Chicago,KMDW,06Z,2,2026-09-07 06:00:00+00:00,2026-09-08 00:00:00+00:00,200,https://noaa-nbm-grib2-pds.s3.amazonaws.com/blend.20260907/06/text/blend_nbstx.t06z,2026-09-07 06:49:50+00:00,49.833333333333336,"""606331d1a3e05d9cf7e446e7e3a9f459""",29611149,200,1,2026-09-07 06:00,79.0,2.0,True,
2026-09-07,Chicago,KMDW,12Z,3,2026-09-07 12:00:00+00:00,2026-09-08 00:00:00+00:00,200,https://noaa-nbm-grib2-pds.s3.amazonaws.com/blend.20260907/12/text/blend_nbstx.t12z,2026-09-07 13:35:39+00:00,95.65,"""729a9c7e999d95a6fd6e7b3493ff2ed9""",29720949,200,1,2026-09-07 12:00,79.0,2.0,True,
2026-09-07,Denver,KDEN,prev18Z,0,2026-09-06 18:00:00+00:00,2026-09-08 00:00:00+00:00,200,https://noaa-nbm-grib2-pds.s3.amazonaws.com/blend.20260906/18/text/blend_nbstx.t18z,2026-09-06 18:44:08+00:00,44.13333333333333,"""e9c8b2495d1ba9d115bc3f5863f1453b""",29611149,200,1,2026-09-06 18:00,91.0,3.0,True,
2026-09-07,Denver,KDEN,00Z,1,2026-09-07 00:00:00+00:00,2026-09-08 00:00:00+00:00,200,https://noaa-nbm-grib2-pds.s3.amazonaws.com/blend.20260907/00/text/blend_nbstx.t00z,2026-09-07 01:20:18+00:00,80.3,"""0251afa45b0bfdc1f4749ef956f02132""",29720949,200,1,2026-09-07 00:00,91.0,3.0,True,
2026-09-07,Denver,KDEN,06Z,2,2026-09-07 06:00:00+00:00,2026-09-08 00:00:00+00:00,200,https://noaa-nbm-grib2-pds.s3.amazonaws.com/blend.20260907/06/text/blend_nbstx.t06z,2026-09-07 06:49:50+00:00,49.833333333333336,"""606331d1a3e05d9cf7e446e7e3a9f459""",29611149,200,1,2026-09-07 06:00,90.0,2.0,True,
2026-09-07,Denver,KDEN,12Z,3,2026-09-07 12:00:00+00:00,2026-09-08 00:00:00+00:00,200,https://noaa-nbm-grib2-pds.s3.amazonaws.com/blend.20260907/12/text/blend_nbstx.t12z,2026-09-07 13:35:39+00:00,95.65,"""729a9c7e999d95a6fd6e7b3493ff2ed9""",29720949,200,1,2026-09-07 12:00,90.0,2.0,True,
2026-09-08,NYC,KNYC,prev18Z,0,2026-09-07 18:00:00+00:00,2026-09-09 00:00:00+00:00,200,https://noaa-nbm-grib2-pds.s3.amazonaws.com/blend.20260907/18/text/blend_nbstx.t18z,2026-09-07 18:48:08+00:00,48.13333333333333,"""db7cc62bec53249c4d5d3c4ec35b9156""",29611149,200,1,2026-09-07 18:00,83.0,2.0,True,
2026-09-08,NYC,KNYC,00Z,1,2026-09-08 00:00:00+00:00,2026-09-09 00:00:00+00:00,200,https://noaa-nbm-grib2-pds.s3.amazonaws.com/blend.20260908/00/text/blend_nbstx.t00z,2026-09-08 01:18:58+00:00,78.96666666666667,"""47e4b9b69ff87d1387d1a800435d43b4""",29720949,200,1,2026-09-08 00:00,83.0,2.0,True,
2026-09-08,NYC,KNYC,06Z,2,2026-09-08 06:00:00+00:00,2026-09-09 00:00:00+00:00,200,https://noaa-nbm-grib2-pds.s3.amazonaws.com/blend.20260908/06/text/blend_nbstx.t06z,2026-09-08 06:48:02+00:00,48.03333333333333,"""6a2c92dffc4c323e7ce57891900cc88b""",29611149,200,1,2026-09-08 06:00,83.0,2.0,True,
2026-09-08,NYC,KNYC,12Z,3,2026-09-08 12:00:00+00:00,2026-09-09 00:00:00+00:00,200,https://noaa-nbm-grib2-pds.s3.amazonaws.com/blend.20260908/12/text/blend_nbstx.t12z,2026-09-08 13:37:25+00:00,97.41666666666667,"""b8328dda8b97134e6a9fd4f35b0cd840""",29720949,200,1,2026-09-08 12:00,83.0,1.0,True,
2026-09-08,Chicago,KMDW,prev18Z,0,2026-09-07 18:00:00+00:00,2026-09-09 00:00:00+00:00,200,https://noaa-nbm-grib2-pds.s3.amazonaws.com/blend.20260907/18/text/blend_nbstx.t18z,2026-09-07 18:48:08+00:00,48.13333333333333,"""db7cc62bec53249c4d5d3c4ec35b9156""",29611149,200,1,2026-09-07 18:00,87.0,3.0,True,
2026-09-08,Chicago,KMDW,00Z,1,2026-09-08 00:00:00+00:00,2026-09-09 00:00:00+00:00,200,https://noaa-nbm-grib2-pds.s3.amazonaws.com/blend.20260908/00/text/blend_nbstx.t00z,2026-09-08 01:18:58+00:00,78.96666666666667,"""47e4b9b69ff87d1387d1a800435d43b4""",29720949,200,1,2026-09-08 00:00,86.0,2.0,True,
2026-09-08,Chicago,KMDW,06Z,2,2026-09-08 06:00:00+00:00,2026-09-09 00:00:00+00:00,200,https://noaa-nbm-grib2-pds.s3.amazonaws.com/blend.20260908/06/text/blend_nbstx.t06z,2026-09-08 06:48:02+00:00,48.03333333333333,"""6a2c92dffc4c323e7ce57891900cc88b""",29611149,200,1,2026-09-08 06:00,86.0,2.0,True,
2026-09-08,Chicago,KMDW,12Z,3,2026-09-08 12:00:00+00:00,2026-09-09 00:00:00+00:00,200,https://noaa-nbm-grib2-pds.s3.amazonaws.com/blend.20260908/12/text/blend_nbstx.t12z,2026-09-08 13:37:25+00:00,97.41666666666667,"""b8328dda8b97134e6a9fd4f35b0cd840""",29720949,200,1,2026-09-08 12:00,86.0,2.0,True,
2026-09-08,Denver,KDEN,prev18Z,0,2026-09-07 18:00:00+00:00,2026-09-09 00:00:00+00:00,200,https://noaa-nbm-grib2-pds.s3.amazonaws.com/blend.20260907/18/text/blend_nbstx.t18z,2026-09-07 18:48:08+00:00,48.13333333333333,"""db7cc62bec53249c4d5d3c4ec35b9156""",29611149,200,1,2026-09-07 18:00,86.0,2.0,True,
2026-09-08,Denver,KDEN,00Z,1,2026-09-08 00:00:00+00:00,2026-09-09 00:00:00+00:00,200,https://noaa-nbm-grib2-pds.s3.amazonaws.com/blend.20260908/00/text/blend_nbstx.t00z,2026-09-08 01:18:58+00:00,78.96666666666667,"""47e4b9b69ff87d1387d1a800435d43b4""",29720949,200,1,2026-09-08 00:00,86.0,2.0,True,
2026-09-08,Denver,KDEN,06Z,2,2026-09-08 06:00:00+00:00,2026-09-09 00:00:00+00:00,200,https://noaa-nbm-grib2-pds.s3.amazonaws.com/blend.20260908/06/text/blend_nbstx.t06z,2026-09-08 06:48:02+00:00,48.03333333333333,"""6a2c92dffc4c323e7ce57891900cc88b""",29611149,200,1,2026-09-08 06:00,85.0,2.0,True,
2026-09-08,Denver,KDEN,12Z,3,2026-09-08 12:00:00+00:00,2026-09-09 00:00:00+00:00,200,https://noaa-nbm-grib2-pds.s3.amazonaws.com/blend.20260908/12/text/blend_nbstx.t12z,2026-09-08 13:37:25+00:00,97.41666666666667,"""b8328dda8b97134e6a9fd4f35b0cd840""",29720949,200,1,2026-09-08 12:00,84.0,2.0,True,
2026-09-09,NYC,KNYC,prev18Z,0,2026-09-08 18:00:00+00:00,2026-09-10 00:00:00+00:00,200,https://noaa-nbm-grib2-pds.s3.amazonaws.com/blend.20260908/18/text/blend_nbstx.t18z,2026-09-08 18:45:21+00:00,45.35,"""4f7bcbe80be6298253591649f45a8e9f""",29611149,200,1,2026-09-08 18:00,86.0,2.0,True,
2026-09-09,NYC,KNYC,00Z,1,2026-09-09 00:00:00+00:00,2026-09-10 00:00:00+00:00,200,https://noaa-nbm-grib2-pds.s3.amazonaws.com/blend.20260909/00/text/blend_nbstx.t00z,2026-09-09 01:17:08+00:00,77.13333333333334,"""9fdde00c10ef270a6e4a6830268fd62a""",29720949,200,1,2026-09-09 00:00,86.0,2.0,True,
2026-09-09,NYC,KNYC,06Z,2,2026-09-09 06:00:00+00:00,2026-09-10 00:00:00+00:00,200,https://noaa-nbm-grib2-pds.s3.amazonaws.com/blend.20260909/06/text/blend_nbstx.t06z,2026-09-09 06:45:10+00:00,45.166666666666664,"""8f66678ad439ddcd32eb381a58af9b81""",29611149,200,1,2026-09-09 06:00,86.0,2.0,True,
2026-09-09,NYC,KNYC,12Z,3,2026-09-09 12:00:00+00:00,2026-09-10 00:00:00+00:00,200,https://noaa-nbm-grib2-pds.s3.amazonaws.com/blend.20260909/12/text/blend_nbstx.t12z,2026-09-09 13:37:14+00:00,97.23333333333333,"""3b6210f7e4f8549c64f12c1be9f71e78""",29720949,200,1,2026-09-09 12:00,86.0,2.0,True,
2026-09-09,Chicago,KMDW,prev18Z,0,2026-09-08 18:00:00+00:00,2026-09-10 00:00:00+00:00,200,https://noaa-nbm-grib2-pds.s3.amazonaws.com/blend.20260908/18/text/blend_nbstx.t18z,2026-09-08 18:45:21+00:00,45.35,"""4f7bcbe80be6298253591649f45a8e9f""",29611149,200,1,2026-09-08 18:00,83.0,3.0,True,
2026-09-09,Chicago,KMDW,00Z,1,2026-09-09 00:00:00+00:00,2026-09-10 00:00:00+00:00,200,https://noaa-nbm-grib2-pds.s3.amazonaws.com/blend.20260909/00/text/blend_nbstx.t00z,2026-09-09 01:17:08+00:00,77.13333333333334,"""9fdde00c10ef270a6e4a6830268fd62a""",29720949,200,1,2026-09-09 00:00,83.0,3.0,True,
2026-09-09,Chicago,KMDW,06Z,2,2026-09-09 06:00:00+00:00,2026-09-10 00:00:00+00:00,200,https://noaa-nbm-grib2-pds.s3.amazonaws.com/blend.20260909/06/text/blend_nbstx.t06z,2026-09-09 06:45:10+00:00,45.166666666666664,"""8f66678ad439ddcd32eb381a58af9b81""",29611149,200,1,2026-09-09 06:00,82.0,2.0,True,
2026-09-09,Chicago,KMDW,12Z,3,2026-09-09 12:00:00+00:00,2026-09-10 00:00:00+00:00,200,https://noaa-nbm-grib2-pds.s3.amazonaws.com/blend.20260909/12/text/blend_nbstx.t12z,2026-09-09 13:37:14+00:00,97.23333333333333,"""3b6210f7e4f8549c64f12c1be9f71e78""",29720949,200,1,2026-09-09 12:00,82.0,2.0,True,
2026-09-09,Denver,KDEN,prev18Z,0,2026-09-08 18:00:00+00:00,2026-09-10 00:00:00+00:00,200,https://noaa-nbm-grib2-pds.s3.amazonaws.com/blend.20260908/18/text/blend_nbstx.t18z,2026-09-08 18:45:21+00:00,45.35,"""4f7bcbe80be6298253591649f45a8e9f""",29611149,200,1,2026-09-08 18:00,82.0,3.0,True,
2026-09-09,Denver,KDEN,00Z,1,2026-09-09 00:00:00+00:00,2026-09-10 00:00:00+00:00,200,https://noaa-nbm-grib2-pds.s3.amazonaws.com/blend.20260909/00/text/blend_nbstx.t00z,2026-09-09 01:17:08+00:00,77.13333333333334,"""9fdde00c10ef270a6e4a6830268fd62a""",29720949,200,1,2026-09-09 00:00,82.0,3.0,True,
2026-09-09,Denver,KDEN,06Z,2,2026-09-09 06:00:00+00:00,2026-09-10 00:00:00+00:00,200,https://noaa-nbm-grib2-pds.s3.amazonaws.com/blend.20260909/06/text/blend_nbstx.t06z,2026-09-09 06:45:10+00:00,45.166666666666664,"""8f66678ad439ddcd32eb381a58af9b81""",29611149,200,1,2026-09-09 06:00,81.0,2.0,True,
2026-09-09,Denver,KDEN,12Z,3,2026-09-09 12:00:00+00:00,2026-09-10 00:00:00+00:00,200,https://noaa-nbm-grib2-pds.s3.amazonaws.com/blend.20260909/12/text/blend_nbstx.t12z,2026-09-09 13:37:14+00:00,97.23333333333333,"""3b6210f7e4f8549c64f12c1be9f71e78""",29720949,200,1,2026-09-09 12:00,81.0,2.0,True,
2026-09-10,NYC,KNYC,prev18Z,0,2026-09-09 18:00:00+00:00,2026-09-11 00:00:00+00:00,200,https://noaa-nbm-grib2-pds.s3.amazonaws.com/blend.20260909/18/text/blend_nbstx.t18z,2026-09-09 18:45:36+00:00,45.6,"""0ad4c51907c0957ff427b5c0add57d68""",29611149,200,1,2026-09-09 18:00,86.0,3.0,True,
2026-09-10,NYC,KNYC,00Z,1,2026-09-10 00:00:00+00:00,2026-09-11 00:00:00+00:00,200,https://noaa-nbm-grib2-pds.s3.amazonaws.com/blend.20260910/00/text/blend_nbstx.t00z,2026-09-10 01:17:27+00:00,77.45,"""7fef417b23fbefc4b13629d9fe5d9e2a""",29720949,200,1,2026-09-10 00:00,87.0,2.0,True,
2026-09-10,NYC,KNYC,06Z,2,2026-09-10 06:00:00+00:00,2026-09-11 00:00:00+00:00,200,https://noaa-nbm-grib2-pds.s3.amazonaws.com/blend.20260910/06/text/blend_nbstx.t06z,2026-09-10 06:52:07+00:00,52.11666666666667,"""4f07737e5fcb06a7fd7f96d6006df216""",29611149,200,1,2026-09-10 06:00,88.0,2.0,True,
2026-09-10,NYC,KNYC,12Z,3,2026-09-10 12:00:00+00:00,2026-09-11 00:00:00+00:00,200,https://noaa-nbm-grib2-pds.s3.amazonaws.com/blend.20260910/12/text/blend_nbstx.t12z,2026-09-10 13:30:46+00:00,90.76666666666667,"""8fa595ce5bcc87a39021f74f3e2227e6""",29720949,200,1,2026-09-10 12:00,88.0,1.0,True,
2026-09-10,Chicago,KMDW,prev18Z,0,2026-09-09 18:00:00+00:00,2026-09-11 00:00:00+00:00,200,https://noaa-nbm-grib2-pds.s3.amazonaws.com/blend.20260909/18/text/blend_nbstx.t18z,2026-09-09 18:45:36+00:00,45.6,"""0ad4c51907c0957ff427b5c0add57d68""",29611149,200,1,2026-09-09 18:00,78.0,2.0,True,
2026-09-10,Chicago,KMDW,00Z,1,2026-09-10 00:00:00+00:00,2026-09-11 00:00:00+00:00,200,https://noaa-nbm-grib2-pds.s3.amazonaws.com/blend.20260910/00/text/blend_nbstx.t00z,2026-09-10 01:17:27+00:00,77.45,"""7fef417b23fbefc4b13629d9fe5d9e2a""",29720949,200,1,2026-09-10 00:00,79.0,2.0,True,
2026-09-10,Chicago,KMDW,06Z,2,2026-09-10 06:00:00+00:00,2026-09-11 00:00:00+00:00,200,https://noaa-nbm-grib2-pds.s3.amazonaws.com/blend.20260910/06/text/blend_nbstx.t06z,2026-09-10 06:52:07+00:00,52.11666666666667,"""4f07737e5fcb06a7fd7f96d6006df216""",29611149,200,1,2026-09-10 06:00,78.0,2.0,True,
2026-09-10,Chicago,KMDW,12Z,3,2026-09-10 12:00:00+00:00,2026-09-11 00:00:00+00:00,200,https://noaa-nbm-grib2-pds.s3.amazonaws.com/blend.20260910/12/text/blend_nbstx.t12z,2026-09-10 13:30:46+00:00,90.76666666666667,"""8fa595ce5bcc87a39021f74f3e2227e6""",29720949,200,1,2026-09-10 12:00,78.0,2.0,True,
2026-09-10,Denver,KDEN,prev18Z,0,2026-09-09 18:00:00+00:00,2026-09-11 00:00:00+00:00,200,https://noaa-nbm-grib2-pds.s3.amazonaws.com/blend.20260909/18/text/blend_nbstx.t18z,2026-09-09 18:45:36+00:00,45.6,"""0ad4c51907c0957ff427b5c0add57d68""",29611149,200,1,2026-09-09 18:00,88.0,2.0,True,
2026-09-10,Denver,KDEN,00Z,1,2026-09-10 00:00:00+00:00,2026-09-11 00:00:00+00:00,200,https://noaa-nbm-grib2-pds.s3.amazonaws.com/blend.20260910/00/text/blend_nbstx.t00z,2026-09-10 01:17:27+00:00,77.45,"""7fef417b23fbefc4b13629d9fe5d9e2a""",29720949,200,1,2026-09-10 00:00,88.0,2.0,True,
2026-09-10,Denver,KDEN,06Z,2,2026-09-10 06:00:00+00:00,2026-09-11 00:00:00+00:00,200,https://noaa-nbm-grib2-pds.s3.amazonaws.com/blend.20260910/06/text/blend_nbstx.t06z,2026-09-10 06:52:07+00:00,52.11666666666667,"""4f07737e5fcb06a7fd7f96d6006df216""",29611149,200,1,2026-09-10 06:00,88.0,2.0,True,
2026-09-10,Denver,KDEN,12Z,3,2026-09-10 12:00:00+00:00,2026-09-11 00:00:00+00:00,200,https://noaa-nbm-grib2-pds.s3.amazonaws.com/blend.20260910/12/text/blend_nbstx.t12z,2026-09-10 13:30:46+00:00,90.76666666666667,"""8fa595ce5bcc87a39021f74f3e2227e6""",29720949,200,1,2026-09-10 12:00,88.0,2.0,True,
2026-09-11,NYC,KNYC,prev18Z,0,2026-09-10 18:00:00+00:00,2026-09-12 00:00:00+00:00,200,https://noaa-nbm-grib2-pds.s3.amazonaws.com/blend.20260910/18/text/blend_nbstx.t18z,2026-09-10 18:48:16+00:00,48.266666666666666,"""0fb1a0f9158201d712baa682a756a023""",29611149,200,1,2026-09-10 18:00,80.0,2.0,True,
2026-09-11,NYC,KNYC,00Z,1,2026-09-11 00:00:00+00:00,2026-09-12 00:00:00+00:00,200,https://noaa-nbm-grib2-pds.s3.amazonaws.com/blend.20260911/00/text/blend_nbstx.t00z,2026-09-11 01:16:21+00:00,76.35,"""977e71f8b2dbe460287e1c70cd948959""",29720949,200,1,2026-09-11 00:00,79.0,2.0,True,
2026-09-11,NYC,KNYC,06Z,2,2026-09-11 06:00:00+00:00,2026-09-12 00:00:00+00:00,200,https://noaa-nbm-grib2-pds.s3.amazonaws.com/blend.20260911/06/text/blend_nbstx.t06z,2026-09-11 06:45:54+00:00,45.9,"""1b95db8ede26c587f83330551e91770a""",29611149,200,1,2026-09-11 06:00,80.0,2.0,True,
2026-09-11,NYC,KNYC,12Z,3,2026-09-11 12:00:00+00:00,2026-09-12 00:00:00+00:00,200,https://noaa-nbm-grib2-pds.s3.amazonaws.com/blend.20260911/12/text/blend_nbstx.t12z,2026-09-11 13:33:52+00:00,93.86666666666666,"""440f6e1783f6d34b27518377ec4e0ccc""",29720949,200,1,2026-09-11 12:00,80.0,2.0,True,
2026-09-11,Chicago,KMDW,prev18Z,0,2026-09-10 18:00:00+00:00,2026-09-12 00:00:00+00:00,200,https://noaa-nbm-grib2-pds.s3.amazonaws.com/blend.20260910/18/text/blend_nbstx.t18z,2026-09-10 18:48:16+00:00,48.266666666666666,"""0fb1a0f9158201d712baa682a756a023""",29611149,200,1,2026-09-10 18:00,80.0,2.0,True,
2026-09-11,Chicago,KMDW,00Z,1,2026-09-11 00:00:00+00:00,2026-09-12 00:00:00+00:00,200,https://noaa-nbm-grib2-pds.s3.amazonaws.com/blend.20260911/00/text/blend_nbstx.t00z,2026-09-11 01:16:21+00:00,76.35,"""977e71f8b2dbe460287e1c70cd948959""",29720949,200,1,2026-09-11 00:00,79.0,2.0,True,
2026-09-11,Chicago,KMDW,06Z,2,2026-09-11 06:00:00+00:00,2026-09-12 00:00:00+00:00,200,https://noaa-nbm-grib2-pds.s3.amazonaws.com/blend.20260911/06/text/blend_nbstx.t06z,2026-09-11 06:45:54+00:00,45.9,"""1b95db8ede26c587f83330551e91770a""",29611149,200,1,2026-09-11 06:00,80.0,2.0,True,
2026-09-11,Chicago,KMDW,12Z,3,2026-09-11 12:00:00+00:00,2026-09-12 00:00:00+00:00,200,https://noaa-nbm-grib2-pds.s3.amazonaws.com/blend.20260911/12/text/blend_nbstx.t12z,2026-09-11 13:33:52+00:00,93.86666666666666,"""440f6e1783f6d34b27518377ec4e0ccc""",29720949,200,1,2026-09-11 12:00,80.0,2.0,True,
2026-09-11,Denver,KDEN,prev18Z,0,2026-09-10 18:00:00+00:00,2026-09-12 00:00:00+00:00,200,https://noaa-nbm-grib2-pds.s3.amazonaws.com/blend.20260910/18/text/blend_nbstx.t18z,2026-09-10 18:48:16+00:00,48.266666666666666,"""0fb1a0f9158201d712baa682a756a023""",29611149,200,1,2026-09-10 18:00,91.0,2.0,True,
2026-09-11,Denver,KDEN,00Z,1,2026-09-11 00:00:00+00:00,2026-09-12 00:00:00+00:00,200,https://noaa-nbm-grib2-pds.s3.amazonaws.com/blend.20260911/00/text/blend_nbstx.t00z,2026-09-11 01:16:21+00:00,76.35,"""977e71f8b2dbe460287e1c70cd948959""",29720949,200,1,2026-09-11 00:00,91.0,2.0,True,
2026-09-11,Denver,KDEN,06Z,2,2026-09-11 06:00:00+00:00,2026-09-12 00:00:00+00:00,200,https://noaa-nbm-grib2-pds.s3.amazonaws.com/blend.20260911/06/text/blend_nbstx.t06z,2026-09-11 06:45:54+00:00,45.9,"""1b95db8ede26c587f83330551e91770a""",29611149,200,1,2026-09-11 06:00,91.0,2.0,True,
2026-09-11,Denver,KDEN,12Z,3,2026-09-11 12:00:00+00:00,2026-09-12 00:00:00+00:00,200,https://noaa-nbm-grib2-pds.s3.amazonaws.com/blend.20260911/12/text/blend_nbstx.t12z,2026-09-11 13:33:52+00:00,93.86666666666666,"""440f6e1783f6d34b27518377ec4e0ccc""",29720949,200,1,2026-09-11 12:00,91.0,1.0,True,
2026-09-12,NYC,KNYC,prev18Z,0,2026-09-11 18:00:00+00:00,2026-09-13 00:00:00+00:00,200,https://noaa-nbm-grib2-pds.s3.amazonaws.com/blend.20260911/18/text/blend_nbstx.t18z,2026-09-11 18:49:27+00:00,49.45,"""a236ff14ac2fcf56410e0fbcf26c32d4""",29611149,200,1,2026-09-11 18:00,79.0,2.0,True,
2026-09-12,NYC,KNYC,00Z,1,2026-09-12 00:00:00+00:00,2026-09-13 00:00:00+00:00,200,https://noaa-nbm-grib2-pds.s3.amazonaws.com/blend.20260912/00/text/blend_nbstx.t00z,2026-09-12 01:17:45+00:00,77.75,"""474c8709abe1b851c9f3bdcab4b3106c""",29720949,200,1,2026-09-12 00:00,79.0,2.0,True,
2026-09-12,NYC,KNYC,06Z,2,2026-09-12 06:00:00+00:00,2026-09-13 00:00:00+00:00,200,https://noaa-nbm-grib2-pds.s3.amazonaws.com/blend.20260912/06/text/blend_nbstx.t06z,2026-09-12 06:48:07+00:00,48.11666666666667,"""da4e1a2e7dbe14a232e861f86de0540f""",29611149,200,1,2026-09-12 06:00,79.0,2.0,True,
2026-09-12,NYC,KNYC,12Z,3,2026-09-12 12:00:00+00:00,2026-09-13 00:00:00+00:00,200,https://noaa-nbm-grib2-pds.s3.amazonaws.com/blend.20260912/12/text/blend_nbstx.t12z,2026-09-12 13:41:46+00:00,101.76666666666667,"""51d87eb77eb219d1e74b5faeb5689e75""",29720949,200,1,2026-09-12 12:00,78.0,2.0,True,
2026-09-12,Chicago,KMDW,prev18Z,0,2026-09-11 18:00:00+00:00,2026-09-13 00:00:00+00:00,200,https://noaa-nbm-grib2-pds.s3.amazonaws.com/blend.20260911/18/text/blend_nbstx.t18z,2026-09-11 18:49:27+00:00,49.45,"""a236ff14ac2fcf56410e0fbcf26c32d4""",29611149,200,1,2026-09-11 18:00,86.0,2.0,True,
2026-09-12,Chicago,KMDW,00Z,1,2026-09-12 00:00:00+00:00,2026-09-13 00:00:00+00:00,200,https://noaa-nbm-grib2-pds.s3.amazonaws.com/blend.20260912/00/text/blend_nbstx.t00z,2026-09-12 01:17:45+00:00,77.75,"""474c8709abe1b851c9f3bdcab4b3106c""",29720949,200,1,2026-09-12 00:00,86.0,2.0,True,
2026-09-12,Chicago,KMDW,06Z,2,2026-09-12 06:00:00+00:00,2026-09-13 00:00:00+00:00,200,https://noaa-nbm-grib2-pds.s3.amazonaws.com/blend.20260912/06/text/blend_nbstx.t06z,2026-09-12 06:48:07+00:00,48.11666666666667,"""da4e1a2e7dbe14a232e861f86de0540f""",29611149,200,1,2026-09-12 06:00,86.0,2.0,True,
2026-09-12,Chicago,KMDW,12Z,3,2026-09-12 12:00:00+00:00,2026-09-13 00:00:00+00:00,200,https://noaa-nbm-grib2-pds.s3.amazonaws.com/blend.20260912/12/text/blend_nbstx.t12z,2026-09-12 13:41:46+00:00,101.76666666666667,"""51d87eb77eb219d1e74b5faeb5689e75""",29720949,200,1,2026-09-12 12:00,87.0,2.0,True,
2026-09-12,Denver,KDEN,prev18Z,0,2026-09-11 18:00:00+00:00,2026-09-13 00:00:00+00:00,200,https://noaa-nbm-grib2-pds.s3.amazonaws.com/blend.20260911/18/text/blend_nbstx.t18z,2026-09-11 18:49:27+00:00,49.45,"""a236ff14ac2fcf56410e0fbcf26c32d4""",29611149,200,1,2026-09-11 18:00,85.0,3.0,True,
2026-09-12,Denver,KDEN,00Z,1,2026-09-12 00:00:00+00:00,2026-09-13 00:00:00+00:00,200,https://noaa-nbm-grib2-pds.s3.amazonaws.com/blend.20260912/00/text/blend_nbstx.t00z,2026-09-12 01:17:45+00:00,77.75,"""474c8709abe1b851c9f3bdcab4b3106c""",29720949,200,1,2026-09-12 00:00,85.0,2.0,True,
2026-09-12,Denver,KDEN,06Z,2,2026-09-12 06:00:00+00:00,2026-09-13 00:00:00+00:00,200,https://noaa-nbm-grib2-pds.s3.amazonaws.com/blend.20260912/06/text/blend_nbstx.t06z,2026-09-12 06:48:07+00:00,48.11666666666667,"""da4e1a2e7dbe14a232e861f86de0540f""",29611149,200,1,2026-09-12 06:00,84.0,3.0,True,
2026-09-12,Denver,KDEN,12Z,3,2026-09-12 12:00:00+00:00,2026-09-13 00:00:00+00:00,200,https://noaa-nbm-grib2-pds.s3.amazonaws.com/blend.20260912/12/text/blend_nbstx.t12z,2026-09-12 13:41:46+00:00,101.76666666666667,"""51d87eb77eb219d1e74b5faeb5689e75""",29720949,200,1,2026-09-12 12:00,85.0,3.0,True,
2026-09-13,NYC,KNYC,prev18Z,0,2026-09-12 18:00:00+00:00,2026-09-14 00:00:00+00:00,200,https://noaa-nbm-grib2-pds.s3.amazonaws.com/blend.20260912/18/text/blend_nbstx.t18z,2026-09-12 18:49:58+00:00,49.96666666666667,"""2f83d41fcdb235ece59359c54a93006a""",29611149,200,1,2026-09-12 18:00,80.0,3.0,True,
2026-09-13,NYC,KNYC,00Z,1,2026-09-13 00:00:00+00:00,2026-09-14 00:00:00+00:00,200,https://noaa-nbm-grib2-pds.s3.amazonaws.com/blend.20260913/00/text/blend_nbstx.t00z,2026-09-13 01:23:31+00:00,83.51666666666667,"""12512433045627f98ea96e6550c5cbc8""",29720949,200,1,2026-09-13 00:00,80.0,2.0,True,
2026-09-13,NYC,KNYC,06Z,2,2026-09-13 06:00:00+00:00,2026-09-14 00:00:00+00:00,200,https://noaa-nbm-grib2-pds.s3.amazonaws.com/blend.20260913/06/text/blend_nbstx.t06z,2026-09-13 07:10:26+00:00,70.43333333333334,"""e5968539dea432b06fcecd6e95fd030b""",29611149,200,1,2026-09-13 06:00,80.0,2.0,True,
2026-09-13,NYC,KNYC,12Z,3,2026-09-13 12:00:00+00:00,2026-09-14 00:00:00+00:00,200,https://noaa-nbm-grib2-pds.s3.amazonaws.com/blend.20260913/12/text/blend_nbstx.t12z,2026-09-13 13:34:06+00:00,94.1,"""9b5f64c5b7696efde079957cf664f760""",29720949,200,1,2026-09-13 12:00,80.0,3.0,True,
2026-09-13,Chicago,KMDW,prev18Z,0,2026-09-12 18:00:00+00:00,2026-09-14 00:00:00+00:00,200,https://noaa-nbm-grib2-pds.s3.amazonaws.com/blend.20260912/18/text/blend_nbstx.t18z,2026-09-12 18:49:58+00:00,49.96666666666667,"""2f83d41fcdb235ece59359c54a93006a""",29611149,200,1,2026-09-12 18:00,76.0,3.0,True,
2026-09-13,Chicago,KMDW,00Z,1,2026-09-13 00:00:00+00:00,2026-09-14 00:00:00+00:00,200,https://noaa-nbm-grib2-pds.s3.amazonaws.com/blend.20260913/00/text/blend_nbstx.t00z,2026-09-13 01:23:31+00:00,83.51666666666667,"""12512433045627f98ea96e6550c5cbc8""",29720949,200,1,2026-09-13 00:00,76.0,3.0,True,
2026-09-13,Chicago,KMDW,06Z,2,2026-09-13 06:00:00+00:00,2026-09-14 00:00:00+00:00,200,https://noaa-nbm-grib2-pds.s3.amazonaws.com/blend.20260913/06/text/blend_nbstx.t06z,2026-09-13 07:10:26+00:00,70.43333333333334,"""e5968539dea432b06fcecd6e95fd030b""",29611149,200,1,2026-09-13 06:00,75.0,2.0,True,
2026-09-13,Chicago,KMDW,12Z,3,2026-09-13 12:00:00+00:00,2026-09-14 00:00:00+00:00,200,https://noaa-nbm-grib2-pds.s3.amazonaws.com/blend.20260913/12/text/blend_nbstx.t12z,2026-09-13 13:34:06+00:00,94.1,"""9b5f64c5b7696efde079957cf664f760""",29720949,200,1,2026-09-13 12:00,75.0,2.0,True,
2026-09-13,Denver,KDEN,prev18Z,0,2026-09-12 18:00:00+00:00,2026-09-14 00:00:00+00:00,200,https://noaa-nbm-grib2-pds.s3.amazonaws.com/blend.20260912/18/text/blend_nbstx.t18z,2026-09-12 18:49:58+00:00,49.96666666666667,"""2f83d41fcdb235ece59359c54a93006a""",29611149,200,1,2026-09-12 18:00,93.0,2.0,True,
2026-09-13,Denver,KDEN,00Z,1,2026-09-13 00:00:00+00:00,2026-09-14 00:00:00+00:00,200,https://noaa-nbm-grib2-pds.s3.amazonaws.com/blend.20260913/00/text/blend_nbstx.t00z,2026-09-13 01:23:31+00:00,83.51666666666667,"""12512433045627f98ea96e6550c5cbc8""",29720949,200,1,2026-09-13 00:00,92.0,2.0,True,
2026-09-13,Denver,KDEN,06Z,2,2026-09-13 06:00:00+00:00,2026-09-14 00:00:00+00:00,200,https://noaa-nbm-grib2-pds.s3.amazonaws.com/blend.20260913/06/text/blend_nbstx.t06z,2026-09-13 07:10:26+00:00,70.43333333333334,"""e5968539dea432b06fcecd6e95fd030b""",29611149,200,1,2026-09-13 06:00,92.0,2.0,True,
2026-09-13,Denver,KDEN,12Z,3,2026-09-13 12:00:00+00:00,2026-09-14 00:00:00+00:00,200,https://noaa-nbm-grib2-pds.s3.amazonaws.com/blend.20260913/12/text/blend_nbstx.t12z,2026-09-13 13:34:06+00:00,94.1,"""9b5f64c5b7696efde079957cf664f760""",29720949,200,1,2026-09-13 12:00,93.0,2.0,True,
2026-09-14,NYC,KNYC,prev18Z,0,2026-09-13 18:00:00+00:00,2026-09-15 00:00:00+00:00,200,https://noaa-nbm-grib2-pds.s3.amazonaws.com/blend.20260913/18/text/blend_nbstx.t18z,2026-09-13 18:46:04+00:00,46.06666666666667,"""5d27ce3630e394edbb3e9fb6911b6320""",29611149,200,1,2026-09-13 18:00,74.0,2.0,True,
2026-09-14,NYC,KNYC,00Z,1,2026-09-14 00:00:00+00:00,2026-09-15 00:00:00+00:00,200,https://noaa-nbm-grib2-pds.s3.amazonaws.com/blend.20260914/00/text/blend_nbstx.t00z,2026-09-14 01:18:49+00:00,78.81666666666666,"""5714328e161f177ae4f76cf3f38e4d60""",29720949,200,1,2026-09-14 00:00,75.0,2.0,True,
2026-09-14,NYC,KNYC,06Z,2,2026-09-14 06:00:00+00:00,2026-09-15 00:00:00+00:00,200,https://noaa-nbm-grib2-pds.s3.amazonaws.com/blend.20260914/06/text/blend_nbstx.t06z,2026-09-14 07:03:47+00:00,63.78333333333333,"""d42b8b56ac18e1e3c44387512086ad33""",29611149,200,1,2026-09-14 06:00,74.0,1.0,True,
2026-09-14,NYC,KNYC,12Z,3,2026-09-14 12:00:00+00:00,2026-09-15 00:00:00+00:00,200,https://noaa-nbm-grib2-pds.s3.amazonaws.com/blend.20260914/12/text/blend_nbstx.t12z,2026-09-14 13:38:03+00:00,98.05,"""c1b17c0cf0565d6e2ac33569ad944a71""",29720949,200,1,2026-09-14 12:00,74.0,2.0,True,
2026-09-14,Chicago,KMDW,prev18Z,0,2026-09-13 18:00:00+00:00,2026-09-15 00:00:00+00:00,200,https://noaa-nbm-grib2-pds.s3.amazonaws.com/blend.20260913/18/text/blend_nbstx.t18z,2026-09-13 18:46:04+00:00,46.06666666666667,"""5d27ce3630e394edbb3e9fb6911b6320""",29611149,200,1,2026-09-13 18:00,75.0,2.0,True,
2026-09-14,Chicago,KMDW,00Z,1,2026-09-14 00:00:00+00:00,2026-09-15 00:00:00+00:00,200,https://noaa-nbm-grib2-pds.s3.amazonaws.com/blend.20260914/00/text/blend_nbstx.t00z,2026-09-14 01:18:49+00:00,78.81666666666666,"""5714328e161f177ae4f76cf3f38e4d60""",29720949,200,1,2026-09-14 00:00,75.0,2.0,True,
2026-09-14,Chicago,KMDW,06Z,2,2026-09-14 06:00:00+00:00,2026-09-15 00:00:00+00:00,200,https://noaa-nbm-grib2-pds.s3.amazonaws.com/blend.20260914/06/text/blend_nbstx.t06z,2026-09-14 07:03:47+00:00,63.78333333333333,"""d42b8b56ac18e1e3c44387512086ad33""",29611149,200,1,2026-09-14 06:00,75.0,2.0,True,
2026-09-14,Chicago,KMDW,12Z,3,2026-09-14 12:00:00+00:00,2026-09-15 00:00:00+00:00,200,https://noaa-nbm-grib2-pds.s3.amazonaws.com/blend.20260914/12/text/blend_nbstx.t12z,2026-09-14 13:38:03+00:00,98.05,"""c1b17c0cf0565d6e2ac33569ad944a71""",29720949,200,1,2026-09-14 12:00,75.0,2.0,True,
2026-09-14,Denver,KDEN,prev18Z,0,2026-09-13 18:00:00+00:00,2026-09-15 00:00:00+00:00,200,https://noaa-nbm-grib2-pds.s3.amazonaws.com/blend.20260913/18/text/blend_nbstx.t18z,2026-09-13 18:46:04+00:00,46.06666666666667,"""5d27ce3630e394edbb3e9fb6911b6320""",29611149,200,1,2026-09-13 18:00,88.0,2.0,True,
2026-09-14,Denver,KDEN,00Z,1,2026-09-14 00:00:00+00:00,2026-09-15 00:00:00+00:00,200,https://noaa-nbm-grib2-pds.s3.amazonaws.com/blend.20260914/00/text/blend_nbstx.t00z,2026-09-14 01:18:49+00:00,78.81666666666666,"""5714328e161f177ae4f76cf3f38e4d60""",29720949,200,1,2026-09-14 00:00,88.0,2.0,True,
2026-09-14,Denver,KDEN,06Z,2,2026-09-14 06:00:00+00:00,2026-09-15 00:00:00+00:00,200,https://noaa-nbm-grib2-pds.s3.amazonaws.com/blend.20260914/06/text/blend_nbstx.t06z,2026-09-14 07:03:47+00:00,63.78333333333333,"""d42b8b56ac18e1e3c44387512086ad33""",29611149,200,1,2026-09-14 06:00,88.0,2.0,True,
2026-09-14,Denver,KDEN,12Z,3,2026-09-14 12:00:00+00:00,2026-09-15 00:00:00+00:00,200,https://noaa-nbm-grib2-pds.s3.amazonaws.com/blend.20260914/12/text/blend_nbstx.t12z,2026-09-14 13:38:03+00:00,98.05,"""c1b17c0cf0565d6e2ac33569ad944a71""",29720949,200,1,2026-09-14 12:00,89.0,2.0,True,
2026-09-15,NYC,KNYC,prev18Z,0,2026-09-14 18:00:00+00:00,2026-09-16 00:00:00+00:00,200,https://noaa-nbm-grib2-pds.s3.amazonaws.com/blend.20260914/18/text/blend_nbstx.t18z,2026-09-14 20:58:58+00:00,178.96666666666667,"""58eec2e46061f49c1b2bbbe5c935b062""",29611149,200,1,2026-09-14 18:00,71.0,2.0,True,
2026-09-15,NYC,KNYC,00Z,1,2026-09-15 00:00:00+00:00,2026-09-16 00:00:00+00:00,200,https://noaa-nbm-grib2-pds.s3.amazonaws.com/blend.20260915/00/text/blend_nbstx.t00z,2026-09-15 01:18:37+00:00,78.61666666666666,"""c05c03ab3078e05d818421d8219a75d2""",29720949,200,1,2026-09-15 00:00,71.0,2.0,True,
2026-09-15,NYC,KNYC,06Z,2,2026-09-15 06:00:00+00:00,2026-09-16 00:00:00+00:00,200,https://noaa-nbm-grib2-pds.s3.amazonaws.com/blend.20260915/06/text/blend_nbstx.t06z,2026-09-15 06:44:15+00:00,44.25,"""c2509be28a62678c273d46ff07db7264""",29611149,200,1,2026-09-15 06:00,72.0,2.0,True,
2026-09-15,NYC,KNYC,12Z,3,2026-09-15 12:00:00+00:00,2026-09-16 00:00:00+00:00,200,https://noaa-nbm-grib2-pds.s3.amazonaws.com/blend.20260915/12/text/blend_nbstx.t12z,2026-09-15 13:40:31+00:00,100.51666666666667,"""64161154931a5803a50aee27f38554e3""",29720949,200,1,2026-09-15 12:00,72.0,2.0,True,
2026-09-15,Chicago,KMDW,prev18Z,0,2026-09-14 18:00:00+00:00,2026-09-16 00:00:00+00:00,200,https://noaa-nbm-grib2-pds.s3.amazonaws.com/blend.20260914/18/text/blend_nbstx.t18z,2026-09-14 20:58:58+00:00,178.96666666666667,"""58eec2e46061f49c1b2bbbe5c935b062""",29611149,200,1,2026-09-14 18:00,85.0,4.0,True,
2026-09-15,Chicago,KMDW,00Z,1,2026-09-15 00:00:00+00:00,2026-09-16 00:00:00+00:00,200,https://noaa-nbm-grib2-pds.s3.amazonaws.com/blend.20260915/00/text/blend_nbstx.t00z,2026-09-15 01:18:37+00:00,78.61666666666666,"""c05c03ab3078e05d818421d8219a75d2""",29720949,200,1,2026-09-15 00:00,86.0,4.0,True,
2026-09-15,Chicago,KMDW,06Z,2,2026-09-15 06:00:00+00:00,2026-09-16 00:00:00+00:00,200,https://noaa-nbm-grib2-pds.s3.amazonaws.com/blend.20260915/06/text/blend_nbstx.t06z,2026-09-15 06:44:15+00:00,44.25,"""c2509be28a62678c273d46ff07db7264""",29611149,200,1,2026-09-15 06:00,86.0,3.0,True,
2026-09-15,Chicago,KMDW,12Z,3,2026-09-15 12:00:00+00:00,2026-09-16 00:00:00+00:00,200,https://noaa-nbm-grib2-pds.s3.amazonaws.com/blend.20260915/12/text/blend_nbstx.t12z,2026-09-15 13:40:31+00:00,100.51666666666667,"""64161154931a5803a50aee27f38554e3""",29720949,200,1,2026-09-15 12:00,86.0,3.0,True,
2026-09-15,Denver,KDEN,prev18Z,0,2026-09-14 18:00:00+00:00,2026-09-16 00:00:00+00:00,200,https://noaa-nbm-grib2-pds.s3.amazonaws.com/blend.20260914/18/text/blend_nbstx.t18z,2026-09-14 20:58:58+00:00,178.96666666666667,"""58eec2e46061f49c1b2bbbe5c935b062""",29611149,200,1,2026-09-14 18:00,77.0,3.0,True,
2026-09-15,Denver,KDEN,00Z,1,2026-09-15 00:00:00+00:00,2026-09-16 00:00:00+00:00,200,https://noaa-nbm-grib2-pds.s3.amazonaws.com/blend.20260915/00/text/blend_nbstx.t00z,2026-09-15 01:18:37+00:00,78.61666666666666,"""c05c03ab3078e05d818421d8219a75d2""",29720949,200,1,2026-09-15 00:00,77.0,3.0,True,
2026-09-15,Denver,KDEN,06Z,2,2026-09-15 06:00:00+00:00,2026-09-16 00:00:00+00:00,200,https://noaa-nbm-grib2-pds.s3.amazonaws.com/blend.20260915/06/text/blend_nbstx.t06z,2026-09-15 06:44:15+00:00,44.25,"""c2509be28a62678c273d46ff07db7264""",29611149,200,1,2026-09-15 06:00,75.0,3.0,True,
2026-09-15,Denver,KDEN,12Z,3,2026-09-15 12:00:00+00:00,2026-09-16 00:00:00+00:00,200,https://noaa-nbm-grib2-pds.s3.amazonaws.com/blend.20260915/12/text/blend_nbstx.t12z,2026-09-15 13:40:31+00:00,100.51666666666667,"""64161154931a5803a50aee27f38554e3""",29720949,200,1,2026-09-15 12:00,75.0,3.0,True,
2026-09-16,NYC,KNYC,prev18Z,0,2026-09-15 18:00:00+00:00,2026-09-17 00:00:00+00:00,200,https://noaa-nbm-grib2-pds.s3.amazonaws.com/blend.20260915/18/text/blend_nbstx.t18z,2026-09-15 18:47:20+00:00,47.333333333333336,"""1fa5f00bb1d72e70d6ef37eef516c88d""",29611149,200,1,2026-09-15 18:00,80.0,2.0,True,
2026-09-16,NYC,KNYC,00Z,1,2026-09-16 00:00:00+00:00,2026-09-17 00:00:00+00:00,200,https://noaa-nbm-grib2-pds.s3.amazonaws.com/blend.20260916/00/text/blend_nbstx.t00z,2026-09-16 01:16:35+00:00,76.58333333333333,"""0b5c4011aa43ef9cdaf26ca84adeb8b5""",29720949,200,1,2026-09-16 00:00,79.0,2.0,True,
2026-09-16,NYC,KNYC,06Z,2,2026-09-16 06:00:00+00:00,2026-09-17 00:00:00+00:00,200,https://noaa-nbm-grib2-pds.s3.amazonaws.com/blend.20260916/06/text/blend_nbstx.t06z,2026-09-16 06:47:10+00:00,47.166666666666664,"""9557b5e9ab312a938316405c133ee7db""",29611149,200,1,2026-09-16 06:00,79.0,2.0,True,
2026-09-16,NYC,KNYC,12Z,3,2026-09-16 12:00:00+00:00,2026-09-17 00:00:00+00:00,200,https://noaa-nbm-grib2-pds.s3.amazonaws.com/blend.20260916/12/text/blend_nbstx.t12z,2026-09-16 13:25:15+00:00,85.25,"""9c3da26468b97013893189b2f6005325""",29720949,200,1,2026-09-16 12:00,79.0,2.0,True,
2026-09-16,Chicago,KMDW,prev18Z,0,2026-09-15 18:00:00+00:00,2026-09-17 00:00:00+00:00,200,https://noaa-nbm-grib2-pds.s3.amazonaws.com/blend.20260915/18/text/blend_nbstx.t18z,2026-09-15 18:47:20+00:00,47.333333333333336,"""1fa5f00bb1d72e70d6ef37eef516c88d""",29611149,200,1,2026-09-15 18:00,74.0,3.0,True,
2026-09-16,Chicago,KMDW,00Z,1,2026-09-16 00:00:00+00:00,2026-09-17 00:00:00+00:00,200,https://noaa-nbm-grib2-pds.s3.amazonaws.com/blend.20260916/00/text/blend_nbstx.t00z,2026-09-16 01:16:35+00:00,76.58333333333333,"""0b5c4011aa43ef9cdaf26ca84adeb8b5""",29720949,200,1,2026-09-16 00:00,74.0,3.0,True,
2026-09-16,Chicago,KMDW,06Z,2,2026-09-16 06:00:00+00:00,2026-09-17 00:00:00+00:00,200,https://noaa-nbm-grib2-pds.s3.amazonaws.com/blend.20260916/06/text/blend_nbstx.t06z,2026-09-16 06:47:10+00:00,47.166666666666664,"""9557b5e9ab312a938316405c133ee7db""",29611149,200,1,2026-09-16 06:00,75.0,3.0,True,
2026-09-16,Chicago,KMDW,12Z,3,2026-09-16 12:00:00+00:00,2026-09-17 00:00:00+00:00,200,https://noaa-nbm-grib2-pds.s3.amazonaws.com/blend.20260916/12/text/blend_nbstx.t12z,2026-09-16 13:25:15+00:00,85.25,"""9c3da26468b97013893189b2f6005325""",29720949,200,1,2026-09-16 12:00,76.0,2.0,True,
2026-09-16,Denver,KDEN,prev18Z,0,2026-09-15 18:00:00+00:00,2026-09-17 00:00:00+00:00,200,https://noaa-nbm-grib2-pds.s3.amazonaws.com/blend.20260915/18/text/blend_nbstx.t18z,2026-09-15 18:47:20+00:00,47.333333333333336,"""1fa5f00bb1d72e70d6ef37eef516c88d""",29611149,200,1,2026-09-15 18:00,82.0,3.0,True,
2026-09-16,Denver,KDEN,00Z,1,2026-09-16 00:00:00+00:00,2026-09-17 00:00:00+00:00,200,https://noaa-nbm-grib2-pds.s3.amazonaws.com/blend.20260916/00/text/blend_nbstx.t00z,2026-09-16 01:16:35+00:00,76.58333333333333,"""0b5c4011aa43ef9cdaf26ca84adeb8b5""",29720949,200,1,2026-09-16 00:00,82.0,3.0,True,
2026-09-16,Denver,KDEN,06Z,2,2026-09-16 06:00:00+00:00,2026-09-17 00:00:00+00:00,200,https://noaa-nbm-grib2-pds.s3.amazonaws.com/blend.20260916/06/text/blend_nbstx.t06z,2026-09-16 06:47:10+00:00,47.166666666666664,"""9557b5e9ab312a938316405c133ee7db""",29611149,200,1,2026-09-16 06:00,83.0,3.0,True,
2026-09-16,Denver,KDEN,12Z,3,2026-09-16 12:00:00+00:00,2026-09-17 00:00:00+00:00,200,https://noaa-nbm-grib2-pds.s3.amazonaws.com/blend.20260916/12/text/blend_nbstx.t12z,2026-09-16 13:25:15+00:00,85.25,"""9c3da26468b97013893189b2f6005325""",29720949,200,1,2026-09-16 12:00,83.0,3.0,True,
2026-09-17,NYC,KNYC,prev18Z,0,2026-09-16 18:00:00+00:00,2026-09-18 00:00:00+00:00,200,https://noaa-nbm-grib2-pds.s3.amazonaws.com/blend.20260916/18/text/blend_nbstx.t18z,2026-09-16 18:45:32+00:00,45.53333333333333,"""c6f7d56c6904d553c8cddedc30fccf50""",29611149,200,1,2026-09-16 18:00,82.0,2.0,True,
2026-09-17,NYC,KNYC,00Z,1,2026-09-17 00:00:00+00:00,2026-09-18 00:00:00+00:00,200,https://noaa-nbm-grib2-pds.s3.amazonaws.com/blend.20260917/00/text/blend_nbstx.t00z,2026-09-17 01:19:31+00:00,79.51666666666667,"""70eab42830fdab1498a1cd3a3d52d655""",29720949,200,1,2026-09-17 00:00,82.0,2.0,True,
2026-09-17,NYC,KNYC,06Z,2,2026-09-17 06:00:00+00:00,2026-09-18 00:00:00+00:00,200,https://noaa-nbm-grib2-pds.s3.amazonaws.com/blend.20260917/06/text/blend_nbstx.t06z,2026-09-17 06:48:11+00:00,48.18333333333333,"""4018dbfd7422134419a27a48bcc2e566""",29611149,200,1,2026-09-17 06:00,81.0,2.0,True,
2026-09-17,NYC,KNYC,12Z,3,2026-09-17 12:00:00+00:00,2026-09-18 00:00:00+00:00,200,https://noaa-nbm-grib2-pds.s3.amazonaws.com/blend.20260917/12/text/blend_nbstx.t12z,2026-09-17 13:33:20+00:00,93.33333333333333,"""d386759e5868ebfa870e3c15a3457291""",29720949,200,1,2026-09-17 12:00,82.0,2.0,True,
2026-09-17,Chicago,KMDW,prev18Z,0,2026-09-16 18:00:00+00:00,2026-09-18 00:00:00+00:00,200,https://noaa-nbm-grib2-pds.s3.amazonaws.com/blend.20260916/18/text/blend_nbstx.t18z,2026-09-16 18:45:32+00:00,45.53333333333333,"""c6f7d56c6904d553c8cddedc30fccf50""",29611149,200,1,2026-09-16 18:00,77.0,3.0,True,
2026-09-17,Chicago,KMDW,00Z,1,2026-09-17 00:00:00+00:00,2026-09-18 00:00:00+00:00,200,https://noaa-nbm-grib2-pds.s3.amazonaws.com/blend.20260917/00/text/blend_nbstx.t00z,2026-09-17 01:19:31+00:00,79.51666666666667,"""70eab42830fdab1498a1cd3a3d52d655""",29720949,200,1,2026-09-17 00:00,77.0,3.0,True,
2026-09-17,Chicago,KMDW,06Z,2,2026-09-17 06:00:00+00:00,2026-09-18 00:00:00+00:00,200,https://noaa-nbm-grib2-pds.s3.amazonaws.com/blend.20260917/06/text/blend_nbstx.t06z,2026-09-17 06:48:11+00:00,48.18333333333333,"""4018dbfd7422134419a27a48bcc2e566""",29611149,200,1,2026-09-17 06:00,78.0,3.0,True,
2026-09-17,Chicago,KMDW,12Z,3,2026-09-17 12:00:00+00:00,2026-09-18 00:00:00+00:00,200,https://noaa-nbm-grib2-pds.s3.amazonaws.com/blend.20260917/12/text/blend_nbstx.t12z,2026-09-17 13:33:20+00:00,93.33333333333333,"""d386759e5868ebfa870e3c15a3457291""",29720949,200,1,2026-09-17 12:00,78.0,3.0,True,
2026-09-17,Denver,KDEN,prev18Z,0,2026-09-16 18:00:00+00:00,2026-09-18 00:00:00+00:00,200,https://noaa-nbm-grib2-pds.s3.amazonaws.com/blend.20260916/18/text/blend_nbstx.t18z,2026-09-16 18:45:32+00:00,45.53333333333333,"""c6f7d56c6904d553c8cddedc30fccf50""",29611149,200,1,2026-09-16 18:00,84.0,3.0,True,
2026-09-17,Denver,KDEN,00Z,1,2026-09-17 00:00:00+00:00,2026-09-18 00:00:00+00:00,200,https://noaa-nbm-grib2-pds.s3.amazonaws.com/blend.20260917/00/text/blend_nbstx.t00z,2026-09-17 01:19:31+00:00,79.51666666666667,"""70eab42830fdab1498a1cd3a3d52d655""",29720949,200,1,2026-09-17 00:00,83.0,3.0,True,
2026-09-17,Denver,KDEN,06Z,2,2026-09-17 06:00:00+00:00,2026-09-18 00:00:00+00:00,200,https://noaa-nbm-grib2-pds.s3.amazonaws.com/blend.20260917/06/text/blend_nbstx.t06z,2026-09-17 06:48:11+00:00,48.18333333333333,"""4018dbfd7422134419a27a48bcc2e566""",29611149,200,1,2026-09-17 06:00,82.0,3.0,True,
2026-09-17,Denver,KDEN,12Z,3,2026-09-17 12:00:00+00:00,2026-09-18 00:00:00+00:00,200,https://noaa-nbm-grib2-pds.s3.amazonaws.com/blend.20260917/12/text/blend_nbstx.t12z,2026-09-17 13:33:20+00:00,93.33333333333333,"""d386759e5868ebfa870e3c15a3457291""",29720949,200,1,2026-09-17 12:00,84.0,3.0,True,
2026-09-18,NYC,KNYC,prev18Z,0,2026-09-17 18:00:00+00:00,2026-09-19 00:00:00+00:00,200,https://noaa-nbm-grib2-pds.s3.amazonaws.com/blend.20260917/18/text/blend_nbstx.t18z,2026-09-17 18:45:37+00:00,45.61666666666667,"""ba05706bc15d75370a1e98ec12fc6611""",29611149,200,1,2026-09-17 18:00,80.0,1.0,True,
2026-09-18,NYC,KNYC,00Z,1,2026-09-18 00:00:00+00:00,2026-09-19 00:00:00+00:00,200,https://noaa-nbm-grib2-pds.s3.amazonaws.com/blend.20260918/00/text/blend_nbstx.t00z,2026-09-18 01:16:40+00:00,76.66666666666667,"""51d99b3d1d2ca40b8235a3e9296e5a9a""",29720949,200,1,2026-09-18 00:00,81.0,1.0,True,
2026-09-18,NYC,KNYC,06Z,2,2026-09-18 06:00:00+00:00,2026-09-19 00:00:00+00:00,200,https://noaa-nbm-grib2-pds.s3.amazonaws.com/blend.20260918/06/text/blend_nbstx.t06z,2026-09-18 06:45:35+00:00,45.583333333333336,"""d51df73bc422309095e9928a8bac1f01""",29611149,200,1,2026-09-18 06:00,81.0,1.0,True,
2026-09-18,NYC,KNYC,12Z,3,2026-09-18 12:00:00+00:00,2026-09-19 00:00:00+00:00,200,https://noaa-nbm-grib2-pds.s3.amazonaws.com/blend.20260918/12/text/blend_nbstx.t12z,2026-09-18 13:35:42+00:00,95.7,"""aec60e8e0f36b95f2ba357bd5dcd233a""",29720949,200,1,2026-09-18 12:00,81.0,1.0,True,
2026-09-18,Chicago,KMDW,prev18Z,0,2026-09-17 18:00:00+00:00,2026-09-19 00:00:00+00:00,200,https://noaa-nbm-grib2-pds.s3.amazonaws.com/blend.20260917/18/text/blend_nbstx.t18z,2026-09-17 18:45:37+00:00,45.61666666666667,"""ba05706bc15d75370a1e98ec12fc6611""",29611149,200,1,2026-09-17 18:00,72.0,2.0,True,
2026-09-18,Chicago,KMDW,00Z,1,2026-09-18 00:00:00+00:00,2026-09-19 00:00:00+00:00,200,https://noaa-nbm-grib2-pds.s3.amazonaws.com/blend.20260918/00/text/blend_nbstx.t00z,2026-09-18 01:16:40+00:00,76.66666666666667,"""51d99b3d1d2ca40b8235a3e9296e5a9a""",29720949,200,1,2026-09-18 00:00,72.0,2.0,True,
2026-09-18,Chicago,KMDW,06Z,2,2026-09-18 06:00:00+00:00,2026-09-19 00:00:00+00:00,200,https://noaa-nbm-grib2-pds.s3.amazonaws.com/blend.20260918/06/text/blend_nbstx.t06z,2026-09-18 06:45:35+00:00,45.583333333333336,"""d51df73bc422309095e9928a8bac1f01""",29611149,200,1,2026-09-18 06:00,72.0,2.0,True,
2026-09-18,Chicago,KMDW,12Z,3,2026-09-18 12:00:00+00:00,2026-09-19 00:00:00+00:00,200,https://noaa-nbm-grib2-pds.s3.amazonaws.com/blend.20260918/12/text/blend_nbstx.t12z,2026-09-18 13:35:42+00:00,95.7,"""aec60e8e0f36b95f2ba357bd5dcd233a""",29720949,200,1,2026-09-18 12:00,73.0,2.0,True,
2026-09-18,Denver,KDEN,prev18Z,0,2026-09-17 18:00:00+00:00,2026-09-19 00:00:00+00:00,200,https://noaa-nbm-grib2-pds.s3.amazonaws.com/blend.20260917/18/text/blend_nbstx.t18z,2026-09-17 18:45:37+00:00,45.61666666666667,"""ba05706bc15d75370a1e98ec12fc6611""",29611149,200,1,2026-09-17 18:00,85.0,2.0,True,
2026-09-18,Denver,KDEN,00Z,1,2026-09-18 00:00:00+00:00,2026-09-19 00:00:00+00:00,200,https://noaa-nbm-grib2-pds.s3.amazonaws.com/blend.20260918/00/text/blend_nbstx.t00z,2026-09-18 01:16:40+00:00,76.66666666666667,"""51d99b3d1d2ca40b8235a3e9296e5a9a""",29720949,200,1,2026-09-18 00:00,85.0,2.0,True,
2026-09-18,Denver,KDEN,06Z,2,2026-09-18 06:00:00+00:00,2026-09-19 00:00:00+00:00,200,https://noaa-nbm-grib2-pds.s3.amazonaws.com/blend.20260918/06/text/blend_nbstx.t06z,2026-09-18 06:45:35+00:00,45.583333333333336,"""d51df73bc422309095e9928a8bac1f01""",29611149,200,1,2026-09-18 06:00,85.0,2.0,True,
2026-09-18,Denver,KDEN,12Z,3,2026-09-18 12:00:00+00:00,2026-09-19 00:00:00+00:00,200,https://noaa-nbm-grib2-pds.s3.amazonaws.com/blend.20260918/12/text/blend_nbstx.t12z,2026-09-18 13:35:42+00:00,95.7,"""aec60e8e0f36b95f2ba357bd5dcd233a""",29720949,200,1,2026-09-18 12:00,86.0,2.0,True,
2026-09-19,NYC,KNYC,prev18Z,0,2026-09-18 18:00:00+00:00,2026-09-20 00:00:00+00:00,200,https://noaa-nbm-grib2-pds.s3.amazonaws.com/blend.20260918/18/text/blend_nbstx.t18z,2026-09-18 18:54:57+00:00,54.95,"""8d3f0e681bcb96b300c467808071459b""",29611149,200,1,2026-09-18 18:00,71.0,3.0,True,
2026-09-19,NYC,KNYC,00Z,1,2026-09-19 00:00:00+00:00,2026-09-20 00:00:00+00:00,200,https://noaa-nbm-grib2-pds.s3.amazonaws.com/blend.20260919/00/text/blend_nbstx.t00z,2026-09-19 01:16:32+00:00,76.53333333333333,"""756dbc1ab046369795708269e7f5de8c""",29720949,200,1,2026-09-19 00:00,71.0,3.0,True,
2026-09-19,NYC,KNYC,06Z,2,2026-09-19 06:00:00+00:00,2026-09-20 00:00:00+00:00,200,https://noaa-nbm-grib2-pds.s3.amazonaws.com/blend.20260919/06/text/blend_nbstx.t06z,2026-09-19 06:48:17+00:00,48.28333333333333,"""85489d4a11aea2e28e68824e3c10010b""",29611149,200,1,2026-09-19 06:00,71.0,3.0,True,
2026-09-19,NYC,KNYC,12Z,3,2026-09-19 12:00:00+00:00,2026-09-20 00:00:00+00:00,200,https://noaa-nbm-grib2-pds.s3.amazonaws.com/blend.20260919/12/text/blend_nbstx.t12z,2026-09-19 13:21:07+00:00,81.11666666666666,"""50d89cd70bfb6f83742c1e744111d6a6""",29720949,200,1,2026-09-19 12:00,71.0,3.0,True,
2026-09-19,Chicago,KMDW,prev18Z,0,2026-09-18 18:00:00+00:00,2026-09-20 00:00:00+00:00,200,https://noaa-nbm-grib2-pds.s3.amazonaws.com/blend.20260918/18/text/blend_nbstx.t18z,2026-09-18 18:54:57+00:00,54.95,"""8d3f0e681bcb96b300c467808071459b""",29611149,200,1,2026-09-18 18:00,77.0,7.0,True,
2026-09-19,Chicago,KMDW,00Z,1,2026-09-19 00:00:00+00:00,2026-09-20 00:00:00+00:00,200,https://noaa-nbm-grib2-pds.s3.amazonaws.com/blend.20260919/00/text/blend_nbstx.t00z,2026-09-19 01:16:32+00:00,76.53333333333333,"""756dbc1ab046369795708269e7f5de8c""",29720949,200,1,2026-09-19 00:00,77.0,6.0,True,
2026-09-19,Chicago,KMDW,06Z,2,2026-09-19 06:00:00+00:00,2026-09-20 00:00:00+00:00,200,https://noaa-nbm-grib2-pds.s3.amazonaws.com/blend.20260919/06/text/blend_nbstx.t06z,2026-09-19 06:48:17+00:00,48.28333333333333,"""85489d4a11aea2e28e68824e3c10010b""",29611149,200,1,2026-09-19 06:00,77.0,6.0,True,
2026-09-19,Chicago,KMDW,12Z,3,2026-09-19 12:00:00+00:00,2026-09-20 00:00:00+00:00,200,https://noaa-nbm-grib2-pds.s3.amazonaws.com/blend.20260919/12/text/blend_nbstx.t12z,2026-09-19 13:21:07+00:00,81.11666666666666,"""50d89cd70bfb6f83742c1e744111d6a6""",29720949,200,1,2026-09-19 12:00,77.0,5.0,True,
2026-09-19,Denver,KDEN,prev18Z,0,2026-09-18 18:00:00+00:00,2026-09-20 00:00:00+00:00,200,https://noaa-nbm-grib2-pds.s3.amazonaws.com/blend.20260918/18/text/blend_nbstx.t18z,2026-09-18 18:54:57+00:00,54.95,"""8d3f0e681bcb96b300c467808071459b""",29611149,200,1,2026-09-18 18:00,76.0,3.0,True,
2026-09-19,Denver,KDEN,00Z,1,2026-09-19 00:00:00+00:00,2026-09-20 00:00:00+00:00,200,https://noaa-nbm-grib2-pds.s3.amazonaws.com/blend.20260919/00/text/blend_nbstx.t00z,2026-09-19 01:16:32+00:00,76.53333333333333,"""756dbc1ab046369795708269e7f5de8c""",29720949,200,1,2026-09-19 00:00,76.0,3.0,True,
2026-09-19,Denver,KDEN,06Z,2,2026-09-19 06:00:00+00:00,2026-09-20 00:00:00+00:00,200,https://noaa-nbm-grib2-pds.s3.amazonaws.com/blend.20260919/06/text/blend_nbstx.t06z,2026-09-19 06:48:17+00:00,48.28333333333333,"""85489d4a11aea2e28e68824e3c10010b""",29611149,200,1,2026-09-19 06:00,76.0,3.0,True,
2026-09-19,Denver,KDEN,12Z,3,2026-09-19 12:00:00+00:00,2026-09-20 00:00:00+00:00,200,https://noaa-nbm-grib2-pds.s3.amazonaws.com/blend.20260919/12/text/blend_nbstx.t12z,2026-09-19 13:21:07+00:00,81.11666666666666,"""50d89cd70bfb6f83742c1e744111d6a6""",29720949,200,1,2026-09-19 12:00,77.0,2.0,True,
2026-09-20,NYC,KNYC,prev18Z,0,2026-09-19 18:00:00+00:00,2026-09-21 00:00:00+00:00,200,https://noaa-nbm-grib2-pds.s3.amazonaws.com/blend.20260919/18/text/blend_nbstx.t18z,2026-09-19 18:47:37+00:00,47.61666666666667,"""ca92a62d84de35855979a3012f74eba7""",29611149,200,1,2026-09-19 18:00,71.0,4.0,True,
2026-09-20,NYC,KNYC,00Z,1,2026-09-20 00:00:00+00:00,2026-09-21 00:00:00+00:00,200,https://noaa-nbm-grib2-pds.s3.amazonaws.com/blend.20260920/00/text/blend_nbstx.t00z,2026-09-20 01:20:30+00:00,80.5,"""ac97ae0ba851cd23a455d8e263c13667""",29720949,200,1,2026-09-20 00:00,71.0,4.0,True,
2026-09-20,NYC,KNYC,06Z,2,2026-09-20 06:00:00+00:00,2026-09-21 00:00:00+00:00,200,https://noaa-nbm-grib2-pds.s3.amazonaws.com/blend.20260920/06/text/blend_nbstx.t06z,2026-09-20 06:45:45+00:00,45.75,"""558d3714cc82d01efd2e63a1df9487be""",29611149,200,1,2026-09-20 06:00,70.0,3.0,True,
2026-09-20,NYC,KNYC,12Z,3,2026-09-20 12:00:00+00:00,2026-09-21 00:00:00+00:00,200,https://noaa-nbm-grib2-pds.s3.amazonaws.com/blend.20260920/12/text/blend_nbstx.t12z,2026-09-20 13:25:06+00:00,85.1,"""c2e350f66b9a37cc60c494fed2a5ba5a""",29720949,200,1,2026-09-20 12:00,71.0,3.0,True,
2026-09-20,Chicago,KMDW,prev18Z,0,2026-09-19 18:00:00+00:00,2026-09-21 00:00:00+00:00,200,https://noaa-nbm-grib2-pds.s3.amazonaws.com/blend.20260919/18/text/blend_nbstx.t18z,2026-09-19 18:47:37+00:00,47.61666666666667,"""ca92a62d84de35855979a3012f74eba7""",29611149,200,1,2026-09-19 18:00,69.0,1.0,True,
2026-09-20,Chicago,KMDW,00Z,1,2026-09-20 00:00:00+00:00,2026-09-21 00:00:00+00:00,200,https://noaa-nbm-grib2-pds.s3.amazonaws.com/blend.20260920/00/text/blend_nbstx.t00z,2026-09-20 01:20:30+00:00,80.5,"""ac97ae0ba851cd23a455d8e263c13667""",29720949,200,1,2026-09-20 00:00,70.0,2.0,True,
2026-09-20,Chicago,KMDW,06Z,2,2026-09-20 06:00:00+00:00,2026-09-21 00:00:00+00:00,200,https://noaa-nbm-grib2-pds.s3.amazonaws.com/blend.20260920/06/text/blend_nbstx.t06z,2026-09-20 06:45:45+00:00,45.75,"""558d3714cc82d01efd2e63a1df9487be""",29611149,200,1,2026-09-20 06:00,69.0,2.0,True,
2026-09-20,Chicago,KMDW,12Z,3,2026-09-20 12:00:00+00:00,2026-09-21 00:00:00+00:00,200,https://noaa-nbm-grib2-pds.s3.amazonaws.com/blend.20260920/12/text/blend_nbstx.t12z,2026-09-20 13:25:06+00:00,85.1,"""c2e350f66b9a37cc60c494fed2a5ba5a""",29720949,200,1,2026-09-20 12:00,70.0,2.0,True,
2026-09-20,Denver,KDEN,prev18Z,0,2026-09-19 18:00:00+00:00,2026-09-21 00:00:00+00:00,200,https://noaa-nbm-grib2-pds.s3.amazonaws.com/blend.20260919/18/text/blend_nbstx.t18z,2026-09-19 18:47:37+00:00,47.61666666666667,"""ca92a62d84de35855979a3012f74eba7""",29611149,200,1,2026-09-19 18:00,71.0,3.0,True,
2026-09-20,Denver,KDEN,00Z,1,2026-09-20 00:00:00+00:00,2026-09-21 00:00:00+00:00,200,https://noaa-nbm-grib2-pds.s3.amazonaws.com/blend.20260920/00/text/blend_nbstx.t00z,2026-09-20 01:20:30+00:00,80.5,"""ac97ae0ba851cd23a455d8e263c13667""",29720949,200,1,2026-09-20 00:00,72.0,2.0,True,
2026-09-20,Denver,KDEN,06Z,2,2026-09-20 06:00:00+00:00,2026-09-21 00:00:00+00:00,200,https://noaa-nbm-grib2-pds.s3.amazonaws.com/blend.20260920/06/text/blend_nbstx.t06z,2026-09-20 06:45:45+00:00,45.75,"""558d3714cc82d01efd2e63a1df9487be""",29611149,200,1,2026-09-20 06:00,72.0,2.0,True,
2026-09-20,Denver,KDEN,12Z,3,2026-09-20 12:00:00+00:00,2026-09-21 00:00:00+00:00,200,https://noaa-nbm-grib2-pds.s3.amazonaws.com/blend.20260920/12/text/blend_nbstx.t12z,2026-09-20 13:25:06+00:00,85.1,"""c2e350f66b9a37cc60c494fed2a5ba5a""",29720949,200,1,2026-09-20 12:00,73.0,3.0,True,
2026-09-21,NYC,KNYC,prev18Z,0,2026-09-20 18:00:00+00:00,2026-09-22 00:00:00+00:00,200,https://noaa-nbm-grib2-pds.s3.amazonaws.com/blend.20260920/18/text/blend_nbstx.t18z,2026-09-20 18:46:22+00:00,46.36666666666667,"""24f7c17bf5088230aa0c828d28a70ea4""",29611149,200,1,2026-09-20 18:00,70.0,3.0,True,
2026-09-21,NYC,KNYC,00Z,1,2026-09-21 00:00:00+00:00,2026-09-22 00:00:00+00:00,200,https://noaa-nbm-grib2-pds.s3.amazonaws.com/blend.20260921/00/text/blend_nbstx.t00z,2026-09-21 01:17:55+00:00,77.91666666666667,"""d5e828e6c0695c0fd6eee783f7f627d9""",29720949,200,1,2026-09-21 00:00,70.0,3.0,True,
2026-09-21,NYC,KNYC,06Z,2,2026-09-21 06:00:00+00:00,2026-09-22 00:00:00+00:00,200,https://noaa-nbm-grib2-pds.s3.amazonaws.com/blend.20260921/06/text/blend_nbstx.t06z,2026-09-21 06:56:03+00:00,56.05,"""e602205c893b754e1672326e7269e68d""",29611149,200,1,2026-09-21 06:00,71.0,3.0,True,
2026-09-21,NYC,KNYC,12Z,3,2026-09-21 12:00:00+00:00,2026-09-22 00:00:00+00:00,200,https://noaa-nbm-grib2-pds.s3.amazonaws.com/blend.20260921/12/text/blend_nbstx.t12z,2026-09-21 13:24:06+00:00,84.1,"""7d339730db1e36882e04808123b912ea""",29720949,200,1,2026-09-21 12:00,73.0,2.0,True,
2026-09-21,Chicago,KMDW,prev18Z,0,2026-09-20 18:00:00+00:00,2026-09-22 00:00:00+00:00,200,https://noaa-nbm-grib2-pds.s3.amazonaws.com/blend.20260920/18/text/blend_nbstx.t18z,2026-09-20 18:46:22+00:00,46.36666666666667,"""24f7c17bf5088230aa0c828d28a70ea4""",29611149,200,1,2026-09-20 18:00,65.0,2.0,True,
2026-09-21,Chicago,KMDW,00Z,1,2026-09-21 00:00:00+00:00,2026-09-22 00:00:00+00:00,200,https://noaa-nbm-grib2-pds.s3.amazonaws.com/blend.20260921/00/text/blend_nbstx.t00z,2026-09-21 01:17:55+00:00,77.91666666666667,"""d5e828e6c0695c0fd6eee783f7f627d9""",29720949,200,1,2026-09-21 00:00,65.0,2.0,True,
2026-09-21,Chicago,KMDW,06Z,2,2026-09-21 06:00:00+00:00,2026-09-22 00:00:00+00:00,200,https://noaa-nbm-grib2-pds.s3.amazonaws.com/blend.20260921/06/text/blend_nbstx.t06z,2026-09-21 06:56:03+00:00,56.05,"""e602205c893b754e1672326e7269e68d""",29611149,200,1,2026-09-21 06:00,65.0,2.0,True,
2026-09-21,Chicago,KMDW,12Z,3,2026-09-21 12:00:00+00:00,2026-09-22 00:00:00+00:00,200,https://noaa-nbm-grib2-pds.s3.amazonaws.com/blend.20260921/12/text/blend_nbstx.t12z,2026-09-21 13:24:06+00:00,84.1,"""7d339730db1e36882e04808123b912ea""",29720949,200,1,2026-09-21 12:00,65.0,2.0,True,
2026-09-21,Denver,KDEN,prev18Z,0,2026-09-20 18:00:00+00:00,2026-09-22 00:00:00+00:00,200,https://noaa-nbm-grib2-pds.s3.amazonaws.com/blend.20260920/18/text/blend_nbstx.t18z,2026-09-20 18:46:22+00:00,46.36666666666667,"""24f7c17bf5088230aa0c828d28a70ea4""",29611149,200,1,2026-09-20 18:00,74.0,2.0,True,
2026-09-21,Denver,KDEN,00Z,1,2026-09-21 00:00:00+00:00,2026-09-22 00:00:00+00:00,200,https://noaa-nbm-grib2-pds.s3.amazonaws.com/blend.20260921/00/text/blend_nbstx.t00z,2026-09-21 01:17:55+00:00,77.91666666666667,"""d5e828e6c0695c0fd6eee783f7f627d9""",29720949,200,1,2026-09-21 00:00,74.0,1.0,True,
2026-09-21,Denver,KDEN,06Z,2,2026-09-21 06:00:00+00:00,2026-09-22 00:00:00+00:00,200,https://noaa-nbm-grib2-pds.s3.amazonaws.com/blend.20260921/06/text/blend_nbstx.t06z,2026-09-21 06:56:03+00:00,56.05,"""e602205c893b754e1672326e7269e68d""",29611149,200,1,2026-09-21 06:00,74.0,2.0,True,
2026-09-21,Denver,KDEN,12Z,3,2026-09-21 12:00:00+00:00,2026-09-22 00:00:00+00:00,200,https://noaa-nbm-grib2-pds.s3.amazonaws.com/blend.20260921/12/text/blend_nbstx.t12z,2026-09-21 13:24:06+00:00,84.1,"""7d339730db1e36882e04808123b912ea""",29720949,200,1,2026-09-21 12:00,75.0,2.0,True,
2026-09-22,NYC,KNYC,prev18Z,0,2026-09-21 18:00:00+00:00,2026-09-23 00:00:00+00:00,200,https://noaa-nbm-grib2-pds.s3.amazonaws.com/blend.20260921/18/text/blend_nbstx.t18z,2026-09-21 18:43:34+00:00,43.56666666666667,"""ae27ea7bff7cf1ddbdeb5ba75219c417""",29611149,200,1,2026-09-21 18:00,64.0,3.0,True,
2026-09-22,NYC,KNYC,00Z,1,2026-09-22 00:00:00+00:00,2026-09-23 00:00:00+00:00,200,https://noaa-nbm-grib2-pds.s3.amazonaws.com/blend.20260922/00/text/blend_nbstx.t00z,2026-09-22 01:15:49+00:00,75.81666666666666,"""11f69b1f9a09a820dc796500885801df""",29720949,200,1,2026-09-22 00:00,64.0,3.0,True,
2026-09-22,NYC,KNYC,06Z,2,2026-09-22 06:00:00+00:00,2026-09-23 00:00:00+00:00,200,https://noaa-nbm-grib2-pds.s3.amazonaws.com/blend.20260922/06/text/blend_nbstx.t06z,2026-09-22 06:45:05+00:00,45.083333333333336,"""6f85f1829f0e8a229ad69c77de67325f""",29611149,200,1,2026-09-22 06:00,64.0,3.0,True,
2026-09-22,NYC,KNYC,12Z,3,2026-09-22 12:00:00+00:00,2026-09-23 00:00:00+00:00,200,https://noaa-nbm-grib2-pds.s3.amazonaws.com/blend.20260922/12/text/blend_nbstx.t12z,2026-09-22 13:31:54+00:00,91.9,"""590f10b7684d9b616fd62beede3654bc""",29720949,200,1,2026-09-22 12:00,67.0,3.0,True,
2026-09-22,Chicago,KMDW,prev18Z,0,2026-09-21 18:00:00+00:00,2026-09-23 00:00:00+00:00,200,https://noaa-nbm-grib2-pds.s3.amazonaws.com/blend.20260921/18/text/blend_nbstx.t18z,2026-09-21 18:43:34+00:00,43.56666666666667,"""ae27ea7bff7cf1ddbdeb5ba75219c417""",29611149,200,1,2026-09-21 18:00,63.0,2.0,True,
2026-09-22,Chicago,KMDW,00Z,1,2026-09-22 00:00:00+00:00,2026-09-23 00:00:00+00:00,200,https://noaa-nbm-grib2-pds.s3.amazonaws.com/blend.20260922/00/text/blend_nbstx.t00z,2026-09-22 01:15:49+00:00,75.81666666666666,"""11f69b1f9a09a820dc796500885801df""",29720949,200,1,2026-09-22 00:00,63.0,2.0,True,
2026-09-22,Chicago,KMDW,06Z,2,2026-09-22 06:00:00+00:00,2026-09-23 00:00:00+00:00,200,https://noaa-nbm-grib2-pds.s3.amazonaws.com/blend.20260922/06/text/blend_nbstx.t06z,2026-09-22 06:45:05+00:00,45.083333333333336,"""6f85f1829f0e8a229ad69c77de67325f""",29611149,200,1,2026-09-22 06:00,63.0,2.0,True,
2026-09-22,Chicago,KMDW,12Z,3,2026-09-22 12:00:00+00:00,2026-09-23 00:00:00+00:00,200,https://noaa-nbm-grib2-pds.s3.amazonaws.com/blend.20260922/12/text/blend_nbstx.t12z,2026-09-22 13:31:54+00:00,91.9,"""590f10b7684d9b616fd62beede3654bc""",29720949,200,1,2026-09-22 12:00,65.0,2.0,True,
2026-09-22,Denver,KDEN,prev18Z,0,2026-09-21 18:00:00+00:00,2026-09-23 00:00:00+00:00,200,https://noaa-nbm-grib2-pds.s3.amazonaws.com/blend.20260921/18/text/blend_nbstx.t18z,2026-09-21 18:43:34+00:00,43.56666666666667,"""ae27ea7bff7cf1ddbdeb5ba75219c417""",29611149,200,1,2026-09-21 18:00,82.0,2.0,True,
2026-09-22,Denver,KDEN,00Z,1,2026-09-22 00:00:00+00:00,2026-09-23 00:00:00+00:00,200,https://noaa-nbm-grib2-pds.s3.amazonaws.com/blend.20260922/00/text/blend_nbstx.t00z,2026-09-22 01:15:49+00:00,75.81666666666666,"""11f69b1f9a09a820dc796500885801df""",29720949,200,1,2026-09-22 00:00,82.0,2.0,True,
2026-09-22,Denver,KDEN,06Z,2,2026-09-22 06:00:00+00:00,2026-09-23 00:00:00+00:00,200,https://noaa-nbm-grib2-pds.s3.amazonaws.com/blend.20260922/06/text/blend_nbstx.t06z,2026-09-22 06:45:05+00:00,45.083333333333336,"""6f85f1829f0e8a229ad69c77de67325f""",29611149,200,1,2026-09-22 06:00,82.0,2.0,True,
2026-09-22,Denver,KDEN,12Z,3,2026-09-22 12:00:00+00:00,2026-09-23 00:00:00+00:00,200,https://noaa-nbm-grib2-pds.s3.amazonaws.com/blend.20260922/12/text/blend_nbstx.t12z,2026-09-22 13:31:54+00:00,91.9,"""590f10b7684d9b616fd62beede3654bc""",29720949,200,1,2026-09-22 12:00,84.0,2.0,True,
2026-09-23,NYC,KNYC,prev18Z,0,2026-09-22 18:00:00+00:00,2026-09-24 00:00:00+00:00,200,https://noaa-nbm-grib2-pds.s3.amazonaws.com/blend.20260922/18/text/blend_nbstx.t18z,2026-09-22 18:43:33+00:00,43.55,"""c52927e6bacf976c0a274f7754ba7b49""",29611149,200,1,2026-09-22 18:00,67.0,2.0,True,
2026-09-23,NYC,KNYC,00Z,1,2026-09-23 00:00:00+00:00,2026-09-24 00:00:00+00:00,200,https://noaa-nbm-grib2-pds.s3.amazonaws.com/blend.20260923/00/text/blend_nbstx.t00z,2026-09-23 01:18:36+00:00,78.6,"""448acbdb9cad7315405f1753d0b0ce4d""",29720949,200,1,2026-09-23 00:00,67.0,2.0,True,
2026-09-23,NYC,KNYC,06Z,2,2026-09-23 06:00:00+00:00,2026-09-24 00:00:00+00:00,200,https://noaa-nbm-grib2-pds.s3.amazonaws.com/blend.20260923/06/text/blend_nbstx.t06z,2026-09-23 06:46:11+00:00,46.18333333333333,"""457278b5e35d8d28d720173b3f07c6fd""",29611149,200,1,2026-09-23 06:00,67.0,2.0,True,
2026-09-23,NYC,KNYC,12Z,3,2026-09-23 12:00:00+00:00,2026-09-24 00:00:00+00:00,200,https://noaa-nbm-grib2-pds.s3.amazonaws.com/blend.20260923/12/text/blend_nbstx.t12z,2026-09-23 13:35:02+00:00,95.03333333333333,"""4d4c901ef11defdcdc3be75ee3076555""",29720949,200,1,2026-09-23 12:00,69.0,2.0,True,
2026-09-23,Chicago,KMDW,prev18Z,0,2026-09-22 18:00:00+00:00,2026-09-24 00:00:00+00:00,200,https://noaa-nbm-grib2-pds.s3.amazonaws.com/blend.20260922/18/text/blend_nbstx.t18z,2026-09-22 18:43:33+00:00,43.55,"""c52927e6bacf976c0a274f7754ba7b49""",29611149,200,1,2026-09-22 18:00,67.0,2.0,True,
2026-09-23,Chicago,KMDW,00Z,1,2026-09-23 00:00:00+00:00,2026-09-24 00:00:00+00:00,200,https://noaa-nbm-grib2-pds.s3.amazonaws.com/blend.20260923/00/text/blend_nbstx.t00z,2026-09-23 01:18:36+00:00,78.6,"""448acbdb9cad7315405f1753d0b0ce4d""",29720949,200,1,2026-09-23 00:00,66.0,2.0,True,
2026-09-23,Chicago,KMDW,06Z,2,2026-09-23 06:00:00+00:00,2026-09-24 00:00:00+00:00,200,https://noaa-nbm-grib2-pds.s3.amazonaws.com/blend.20260923/06/text/blend_nbstx.t06z,2026-09-23 06:46:11+00:00,46.18333333333333,"""457278b5e35d8d28d720173b3f07c6fd""",29611149,200,1,2026-09-23 06:00,66.0,2.0,True,
2026-09-23,Chicago,KMDW,12Z,3,2026-09-23 12:00:00+00:00,2026-09-24 00:00:00+00:00,200,https://noaa-nbm-grib2-pds.s3.amazonaws.com/blend.20260923/12/text/blend_nbstx.t12z,2026-09-23 13:35:02+00:00,95.03333333333333,"""4d4c901ef11defdcdc3be75ee3076555""",29720949,200,1,2026-09-23 12:00,68.0,3.0,True,
2026-09-23,Denver,KDEN,prev18Z,0,2026-09-22 18:00:00+00:00,2026-09-24 00:00:00+00:00,200,https://noaa-nbm-grib2-pds.s3.amazonaws.com/blend.20260922/18/text/blend_nbstx.t18z,2026-09-22 18:43:33+00:00,43.55,"""c52927e6bacf976c0a274f7754ba7b49""",29611149,200,1,2026-09-22 18:00,79.0,3.0,True,
2026-09-23,Denver,KDEN,00Z,1,2026-09-23 00:00:00+00:00,2026-09-24 00:00:00+00:00,200,https://noaa-nbm-grib2-pds.s3.amazonaws.com/blend.20260923/00/text/blend_nbstx.t00z,2026-09-23 01:18:36+00:00,78.6,"""448acbdb9cad7315405f1753d0b0ce4d""",29720949,200,1,2026-09-23 00:00,79.0,2.0,True,
2026-09-23,Denver,KDEN,06Z,2,2026-09-23 06:00:00+00:00,2026-09-24 00:00:00+00:00,200,https://noaa-nbm-grib2-pds.s3.amazonaws.com/blend.20260923/06/text/blend_nbstx.t06z,2026-09-23 06:46:11+00:00,46.18333333333333,"""457278b5e35d8d28d720173b3f07c6fd""",29611149,200,1,2026-09-23 06:00,78.0,2.0,True,
2026-09-23,Denver,KDEN,12Z,3,2026-09-23 12:00:00+00:00,2026-09-24 00:00:00+00:00,200,https://noaa-nbm-grib2-pds.s3.amazonaws.com/blend.20260923/12/text/blend_nbstx.t12z,2026-09-23 13:35:02+00:00,95.03333333333333,"""4d4c901ef11defdcdc3be75ee3076555""",29720949,200,1,2026-09-23 12:00,80.0,2.0,True,
2026-09-24,NYC,KNYC,prev18Z,0,2026-09-23 18:00:00+00:00,2026-09-25 00:00:00+00:00,200,https://noaa-nbm-grib2-pds.s3.amazonaws.com/blend.20260923/18/text/blend_nbstx.t18z,2026-09-23 18:55:41+00:00,55.68333333333333,"""210888ed4198959849da3730f4657696""",29611149,200,1,2026-09-23 18:00,68.0,3.0,True,
2026-09-24,NYC,KNYC,00Z,1,2026-09-24 00:00:00+00:00,2026-09-25 00:00:00+00:00,200,https://noaa-nbm-grib2-pds.s3.amazonaws.com/blend.20260924/00/text/blend_nbstx.t00z,2026-09-24 14:17:12+00:00,857.2,"""d38a1dc7b1ae76f4f760fdfcc3746ed3""",29720949,200,1,2026-09-24 00:00,69.0,2.0,True,
2026-09-24,NYC,KNYC,06Z,2,2026-09-24 06:00:00+00:00,2026-09-25 00:00:00+00:00,200,https://noaa-nbm-grib2-pds.s3.amazonaws.com/blend.20260924/06/text/blend_nbstx.t06z,2026-09-24 15:31:56+00:00,571.9333333333333,"""0c3bbf6d51a927535ef2f66b8d785243""",29611149,200,1,2026-09-24 06:00,68.0,3.0,True,
2026-09-24,NYC,KNYC,12Z,3,2026-09-24 12:00:00+00:00,2026-09-25 00:00:00+00:00,200,https://noaa-nbm-grib2-pds.s3.amazonaws.com/blend.20260924/12/text/blend_nbstx.t12z,2026-09-24 16:10:11+00:00,250.18333333333334,"""ad6c61ce9a7158bc3a614e9ae24f591f""",29720949,200,1,2026-09-24 12:00,69.0,2.0,True,
2026-09-24,Chicago,KMDW,prev18Z,0,2026-09-23 18:00:00+00:00,2026-09-25 00:00:00+00:00,200,https://noaa-nbm-grib2-pds.s3.amazonaws.com/blend.20260923/18/text/blend_nbstx.t18z,2026-09-23 18:55:41+00:00,55.68333333333333,"""210888ed4198959849da3730f4657696""",29611149,200,1,2026-09-23 18:00,69.0,2.0,True,
2026-09-24,Chicago,KMDW,00Z,1,2026-09-24 00:00:00+00:00,2026-09-25 00:00:00+00:00,200,https://noaa-nbm-grib2-pds.s3.amazonaws.com/blend.20260924/00/text/blend_nbstx.t00z,2026-09-24 14:17:12+00:00,857.2,"""d38a1dc7b1ae76f4f760fdfcc3746ed3""",29720949,200,1,2026-09-24 00:00,69.0,2.0,True,
2026-09-24,Chicago,KMDW,06Z,2,2026-09-24 06:00:00+00:00,2026-09-25 00:00:00+00:00,200,https://noaa-nbm-grib2-pds.s3.amazonaws.com/blend.20260924/06/text/blend_nbstx.t06z,2026-09-24 15:31:56+00:00,571.9333333333333,"""0c3bbf6d51a927535ef2f66b8d785243""",29611149,200,1,2026-09-24 06:00,69.0,2.0,True,
2026-09-24,Chicago,KMDW,12Z,3,2026-09-24 12:00:00+00:00,2026-09-25 00:00:00+00:00,200,https://noaa-nbm-grib2-pds.s3.amazonaws.com/blend.20260924/12/text/blend_nbstx.t12z,2026-09-24 16:10:11+00:00,250.18333333333334,"""ad6c61ce9a7158bc3a614e9ae24f591f""",29720949,200,1,2026-09-24 12:00,72.0,1.0,True,
2026-09-24,Denver,KDEN,prev18Z,0,2026-09-23 18:00:00+00:00,2026-09-25 00:00:00+00:00,200,https://noaa-nbm-grib2-pds.s3.amazonaws.com/blend.20260923/18/text/blend_nbstx.t18z,2026-09-23 18:55:41+00:00,55.68333333333333,"""210888ed4198959849da3730f4657696""",29611149,200,1,2026-09-23 18:00,69.0,5.0,True,
2026-09-24,Denver,KDEN,00Z,1,2026-09-24 00:00:00+00:00,2026-09-25 00:00:00+00:00,200,https://noaa-nbm-grib2-pds.s3.amazonaws.com/blend.20260924/00/text/blend_nbstx.t00z,2026-09-24 14:17:12+00:00,857.2,"""d38a1dc7b1ae76f4f760fdfcc3746ed3""",29720949,200,1,2026-09-24 00:00,71.0,4.0,True,
2026-09-24,Denver,KDEN,06Z,2,2026-09-24 06:00:00+00:00,2026-09-25 00:00:00+00:00,200,https://noaa-nbm-grib2-pds.s3.amazonaws.com/blend.20260924/06/text/blend_nbstx.t06z,2026-09-24 15:31:56+00:00,571.9333333333333,"""0c3bbf6d51a927535ef2f66b8d785243""",29611149,200,1,2026-09-24 06:00,72.0,4.0,True,
2026-09-24,Denver,KDEN,12Z,3,2026-09-24 12:00:00+00:00,2026-09-25 00:00:00+00:00,200,https://noaa-nbm-grib2-pds.s3.amazonaws.com/blend.20260924/12/text/blend_nbstx.t12z,2026-09-24 16:10:11+00:00,250.18333333333334,"""ad6c61ce9a7158bc3a614e9ae24f591f""",29720949,200,1,2026-09-24 12:00,75.0,3.0,True,
2026-09-25,NYC,KNYC,prev18Z,0,2026-09-24 18:00:00+00:00,2026-09-26 00:00:00+00:00,200,https://noaa-nbm-grib2-pds.s3.amazonaws.com/blend.20260924/18/text/blend_nbstx.t18z,2026-09-24 18:43:09+00:00,43.15,"""cd90a50c9d37f8957215038b5dbf90f4""",29611149,200,1,2026-09-24 18:00,69.0,5.0,True,
2026-09-25,NYC,KNYC,00Z,1,2026-09-25 00:00:00+00:00,2026-09-26 00:00:00+00:00,200,https://noaa-nbm-grib2-pds.s3.amazonaws.com/blend.20260925/00/text/blend_nbstx.t00z,2026-09-25 01:18:04+00:00,78.06666666666666,"""06a2fcdaf437b1dcfd8ff843fe40799b""",29720949,200,1,2026-09-25 00:00,70.0,4.0,True,
2026-09-25,NYC,KNYC,06Z,2,2026-09-25 06:00:00+00:00,2026-09-26 00:00:00+00:00,200,https://noaa-nbm-grib2-pds.s3.amazonaws.com/blend.20260925/06/text/blend_nbstx.t06z,2026-09-25 06:42:42+00:00,42.7,"""cd5f899b0a38db93c39705f32be2d938""",29611149,200,1,2026-09-25 06:00,71.0,3.0,True,
2026-09-25,NYC,KNYC,12Z,3,2026-09-25 12:00:00+00:00,2026-09-26 00:00:00+00:00,200,https://noaa-nbm-grib2-pds.s3.amazonaws.com/blend.20260925/12/text/blend_nbstx.t12z,2026-09-25 13:17:46+00:00,77.76666666666667,"""ad1ac9e2c713978fc0113dffaf01fc6b""",29720949,200,1,2026-09-25 12:00,72.0,2.0,True,
2026-09-25,Chicago,KMDW,prev18Z,0,2026-09-24 18:00:00+00:00,2026-09-26 00:00:00+00:00,200,https://noaa-nbm-grib2-pds.s3.amazonaws.com/blend.20260924/18/text/blend_nbstx.t18z,2026-09-24 18:43:09+00:00,43.15,"""cd90a50c9d37f8957215038b5dbf90f4""",29611149,200,1,2026-09-24 18:00,66.0,2.0,True,
2026-09-25,Chicago,KMDW,00Z,1,2026-09-25 00:00:00+00:00,2026-09-26 00:00:00+00:00,200,https://noaa-nbm-grib2-pds.s3.amazonaws.com/blend.20260925/00/text/blend_nbstx.t00z,2026-09-25 01:18:04+00:00,78.06666666666666,"""06a2fcdaf437b1dcfd8ff843fe40799b""",29720949,200,1,2026-09-25 00:00,66.0,2.0,True,
2026-09-25,Chicago,KMDW,06Z,2,2026-09-25 06:00:00+00:00,2026-09-26 00:00:00+00:00,200,https://noaa-nbm-grib2-pds.s3.amazonaws.com/blend.20260925/06/text/blend_nbstx.t06z,2026-09-25 06:42:42+00:00,42.7,"""cd5f899b0a38db93c39705f32be2d938""",29611149,200,1,2026-09-25 06:00,66.0,2.0,True,
2026-09-25,Chicago,KMDW,12Z,3,2026-09-25 12:00:00+00:00,2026-09-26 00:00:00+00:00,200,https://noaa-nbm-grib2-pds.s3.amazonaws.com/blend.20260925/12/text/blend_nbstx.t12z,2026-09-25 13:17:46+00:00,77.76666666666667,"""ad1ac9e2c713978fc0113dffaf01fc6b""",29720949,200,1,2026-09-25 12:00,68.0,1.0,True,
2026-09-25,Denver,KDEN,prev18Z,0,2026-09-24 18:00:00+00:00,2026-09-26 00:00:00+00:00,200,https://noaa-nbm-grib2-pds.s3.amazonaws.com/blend.20260924/18/text/blend_nbstx.t18z,2026-09-24 18:43:09+00:00,43.15,"""cd90a50c9d37f8957215038b5dbf90f4""",29611149,200,1,2026-09-24 18:00,75.0,3.0,True,
2026-09-25,Denver,KDEN,00Z,1,2026-09-25 00:00:00+00:00,2026-09-26 00:00:00+00:00,200,https://noaa-nbm-grib2-pds.s3.amazonaws.com/blend.20260925/00/text/blend_nbstx.t00z,2026-09-25 01:18:04+00:00,78.06666666666666,"""06a2fcdaf437b1dcfd8ff843fe40799b""",29720949,200,1,2026-09-25 00:00,75.0,3.0,True,
2026-09-25,Denver,KDEN,06Z,2,2026-09-25 06:00:00+00:00,2026-09-26 00:00:00+00:00,200,https://noaa-nbm-grib2-pds.s3.amazonaws.com/blend.20260925/06/text/blend_nbstx.t06z,2026-09-25 06:42:42+00:00,42.7,"""cd5f899b0a38db93c39705f32be2d938""",29611149,200,1,2026-09-25 06:00,75.0,2.0,True,
2026-09-25,Denver,KDEN,12Z,3,2026-09-25 12:00:00+00:00,2026-09-26 00:00:00+00:00,200,https://noaa-nbm-grib2-pds.s3.amazonaws.com/blend.20260925/12/text/blend_nbstx.t12z,2026-09-25 13:17:46+00:00,77.76666666666667,"""ad1ac9e2c713978fc0113dffaf01fc6b""",29720949,200,1,2026-09-25 12:00,76.0,2.0,True,
2026-09-26,NYC,KNYC,prev18Z,0,2026-09-25 18:00:00+00:00,2026-09-27 00:00:00+00:00,200,https://noaa-nbm-grib2-pds.s3.amazonaws.com/blend.20260925/18/text/blend_nbstx.t18z,2026-09-25 18:56:07+00:00,56.11666666666667,"""419127e962a69c31cf7bc77387528b49""",29611149,200,1,2026-09-25 18:00,62.0,4.0,True,
2026-09-26,NYC,KNYC,00Z,1,2026-09-26 00:00:00+00:00,2026-09-27 00:00:00+00:00,200,https://noaa-nbm-grib2-pds.s3.amazonaws.com/blend.20260926/00/text/blend_nbstx.t00z,2026-09-26 01:16:28+00:00,76.46666666666667,"""07e67c7b0ab4022c1e910a761fd6ce72""",29720949,200,1,2026-09-26 00:00,62.0,4.0,True,
2026-09-26,NYC,KNYC,06Z,2,2026-09-26 06:00:00+00:00,2026-09-27 00:00:00+00:00,200,https://noaa-nbm-grib2-pds.s3.amazonaws.com/blend.20260926/06/text/blend_nbstx.t06z,2026-09-26 06:47:47+00:00,47.78333333333333,"""571138efe51dc23a1c19837440e3b08f""",29611149,200,1,2026-09-26 06:00,61.0,3.0,True,
2026-09-26,NYC,KNYC,12Z,3,2026-09-26 12:00:00+00:00,2026-09-27 00:00:00+00:00,200,https://noaa-nbm-grib2-pds.s3.amazonaws.com/blend.20260926/12/text/blend_nbstx.t12z,2026-09-26 13:42:51+00:00,102.85,"""a1901c98c68677976b7a94ad9c10ee43""",29720949,200,1,2026-09-26 12:00,63.0,4.0,True,
2026-09-26,Chicago,KMDW,prev18Z,0,2026-09-25 18:00:00+00:00,2026-09-27 00:00:00+00:00,200,https://noaa-nbm-grib2-pds.s3.amazonaws.com/blend.20260925/18/text/blend_nbstx.t18z,2026-09-25 18:56:07+00:00,56.11666666666667,"""419127e962a69c31cf7bc77387528b49""",29611149,200,1,2026-09-25 18:00,68.0,2.0,True,
2026-09-26,Chicago,KMDW,00Z,1,2026-09-26 00:00:00+00:00,2026-09-27 00:00:00+00:00,200,https://noaa-nbm-grib2-pds.s3.amazonaws.com/blend.20260926/00/text/blend_nbstx.t00z,2026-09-26 01:16:28+00:00,76.46666666666667,"""07e67c7b0ab4022c1e910a761fd6ce72""",29720949,200,1,2026-09-26 00:00,68.0,3.0,True,
2026-09-26,Chicago,KMDW,06Z,2,2026-09-26 06:00:00+00:00,2026-09-27 00:00:00+00:00,200,https://noaa-nbm-grib2-pds.s3.amazonaws.com/blend.20260926/06/text/blend_nbstx.t06z,2026-09-26 06:47:47+00:00,47.78333333333333,"""571138efe51dc23a1c19837440e3b08f""",29611149,200,1,2026-09-26 06:00,68.0,2.0,True,
2026-09-26,Chicago,KMDW,12Z,3,2026-09-26 12:00:00+00:00,2026-09-27 00:00:00+00:00,200,https://noaa-nbm-grib2-pds.s3.amazonaws.com/blend.20260926/12/text/blend_nbstx.t12z,2026-09-26 13:42:51+00:00,102.85,"""a1901c98c68677976b7a94ad9c10ee43""",29720949,200,1,2026-09-26 12:00,69.0,2.0,True,
2026-09-26,Denver,KDEN,prev18Z,0,2026-09-25 18:00:00+00:00,2026-09-27 00:00:00+00:00,200,https://noaa-nbm-grib2-pds.s3.amazonaws.com/blend.20260925/18/text/blend_nbstx.t18z,2026-09-25 18:56:07+00:00,56.11666666666667,"""419127e962a69c31cf7bc77387528b49""",29611149,200,1,2026-09-25 18:00,82.0,2.0,True,
2026-09-26,Denver,KDEN,00Z,1,2026-09-26 00:00:00+00:00,2026-09-27 00:00:00+00:00,200,https://noaa-nbm-grib2-pds.s3.amazonaws.com/blend.20260926/00/text/blend_nbstx.t00z,2026-09-26 01:16:28+00:00,76.46666666666667,"""07e67c7b0ab4022c1e910a761fd6ce72""",29720949,200,1,2026-09-26 00:00,82.0,2.0,True,
2026-09-26,Denver,KDEN,06Z,2,2026-09-26 06:00:00+00:00,2026-09-27 00:00:00+00:00,200,https://noaa-nbm-grib2-pds.s3.amazonaws.com/blend.20260926/06/text/blend_nbstx.t06z,2026-09-26 06:47:47+00:00,47.78333333333333,"""571138efe51dc23a1c19837440e3b08f""",29611149,200,1,2026-09-26 06:00,82.0,2.0,True,
2026-09-26,Denver,KDEN,12Z,3,2026-09-26 12:00:00+00:00,2026-09-27 00:00:00+00:00,200,https://noaa-nbm-grib2-pds.s3.amazonaws.com/blend.20260926/12/text/blend_nbstx.t12z,2026-09-26 13:42:51+00:00,102.85,"""a1901c98c68677976b7a94ad9c10ee43""",29720949,200,1,2026-09-26 12:00,83.0,1.0,True,
2026-09-27,NYC,KNYC,prev18Z,0,2026-09-26 18:00:00+00:00,2026-09-28 00:00:00+00:00,200,https://noaa-nbm-grib2-pds.s3.amazonaws.com/blend.20260926/18/text/blend_nbstx.t18z,2026-09-26 18:51:26+00:00,51.43333333333333,"""a03414a7a89e7f8bd75071dbae27bc4e""",29611149,200,1,2026-09-26 18:00,66.0,2.0,True,
2026-09-27,NYC,KNYC,00Z,1,2026-09-27 00:00:00+00:00,2026-09-28 00:00:00+00:00,200,https://noaa-nbm-grib2-pds.s3.amazonaws.com/blend.20260927/00/text/blend_nbstx.t00z,2026-09-27 01:26:03+00:00,86.05,"""d76b7b2c896356065482ca5827f6df44""",29720949,200,1,2026-09-27 00:00,66.0,2.0,True,
2026-09-27,NYC,KNYC,06Z,2,2026-09-27 06:00:00+00:00,2026-09-28 00:00:00+00:00,200,https://noaa-nbm-grib2-pds.s3.amazonaws.com/blend.20260927/06/text/blend_nbstx.t06z,2026-09-27 06:56:04+00:00,56.06666666666667,"""7583a45be4fa67d8d5a7c9ff3d925518""",29611149,200,1,2026-09-27 06:00,66.0,2.0,True,
2026-09-27,NYC,KNYC,12Z,3,2026-09-27 12:00:00+00:00,2026-09-28 00:00:00+00:00,200,https://noaa-nbm-grib2-pds.s3.amazonaws.com/blend.20260927/12/text/blend_nbstx.t12z,2026-09-27 13:29:36+00:00,89.6,"""8ef91d2791d67ee18a31ee2745aefa7d""",29720949,200,1,2026-09-27 12:00,68.0,2.0,True,
2026-09-27,Chicago,KMDW,prev18Z,0,2026-09-26 18:00:00+00:00,2026-09-28 00:00:00+00:00,200,https://noaa-nbm-grib2-pds.s3.amazonaws.com/blend.20260926/18/text/blend_nbstx.t18z,2026-09-26 18:51:26+00:00,51.43333333333333,"""a03414a7a89e7f8bd75071dbae27bc4e""",29611149,200,1,2026-09-26 18:00,69.0,1.0,True,
2026-09-27,Chicago,KMDW,00Z,1,2026-09-27 00:00:00+00:00,2026-09-28 00:00:00+00:00,200,https://noaa-nbm-grib2-pds.s3.amazonaws.com/blend.20260927/00/text/blend_nbstx.t00z,2026-09-27 01:26:03+00:00,86.05,"""d76b7b2c896356065482ca5827f6df44""",29720949,200,1,2026-09-27 00:00,69.0,2.0,True,
2026-09-27,Chicago,KMDW,06Z,2,2026-09-27 06:00:00+00:00,2026-09-28 00:00:00+00:00,200,https://noaa-nbm-grib2-pds.s3.amazonaws.com/blend.20260927/06/text/blend_nbstx.t06z,2026-09-27 06:56:04+00:00,56.06666666666667,"""7583a45be4fa67d8d5a7c9ff3d925518""",29611149,200,1,2026-09-27 06:00,69.0,1.0,True,
2026-09-27,Chicago,KMDW,12Z,3,2026-09-27 12:00:00+00:00,2026-09-28 00:00:00+00:00,200,https://noaa-nbm-grib2-pds.s3.amazonaws.com/blend.20260927/12/text/blend_nbstx.t12z,2026-09-27 13:29:36+00:00,89.6,"""8ef91d2791d67ee18a31ee2745aefa7d""",29720949,200,1,2026-09-27 12:00,70.0,1.0,True,
2026-09-27,Denver,KDEN,prev18Z,0,2026-09-26 18:00:00+00:00,2026-09-28 00:00:00+00:00,200,https://noaa-nbm-grib2-pds.s3.amazonaws.com/blend.20260926/18/text/blend_nbstx.t18z,2026-09-26 18:51:26+00:00,51.43333333333333,"""a03414a7a89e7f8bd75071dbae27bc4e""",29611149,200,1,2026-09-26 18:00,83.0,2.0,True,
2026-09-27,Denver,KDEN,00Z,1,2026-09-27 00:00:00+00:00,2026-09-28 00:00:00+00:00,200,https://noaa-nbm-grib2-pds.s3.amazonaws.com/blend.20260927/00/text/blend_nbstx.t00z,2026-09-27 01:26:03+00:00,86.05,"""d76b7b2c896356065482ca5827f6df44""",29720949,200,1,2026-09-27 00:00,82.0,2.0,True,
2026-09-27,Denver,KDEN,06Z,2,2026-09-27 06:00:00+00:00,2026-09-28 00:00:00+00:00,200,https://noaa-nbm-grib2-pds.s3.amazonaws.com/blend.20260927/06/text/blend_nbstx.t06z,2026-09-27 06:56:04+00:00,56.06666666666667,"""7583a45be4fa67d8d5a7c9ff3d925518""",29611149,200,1,2026-09-27 06:00,83.0,1.0,True,
2026-09-27,Denver,KDEN,12Z,3,2026-09-27 12:00:00+00:00,2026-09-28 00:00:00+00:00,200,https://noaa-nbm-grib2-pds.s3.amazonaws.com/blend.20260927/12/text/blend_nbstx.t12z,2026-09-27 13:29:36+00:00,89.6,"""8ef91d2791d67ee18a31ee2745aefa7d""",29720949,200,1,2026-09-27 12:00,84.0,2.0,True,
2026-09-28,NYC,KNYC,prev18Z,0,2026-09-27 18:00:00+00:00,2026-09-29 00:00:00+00:00,200,https://noaa-nbm-grib2-pds.s3.amazonaws.com/blend.20260927/18/text/blend_nbstx.t18z,2026-09-27 18:55:48+00:00,55.8,"""0d880f14dc336af456dafc565b2dd49f""",29611149,200,1,2026-09-27 18:00,65.0,3.0,True,
2026-09-28,NYC,KNYC,00Z,1,2026-09-28 00:00:00+00:00,2026-09-29 00:00:00+00:00,200,https://noaa-nbm-grib2-pds.s3.amazonaws.com/blend.20260928/00/text/blend_nbstx.t00z,2026-09-28 01:26:35+00:00,86.58333333333333,"""26880b093895759952518d6560b75819""",29720949,200,1,2026-09-28 00:00,65.0,3.0,True,
2026-09-28,NYC,KNYC,06Z,2,2026-09-28 06:00:00+00:00,2026-09-29 00:00:00+00:00,200,https://noaa-nbm-grib2-pds.s3.amazonaws.com/blend.20260928/06/text/blend_nbstx.t06z,2026-09-28 06:45:15+00:00,45.25,"""89472fce188d554d1bd4ad82ca8e1778""",29611149,200,1,2026-09-28 06:00,64.0,3.0,True,
2026-09-28,NYC,KNYC,12Z,3,2026-09-28 12:00:00+00:00,2026-09-29 00:00:00+00:00,200,https://noaa-nbm-grib2-pds.s3.amazonaws.com/blend.20260928/12/text/blend_nbstx.t12z,2026-09-28 13:28:51+00:00,88.85,"""a196aec87dd959d0f2c8d77fa04f51ee""",29720949,200,1,2026-09-28 12:00,65.0,2.0,True,
2026-09-28,Chicago,KMDW,prev18Z,0,2026-09-27 18:00:00+00:00,2026-09-29 00:00:00+00:00,200,https://noaa-nbm-grib2-pds.s3.amazonaws.com/blend.20260927/18/text/blend_nbstx.t18z,2026-09-27 18:55:48+00:00,55.8,"""0d880f14dc336af456dafc565b2dd49f""",29611149,200,1,2026-09-27 18:00,72.0,1.0,True,
2026-09-28,Chicago,KMDW,00Z,1,2026-09-28 00:00:00+00:00,2026-09-29 00:00:00+00:00,200,https://noaa-nbm-grib2-pds.s3.amazonaws.com/blend.20260928/00/text/blend_nbstx.t00z,2026-09-28 01:26:35+00:00,86.58333333333333,"""26880b093895759952518d6560b75819""",29720949,200,1,2026-09-28 00:00,72.0,1.0,True,
2026-09-28,Chicago,KMDW,06Z,2,2026-09-28 06:00:00+00:00,2026-09-29 00:00:00+00:00,200,https://noaa-nbm-grib2-pds.s3.amazonaws.com/blend.20260928/06/text/blend_nbstx.t06z,2026-09-28 06:45:15+00:00,45.25,"""89472fce188d554d1bd4ad82ca8e1778""",29611149,200,1,2026-09-28 06:00,72.0,1.0,True,
2026-09-28,Chicago,KMDW,12Z,3,2026-09-28 12:00:00+00:00,2026-09-29 00:00:00+00:00,200,https://noaa-nbm-grib2-pds.s3.amazonaws.com/blend.20260928/12/text/blend_nbstx.t12z,2026-09-28 13:28:51+00:00,88.85,"""a196aec87dd959d0f2c8d77fa04f51ee""",29720949,200,1,2026-09-28 12:00,73.0,1.0,True,
2026-09-28,Denver,KDEN,prev18Z,0,2026-09-27 18:00:00+00:00,2026-09-29 00:00:00+00:00,200,https://noaa-nbm-grib2-pds.s3.amazonaws.com/blend.20260927/18/text/blend_nbstx.t18z,2026-09-27 18:55:48+00:00,55.8,"""0d880f14dc336af456dafc565b2dd49f""",29611149,200,1,2026-09-27 18:00,76.0,3.0,True,
2026-09-28,Denver,KDEN,00Z,1,2026-09-28 00:00:00+00:00,2026-09-29 00:00:00+00:00,200,https://noaa-nbm-grib2-pds.s3.amazonaws.com/blend.20260928/00/text/blend_nbstx.t00z,2026-09-28 01:26:35+00:00,86.58333333333333,"""26880b093895759952518d6560b75819""",29720949,200,1,2026-09-28 00:00,76.0,3.0,True,
2026-09-28,Denver,KDEN,06Z,2,2026-09-28 06:00:00+00:00,2026-09-29 00:00:00+00:00,200,https://noaa-nbm-grib2-pds.s3.amazonaws.com/blend.20260928/06/text/blend_nbstx.t06z,2026-09-28 06:45:15+00:00,45.25,"""89472fce188d554d1bd4ad82ca8e1778""",29611149,200,1,2026-09-28 06:00,76.0,4.0,True,
2026-09-28,Denver,KDEN,12Z,3,2026-09-28 12:00:00+00:00,2026-09-29 00:00:00+00:00,200,https://noaa-nbm-grib2-pds.s3.amazonaws.com/blend.20260928/12/text/blend_nbstx.t12z,2026-09-28 13:28:51+00:00,88.85,"""a196aec87dd959d0f2c8d77fa04f51ee""",29720949,200,1,2026-09-28 12:00,77.0,3.0,True,
