event_date_local,city,station,event_ticker,revision_sequence,transition,old_state_label,new_state_label,old_publication_time_utc,new_publication_time_utc,next_same_target_publication_utc,delta_txn,delta_xnd,txn_changed,xnd_changed,any_weather_change,pre_snapshot_utc,pre_staleness_minutes,pre_within_60,pre_after_old_publication,pre_clean,post1_target_utc,post1_snapshot_utc,post1_lateness_minutes,post1_within_tolerance,post1_before_next_publication,post1_clean,clean_pre_post1h,post2_target_utc,post2_snapshot_utc,post2_lateness_minutes,post2_within_tolerance,post2_before_next_publication,post2_clean,clean_pre_post2h
2026-08-14,Chicago,KMDW,KXHIGHCHI-26AUG14,1,prev18Z->00Z,prev18Z,00Z,2026-08-13T19:51:30+00:00,2026-08-14T01:17:02+00:00,2026-08-14T06:55:29+00:00,1.0,0.0,True,False,True,2026-08-14T01:00:00+00:00,17.033333333333335,True,True,True,2026-08-14T02:17:02+00:00,2026-08-14T03:00:00+00:00,42.96666666666667,True,True,True,True,2026-08-14T03:17:02+00:00,2026-08-14T04:00:00+00:00,42.96666666666667,True,True,True,True
2026-08-14,Chicago,KMDW,KXHIGHCHI-26AUG14,2,00Z->06Z,00Z,06Z,2026-08-14T01:17:02+00:00,2026-08-14T06:55:29+00:00,2026-08-14T13:34:06+00:00,0.0,0.0,False,False,False,2026-08-14T06:00:00+00:00,55.483333333333334,True,True,True,2026-08-14T07:55:29+00:00,2026-08-14T08:00:00+00:00,4.516666666666667,True,True,True,True,2026-08-14T08:55:29+00:00,2026-08-14T09:00:00+00:00,4.516666666666667,True,True,True,True
2026-08-14,Chicago,KMDW,KXHIGHCHI-26AUG14,3,06Z->12Z,06Z,12Z,2026-08-14T06:55:29+00:00,2026-08-14T13:34:06+00:00,,-1.0,0.0,True,False,True,2026-08-14T13:00:00+00:00,34.1,True,True,True,2026-08-14T14:34:06+00:00,2026-08-14T15:00:00+00:00,25.9,True,True,True,True,2026-08-14T15:34:06+00:00,2026-08-14T16:00:00+00:00,25.9,True,True,True,True
2026-08-14,Denver,KDEN,KXHIGHDEN-26AUG14,1,prev18Z->00Z,prev18Z,00Z,2026-08-13T19:51:30+00:00,2026-08-14T01:17:02+00:00,2026-08-14T06:55:29+00:00,0.0,0.0,False,False,False,2026-08-14T01:00:00+00:00,17.033333333333335,True,True,True,2026-08-14T02:17:02+00:00,2026-08-14T03:00:00+00:00,42.96666666666667,True,True,True,True,2026-08-14T03:17:02+00:00,2026-08-14T04:00:00+00:00,42.96666666666667,True,True,True,True
2026-08-14,Denver,KDEN,KXHIGHDEN-26AUG14,2,00Z->06Z,00Z,06Z,2026-08-14T01:17:02+00:00,2026-08-14T06:55:29+00:00,2026-08-14T13:34:06+00:00,0.0,-1.0,False,True,True,2026-08-14T06:00:00+00:00,55.483333333333334,True,True,True,2026-08-14T07:55:29+00:00,2026-08-14T08:00:00+00:00,4.516666666666667,True,True,True,True,2026-08-14T08:55:29+00:00,2026-08-14T09:00:00+00:00,4.516666666666667,True,True,True,True
2026-08-14,Denver,KDEN,KXHIGHDEN-26AUG14,3,06Z->12Z,06Z,12Z,2026-08-14T06:55:29+00:00,2026-08-14T13:34:06+00:00,,-1.0,0.0,True,False,True,2026-08-14T13:00:00+00:00,34.1,True,True,True,2026-08-14T14:34:06+00:00,2026-08-14T15:00:00+00:00,25.9,True,True,True,True,2026-08-14T15:34:06+00:00,2026-08-14T16:00:00+00:00,25.9,True,True,True,True
2026-08-14,NYC,KNYC,KXHIGHNY-26AUG14,1,prev18Z->00Z,prev18Z,00Z,2026-08-13T19:51:30+00:00,2026-08-14T01:17:02+00:00,2026-08-14T06:55:29+00:00,0.0,0.0,False,False,False,2026-08-14T01:00:00+00:00,17.033333333333335,True,True,True,2026-08-14T02:17:02+00:00,2026-08-14T03:00:00+00:00,42.96666666666667,True,True,True,True,2026-08-14T03:17:02+00:00,2026-08-14T04:00:00+00:00,42.96666666666667,True,True,True,True
2026-08-14,NYC,KNYC,KXHIGHNY-26AUG14,2,00Z->06Z,00Z,06Z,2026-08-14T01:17:02+00:00,2026-08-14T06:55:29+00:00,2026-08-14T13:34:06+00:00,0.0,0.0,False,False,False,2026-08-14T05:00:00+00:00,115.48333333333333,False,True,False,2026-08-14T07:55:29+00:00,2026-08-14T09:00:00+00:00,64.51666666666667,False,True,False,False,2026-08-14T08:55:29+00:00,2026-08-14T09:00:00+00:00,4.516666666666667,True,True,True,False
2026-08-14,NYC,KNYC,KXHIGHNY-26AUG14,3,06Z->12Z,06Z,12Z,2026-08-14T06:55:29+00:00,2026-08-14T13:34:06+00:00,,0.0,0.0,False,False,False,2026-08-14T13:00:00+00:00,34.1,True,True,True,2026-08-14T14:34:06+00:00,2026-08-14T15:00:00+00:00,25.9,True,True,True,True,2026-08-14T15:34:06+00:00,2026-08-14T16:00:00+00:00,25.9,True,True,True,True
2026-08-15,Chicago,KMDW,KXHIGHCHI-26AUG15,1,prev18Z->00Z,prev18Z,00Z,2026-08-14T18:55:19+00:00,2026-08-15T01:18:20+00:00,2026-08-15T06:51:35+00:00,-1.0,1.0,True,True,True,2026-08-15T01:00:00+00:00,18.333333333333332,True,True,True,2026-08-15T02:18:20+00:00,2026-08-15T03:00:00+00:00,41.666666666666664,True,True,True,True,2026-08-15T03:18:20+00:00,2026-08-15T04:00:00+00:00,41.666666666666664,True,True,True,True
2026-08-15,Chicago,KMDW,KXHIGHCHI-26AUG15,2,00Z->06Z,00Z,06Z,2026-08-15T01:18:20+00:00,2026-08-15T06:51:35+00:00,2026-08-15T13:39:19+00:00,-3.0,-2.0,True,True,True,2026-08-15T06:00:00+00:00,51.583333333333336,True,True,True,2026-08-15T07:51:35+00:00,2026-08-15T09:00:00+00:00,68.41666666666667,False,True,False,False,2026-08-15T08:51:35+00:00,2026-08-15T09:00:00+00:00,8.416666666666666,True,True,True,True
2026-08-15,Chicago,KMDW,KXHIGHCHI-26AUG15,3,06Z->12Z,06Z,12Z,2026-08-15T06:51:35+00:00,2026-08-15T13:39:19+00:00,,1.0,0.0,True,False,True,2026-08-15T13:00:00+00:00,39.31666666666667,True,True,True,2026-08-15T14:39:19+00:00,2026-08-15T15:00:00+00:00,20.683333333333334,True,True,True,True,2026-08-15T15:39:19+00:00,2026-08-15T16:00:00+00:00,20.683333333333334,True,True,True,True
2026-08-15,Denver,KDEN,KXHIGHDEN-26AUG15,1,prev18Z->00Z,prev18Z,00Z,2026-08-14T18:55:19+00:00,2026-08-15T01:18:20+00:00,2026-08-15T06:51:35+00:00,0.0,-1.0,False,True,True,2026-08-15T01:00:00+00:00,18.333333333333332,True,True,True,2026-08-15T02:18:20+00:00,2026-08-15T03:00:00+00:00,41.666666666666664,True,True,True,True,2026-08-15T03:18:20+00:00,2026-08-15T04:00:00+00:00,41.666666666666664,True,True,True,True
2026-08-15,Denver,KDEN,KXHIGHDEN-26AUG15,2,00Z->06Z,00Z,06Z,2026-08-15T01:18:20+00:00,2026-08-15T06:51:35+00:00,2026-08-15T13:39:19+00:00,0.0,0.0,False,False,False,2026-08-15T06:00:00+00:00,51.583333333333336,True,True,True,2026-08-15T07:51:35+00:00,2026-08-15T08:00:00+00:00,8.416666666666666,True,True,True,True,2026-08-15T08:51:35+00:00,2026-08-15T09:00:00+00:00,8.416666666666666,True,True,True,True
2026-08-15,Denver,KDEN,KXHIGHDEN-26AUG15,3,06Z->12Z,06Z,12Z,2026-08-15T06:51:35+00:00,2026-08-15T13:39:19+00:00,,-1.0,0.0,True,False,True,2026-08-15T13:00:00+00:00,39.31666666666667,True,True,True,2026-08-15T14:39:19+00:00,2026-08-15T15:00:00+00:00,20.683333333333334,True,True,True,True,2026-08-15T15:39:19+00:00,2026-08-15T16:00:00+00:00,20.683333333333334,True,True,True,True
2026-08-15,NYC,KNYC,KXHIGHNY-26AUG15,1,prev18Z->00Z,prev18Z,00Z,2026-08-14T18:55:19+00:00,2026-08-15T01:18:20+00:00,2026-08-15T06:51:35+00:00,0.0,0.0,False,False,False,2026-08-15T01:00:00+00:00,18.333333333333332,True,True,True,2026-08-15T02:18:20+00:00,2026-08-15T04:00:00+00:00,101.66666666666667,False,True,False,False,2026-08-15T03:18:20+00:00,2026-08-15T04:00:00+00:00,41.666666666666664,True,True,True,True
2026-08-15,NYC,KNYC,KXHIGHNY-26AUG15,2,00Z->06Z,00Z,06Z,2026-08-15T01:18:20+00:00,2026-08-15T06:51:35+00:00,2026-08-15T13:39:19+00:00,0.0,0.0,False,False,False,2026-08-15T06:00:00+00:00,51.583333333333336,True,True,True,2026-08-15T07:51:35+00:00,2026-08-15T10:00:00+00:00,128.41666666666666,False,True,False,False,2026-08-15T08:51:35+00:00,2026-08-15T10:00:00+00:00,68.41666666666667,False,True,False,False
2026-08-15,NYC,KNYC,KXHIGHNY-26AUG15,3,06Z->12Z,06Z,12Z,2026-08-15T06:51:35+00:00,2026-08-15T13:39:19+00:00,,0.0,-1.0,False,True,True,2026-08-15T13:00:00+00:00,39.31666666666667,True,True,True,2026-08-15T14:39:19+00:00,2026-08-15T15:00:00+00:00,20.683333333333334,True,True,True,True,2026-08-15T15:39:19+00:00,2026-08-15T16:00:00+00:00,20.683333333333334,True,True,True,True
2026-08-16,Chicago,KMDW,KXHIGHCHI-26AUG16,1,prev18Z->00Z,prev18Z,00Z,2026-08-15T18:56:39+00:00,2026-08-16T01:17:56+00:00,2026-08-16T06:44:34+00:00,0.0,0.0,False,False,False,2026-08-16T01:00:00+00:00,17.933333333333334,True,True,True,2026-08-16T02:17:56+00:00,2026-08-16T03:00:00+00:00,42.06666666666667,True,True,True,True,2026-08-16T03:17:56+00:00,2026-08-16T04:00:00+00:00,42.06666666666667,True,True,True,True
2026-08-16,Chicago,KMDW,KXHIGHCHI-26AUG16,2,00Z->06Z,00Z,06Z,2026-08-16T01:17:56+00:00,2026-08-16T06:44:34+00:00,2026-08-16T13:39:34+00:00,0.0,0.0,False,False,False,2026-08-16T06:00:00+00:00,44.56666666666667,True,True,True,2026-08-16T07:44:34+00:00,2026-08-16T08:00:00+00:00,15.433333333333334,True,True,True,True,2026-08-16T08:44:34+00:00,2026-08-16T09:00:00+00:00,15.433333333333334,True,True,True,True
2026-08-16,Chicago,KMDW,KXHIGHCHI-26AUG16,3,06Z->12Z,06Z,12Z,2026-08-16T06:44:34+00:00,2026-08-16T13:39:34+00:00,,1.0,0.0,True,False,True,2026-08-16T13:00:00+00:00,39.56666666666667,True,True,True,2026-08-16T14:39:34+00:00,2026-08-16T15:00:00+00:00,20.433333333333334,True,True,True,True,2026-08-16T15:39:34+00:00,2026-08-16T16:00:00+00:00,20.433333333333334,True,True,True,True
2026-08-16,Denver,KDEN,KXHIGHDEN-26AUG16,1,prev18Z->00Z,prev18Z,00Z,2026-08-15T18:56:39+00:00,2026-08-16T01:17:56+00:00,2026-08-16T06:44:34+00:00,0.0,-1.0,False,True,True,2026-08-16T01:00:00+00:00,17.933333333333334,True,True,True,2026-08-16T02:17:56+00:00,2026-08-16T03:00:00+00:00,42.06666666666667,True,True,True,True,2026-08-16T03:17:56+00:00,2026-08-16T04:00:00+00:00,42.06666666666667,True,True,True,True
2026-08-16,Denver,KDEN,KXHIGHDEN-26AUG16,2,00Z->06Z,00Z,06Z,2026-08-16T01:17:56+00:00,2026-08-16T06:44:34+00:00,2026-08-16T13:39:34+00:00,1.0,-1.0,True,True,True,2026-08-16T05:00:00+00:00,104.56666666666666,False,True,False,2026-08-16T07:44:34+00:00,2026-08-16T08:00:00+00:00,15.433333333333334,True,True,True,False,2026-08-16T08:44:34+00:00,2026-08-16T09:00:00+00:00,15.433333333333334,True,True,True,False
2026-08-16,Denver,KDEN,KXHIGHDEN-26AUG16,3,06Z->12Z,06Z,12Z,2026-08-16T06:44:34+00:00,2026-08-16T13:39:34+00:00,,0.0,0.0,False,False,False,2026-08-16T13:00:00+00:00,39.56666666666667,True,True,True,2026-08-16T14:39:34+00:00,2026-08-16T15:00:00+00:00,20.433333333333334,True,True,True,True,2026-08-16T15:39:34+00:00,2026-08-16T16:00:00+00:00,20.433333333333334,True,True,True,True
2026-08-16,NYC,KNYC,KXHIGHNY-26AUG16,1,prev18Z->00Z,prev18Z,00Z,2026-08-15T18:56:39+00:00,2026-08-16T01:17:56+00:00,2026-08-16T06:44:34+00:00,0.0,1.0,False,True,True,2026-08-16T01:00:00+00:00,17.933333333333334,True,True,True,2026-08-16T02:17:56+00:00,2026-08-16T03:00:00+00:00,42.06666666666667,True,True,True,True,2026-08-16T03:17:56+00:00,2026-08-16T04:00:00+00:00,42.06666666666667,True,True,True,True
2026-08-16,NYC,KNYC,KXHIGHNY-26AUG16,2,00Z->06Z,00Z,06Z,2026-08-16T01:17:56+00:00,2026-08-16T06:44:34+00:00,2026-08-16T13:39:34+00:00,1.0,-1.0,True,True,True,2026-08-16T06:00:00+00:00,44.56666666666667,True,True,True,2026-08-16T07:44:34+00:00,2026-08-16T09:00:00+00:00,75.43333333333334,False,True,False,False,2026-08-16T08:44:34+00:00,2026-08-16T09:00:00+00:00,15.433333333333334,True,True,True,True
2026-08-16,NYC,KNYC,KXHIGHNY-26AUG16,3,06Z->12Z,06Z,12Z,2026-08-16T06:44:34+00:00,2026-08-16T13:39:34+00:00,,0.0,0.0,False,False,False,2026-08-16T13:00:00+00:00,39.56666666666667,True,True,True,2026-08-16T14:39:34+00:00,2026-08-16T15:00:00+00:00,20.433333333333334,True,True,True,True,2026-08-16T15:39:34+00:00,2026-08-16T16:00:00+00:00,20.433333333333334,True,True,True,True
2026-08-17,Chicago,KMDW,KXHIGHCHI-26AUG17,1,prev18Z->00Z,prev18Z,00Z,2026-08-16T18:43:10+00:00,2026-08-17T01:18:05+00:00,2026-08-17T06:43:51+00:00,-1.0,0.0,True,False,True,2026-08-17T01:00:00+00:00,18.083333333333332,True,True,True,2026-08-17T02:18:05+00:00,2026-08-17T03:00:00+00:00,41.916666666666664,True,True,True,True,2026-08-17T03:18:05+00:00,2026-08-17T04:00:00+00:00,41.916666666666664,True,True,True,True
2026-08-17,Chicago,KMDW,KXHIGHCHI-26AUG17,2,00Z->06Z,00Z,06Z,2026-08-17T01:18:05+00:00,2026-08-17T06:43:51+00:00,2026-08-17T13:41:11+00:00,0.0,0.0,False,False,False,2026-08-17T06:00:00+00:00,43.85,True,True,True,2026-08-17T07:43:51+00:00,2026-08-17T08:00:00+00:00,16.15,True,True,True,True,2026-08-17T08:43:51+00:00,2026-08-17T09:00:00+00:00,16.15,True,True,True,True
2026-08-17,Chicago,KMDW,KXHIGHCHI-26AUG17,3,06Z->12Z,06Z,12Z,2026-08-17T06:43:51+00:00,2026-08-17T13:41:11+00:00,,-1.0,0.0,True,False,True,2026-08-17T13:00:00+00:00,41.18333333333333,True,True,True,2026-08-17T14:41:11+00:00,2026-08-17T15:00:00+00:00,18.816666666666666,True,True,True,True,2026-08-17T15:41:11+00:00,2026-08-17T16:00:00+00:00,18.816666666666666,True,True,True,True
2026-08-17,Denver,KDEN,KXHIGHDEN-26AUG17,1,prev18Z->00Z,prev18Z,00Z,2026-08-16T18:43:10+00:00,2026-08-17T01:18:05+00:00,2026-08-17T06:43:51+00:00,1.0,0.0,True,False,True,2026-08-17T01:00:00+00:00,18.083333333333332,True,True,True,2026-08-17T02:18:05+00:00,2026-08-17T03:00:00+00:00,41.916666666666664,True,True,True,True,2026-08-17T03:18:05+00:00,2026-08-17T04:00:00+00:00,41.916666666666664,True,True,True,True
2026-08-17,Denver,KDEN,KXHIGHDEN-26AUG17,2,00Z->06Z,00Z,06Z,2026-08-17T01:18:05+00:00,2026-08-17T06:43:51+00:00,2026-08-17T13:41:11+00:00,0.0,0.0,False,False,False,2026-08-17T06:00:00+00:00,43.85,True,True,True,2026-08-17T07:43:51+00:00,2026-08-17T08:00:00+00:00,16.15,True,True,True,True,2026-08-17T08:43:51+00:00,2026-08-17T09:00:00+00:00,16.15,True,True,True,True
2026-08-17,Denver,KDEN,KXHIGHDEN-26AUG17,3,06Z->12Z,06Z,12Z,2026-08-17T06:43:51+00:00,2026-08-17T13:41:11+00:00,,2.0,0.0,True,False,True,2026-08-17T13:00:00+00:00,41.18333333333333,True,True,True,2026-08-17T14:41:11+00:00,2026-08-17T15:00:00+00:00,18.816666666666666,True,True,True,True,2026-08-17T15:41:11+00:00,2026-08-17T18:00:00+00:00,138.81666666666666,False,True,False,False
2026-08-17,NYC,KNYC,KXHIGHNY-26AUG17,1,prev18Z->00Z,prev18Z,00Z,2026-08-16T18:43:10+00:00,2026-08-17T01:18:05+00:00,2026-08-17T06:43:51+00:00,0.0,0.0,False,False,False,2026-08-17T01:00:00+00:00,18.083333333333332,True,True,True,2026-08-17T02:18:05+00:00,2026-08-17T04:00:00+00:00,101.91666666666667,False,True,False,False,2026-08-17T03:18:05+00:00,2026-08-17T04:00:00+00:00,41.916666666666664,True,True,True,True
2026-08-17,NYC,KNYC,KXHIGHNY-26AUG17,2,00Z->06Z,00Z,06Z,2026-08-17T01:18:05+00:00,2026-08-17T06:43:51+00:00,2026-08-17T13:41:11+00:00,1.0,0.0,True,False,True,2026-08-17T06:00:00+00:00,43.85,True,True,True,2026-08-17T07:43:51+00:00,2026-08-17T08:00:00+00:00,16.15,True,True,True,True,2026-08-17T08:43:51+00:00,2026-08-17T09:00:00+00:00,16.15,True,True,True,True
2026-08-17,NYC,KNYC,KXHIGHNY-26AUG17,3,06Z->12Z,06Z,12Z,2026-08-17T06:43:51+00:00,2026-08-17T13:41:11+00:00,,0.0,0.0,False,False,False,2026-08-17T13:00:00+00:00,41.18333333333333,True,True,True,2026-08-17T14:41:11+00:00,2026-08-17T15:00:00+00:00,18.816666666666666,True,True,True,True,2026-08-17T15:41:11+00:00,2026-08-17T16:00:00+00:00,18.816666666666666,True,True,True,True
2026-08-18,Chicago,KMDW,KXHIGHCHI-26AUG18,1,prev18Z->00Z,prev18Z,00Z,2026-08-17T18:56:10+00:00,2026-08-18T01:42:47+00:00,2026-08-18T06:56:19+00:00,0.0,0.0,False,False,False,2026-08-18T01:00:00+00:00,42.78333333333333,True,True,True,2026-08-18T02:42:47+00:00,2026-08-18T03:00:00+00:00,17.216666666666665,True,True,True,True,2026-08-18T03:42:47+00:00,2026-08-18T04:00:00+00:00,17.216666666666665,True,True,True,True
2026-08-18,Chicago,KMDW,KXHIGHCHI-26AUG18,2,00Z->06Z,00Z,06Z,2026-08-18T01:42:47+00:00,2026-08-18T06:56:19+00:00,2026-08-18T13:37:39+00:00,1.0,-1.0,True,True,True,2026-08-18T06:00:00+00:00,56.31666666666667,True,True,True,2026-08-18T07:56:19+00:00,2026-08-18T08:00:00+00:00,3.683333333333333,True,True,True,True,2026-08-18T08:56:19+00:00,2026-08-18T09:00:00+00:00,3.683333333333333,True,True,True,True
2026-08-18,Chicago,KMDW,KXHIGHCHI-26AUG18,3,06Z->12Z,06Z,12Z,2026-08-18T06:56:19+00:00,2026-08-18T13:37:39+00:00,,0.0,0.0,False,False,False,2026-08-18T13:00:00+00:00,37.65,True,True,True,2026-08-18T14:37:39+00:00,2026-08-18T15:00:00+00:00,22.35,True,True,True,True,2026-08-18T15:37:39+00:00,2026-08-18T16:00:00+00:00,22.35,True,True,True,True
2026-08-18,Denver,KDEN,KXHIGHDEN-26AUG18,1,prev18Z->00Z,prev18Z,00Z,2026-08-17T18:56:10+00:00,2026-08-18T01:42:47+00:00,2026-08-18T06:56:19+00:00,-1.0,-1.0,True,True,True,2026-08-18T01:00:00+00:00,42.78333333333333,True,True,True,2026-08-18T02:42:47+00:00,2026-08-18T03:00:00+00:00,17.216666666666665,True,True,True,True,2026-08-18T03:42:47+00:00,2026-08-18T07:00:00+00:00,197.21666666666667,False,False,False,False
2026-08-18,Denver,KDEN,KXHIGHDEN-26AUG18,2,00Z->06Z,00Z,06Z,2026-08-18T01:42:47+00:00,2026-08-18T06:56:19+00:00,2026-08-18T13:37:39+00:00,1.0,0.0,True,False,True,2026-08-18T03:00:00+00:00,236.31666666666666,False,True,False,2026-08-18T07:56:19+00:00,2026-08-18T08:00:00+00:00,3.683333333333333,True,True,True,False,2026-08-18T08:56:19+00:00,2026-08-18T09:00:00+00:00,3.683333333333333,True,True,True,False
2026-08-18,Denver,KDEN,KXHIGHDEN-26AUG18,3,06Z->12Z,06Z,12Z,2026-08-18T06:56:19+00:00,2026-08-18T13:37:39+00:00,,0.0,0.0,False,False,False,2026-08-18T13:00:00+00:00,37.65,True,True,True,2026-08-18T14:37:39+00:00,2026-08-18T15:00:00+00:00,22.35,True,True,True,True,2026-08-18T15:37:39+00:00,2026-08-18T16:00:00+00:00,22.35,True,True,True,True
2026-08-18,NYC,KNYC,KXHIGHNY-26AUG18,1,prev18Z->00Z,prev18Z,00Z,2026-08-17T18:56:10+00:00,2026-08-18T01:42:47+00:00,2026-08-18T06:56:19+00:00,-1.0,0.0,True,False,True,2026-08-18T01:00:00+00:00,42.78333333333333,True,True,True,2026-08-18T02:42:47+00:00,2026-08-18T03:00:00+00:00,17.216666666666665,True,True,True,True,2026-08-18T03:42:47+00:00,2026-08-18T04:00:00+00:00,17.216666666666665,True,True,True,True
2026-08-18,NYC,KNYC,KXHIGHNY-26AUG18,2,00Z->06Z,00Z,06Z,2026-08-18T01:42:47+00:00,2026-08-18T06:56:19+00:00,2026-08-18T13:37:39+00:00,0.0,0.0,False,False,False,2026-08-18T06:00:00+00:00,56.31666666666667,True,True,True,2026-08-18T07:56:19+00:00,2026-08-18T09:00:00+00:00,63.68333333333333,False,True,False,False,2026-08-18T08:56:19+00:00,2026-08-18T09:00:00+00:00,3.683333333333333,True,True,True,True
2026-08-18,NYC,KNYC,KXHIGHNY-26AUG18,3,06Z->12Z,06Z,12Z,2026-08-18T06:56:19+00:00,2026-08-18T13:37:39+00:00,,-1.0,0.0,True,False,True,2026-08-18T13:00:00+00:00,37.65,True,True,True,2026-08-18T14:37:39+00:00,2026-08-18T15:00:00+00:00,22.35,True,True,True,True,2026-08-18T15:37:39+00:00,2026-08-18T16:00:00+00:00,22.35,True,True,True,True
2026-08-19,Chicago,KMDW,KXHIGHCHI-26AUG19,1,prev18Z->00Z,prev18Z,00Z,2026-08-18T18:59:57+00:00,2026-08-19T01:16:48+00:00,2026-08-19T06:55:27+00:00,0.0,0.0,False,False,False,2026-08-19T01:00:00+00:00,16.8,True,True,True,2026-08-19T02:16:48+00:00,2026-08-19T03:00:00+00:00,43.2,True,True,True,True,2026-08-19T03:16:48+00:00,2026-08-19T04:00:00+00:00,43.2,True,True,True,True
2026-08-19,Chicago,KMDW,KXHIGHCHI-26AUG19,2,00Z->06Z,00Z,06Z,2026-08-19T01:16:48+00:00,2026-08-19T06:55:27+00:00,2026-08-19T13:44:08+00:00,0.0,0.0,False,False,False,2026-08-19T06:00:00+00:00,55.45,True,True,True,2026-08-19T07:55:27+00:00,2026-08-19T08:00:00+00:00,4.55,True,True,True,True,2026-08-19T08:55:27+00:00,2026-08-19T10:00:00+00:00,64.55,False,True,False,False
2026-08-19,Chicago,KMDW,KXHIGHCHI-26AUG19,3,06Z->12Z,06Z,12Z,2026-08-19T06:55:27+00:00,2026-08-19T13:44:08+00:00,,0.0,0.0,False,False,False,2026-08-19T13:00:00+00:00,44.13333333333333,True,True,True,2026-08-19T14:44:08+00:00,2026-08-19T15:00:00+00:00,15.866666666666667,True,True,True,True,2026-08-19T15:44:08+00:00,2026-08-19T16:00:00+00:00,15.866666666666667,True,True,True,True
2026-08-19,Denver,KDEN,KXHIGHDEN-26AUG19,1,prev18Z->00Z,prev18Z,00Z,2026-08-18T18:59:57+00:00,2026-08-19T01:16:48+00:00,2026-08-19T06:55:27+00:00,-1.0,1.0,True,True,True,2026-08-19T01:00:00+00:00,16.8,True,True,True,2026-08-19T02:16:48+00:00,2026-08-19T03:00:00+00:00,43.2,True,True,True,True,2026-08-19T03:16:48+00:00,2026-08-19T04:00:00+00:00,43.2,True,True,True,True
2026-08-19,Denver,KDEN,KXHIGHDEN-26AUG19,2,00Z->06Z,00Z,06Z,2026-08-19T01:16:48+00:00,2026-08-19T06:55:27+00:00,2026-08-19T13:44:08+00:00,0.0,0.0,False,False,False,2026-08-19T06:00:00+00:00,55.45,True,True,True,2026-08-19T07:55:27+00:00,2026-08-19T08:00:00+00:00,4.55,True,True,True,True,2026-08-19T08:55:27+00:00,2026-08-19T09:00:00+00:00,4.55,True,True,True,True
2026-08-19,Denver,KDEN,KXHIGHDEN-26AUG19,3,06Z->12Z,06Z,12Z,2026-08-19T06:55:27+00:00,2026-08-19T13:44:08+00:00,,1.0,-1.0,True,True,True,2026-08-19T13:00:00+00:00,44.13333333333333,True,True,True,2026-08-19T14:44:08+00:00,2026-08-19T15:00:00+00:00,15.866666666666667,True,True,True,True,2026-08-19T15:44:08+00:00,2026-08-19T16:00:00+00:00,15.866666666666667,True,True,True,True
2026-08-19,NYC,KNYC,KXHIGHNY-26AUG19,1,prev18Z->00Z,prev18Z,00Z,2026-08-18T18:59:57+00:00,2026-08-19T01:16:48+00:00,2026-08-19T06:55:27+00:00,-1.0,0.0,True,False,True,2026-08-19T01:00:00+00:00,16.8,True,True,True,2026-08-19T02:16:48+00:00,2026-08-19T05:00:00+00:00,163.2,False,True,False,False,2026-08-19T03:16:48+00:00,2026-08-19T05:00:00+00:00,103.2,False,True,False,False
2026-08-19,NYC,KNYC,KXHIGHNY-26AUG19,2,00Z->06Z,00Z,06Z,2026-08-19T01:16:48+00:00,2026-08-19T06:55:27+00:00,2026-08-19T13:44:08+00:00,1.0,-1.0,True,True,True,2026-08-19T06:00:00+00:00,55.45,True,True,True,2026-08-19T07:55:27+00:00,2026-08-19T08:00:00+00:00,4.55,True,True,True,True,2026-08-19T08:55:27+00:00,2026-08-19T09:00:00+00:00,4.55,True,True,True,True
2026-08-19,NYC,KNYC,KXHIGHNY-26AUG19,3,06Z->12Z,06Z,12Z,2026-08-19T06:55:27+00:00,2026-08-19T13:44:08+00:00,,0.0,0.0,False,False,False,2026-08-19T13:00:00+00:00,44.13333333333333,True,True,True,2026-08-19T14:44:08+00:00,2026-08-19T15:00:00+00:00,15.866666666666667,True,True,True,True,2026-08-19T15:44:08+00:00,2026-08-19T16:00:00+00:00,15.866666666666667,True,True,True,True
2026-08-20,Chicago,KMDW,KXHIGHCHI-26AUG20,1,prev18Z->00Z,prev18Z,00Z,2026-08-19T18:59:55+00:00,2026-08-20T01:18:53+00:00,2026-08-20T06:45:10+00:00,-1.0,0.0,True,False,True,2026-08-20T01:00:00+00:00,18.883333333333333,True,True,True,2026-08-20T02:18:53+00:00,2026-08-20T03:00:00+00:00,41.11666666666667,True,True,True,True,2026-08-20T03:18:53+00:00,2026-08-20T04:00:00+00:00,41.11666666666667,True,True,True,True
2026-08-20,Chicago,KMDW,KXHIGHCHI-26AUG20,2,00Z->06Z,00Z,06Z,2026-08-20T01:18:53+00:00,2026-08-20T06:45:10+00:00,2026-08-20T13:42:21+00:00,0.0,0.0,False,False,False,2026-08-20T06:00:00+00:00,45.166666666666664,True,True,True,2026-08-20T07:45:10+00:00,2026-08-20T08:00:00+00:00,14.833333333333334,True,True,True,True,2026-08-20T08:45:10+00:00,2026-08-20T10:00:00+00:00,74.83333333333333,False,True,False,False
2026-08-20,Chicago,KMDW,KXHIGHCHI-26AUG20,3,06Z->12Z,06Z,12Z,2026-08-20T06:45:10+00:00,2026-08-20T13:42:21+00:00,,0.0,-1.0,False,True,True,2026-08-20T13:00:00+00:00,42.35,True,True,True,2026-08-20T14:42:21+00:00,2026-08-20T15:00:00+00:00,17.65,True,True,True,True,2026-08-20T15:42:21+00:00,2026-08-20T16:00:00+00:00,17.65,True,True,True,True
2026-08-20,Denver,KDEN,KXHIGHDEN-26AUG20,1,prev18Z->00Z,prev18Z,00Z,2026-08-19T18:59:55+00:00,2026-08-20T01:18:53+00:00,2026-08-20T06:45:10+00:00,0.0,0.0,False,False,False,2026-08-20T01:00:00+00:00,18.883333333333333,True,True,True,2026-08-20T02:18:53+00:00,2026-08-20T03:00:00+00:00,41.11666666666667,True,True,True,True,2026-08-20T03:18:53+00:00,2026-08-20T04:00:00+00:00,41.11666666666667,True,True,True,True
2026-08-20,Denver,KDEN,KXHIGHDEN-26AUG20,2,00Z->06Z,00Z,06Z,2026-08-20T01:18:53+00:00,2026-08-20T06:45:10+00:00,2026-08-20T13:42:21+00:00,0.0,0.0,False,False,False,2026-08-20T06:00:00+00:00,45.166666666666664,True,True,True,2026-08-20T07:45:10+00:00,2026-08-20T08:00:00+00:00,14.833333333333334,True,True,True,True,2026-08-20T08:45:10+00:00,2026-08-20T10:00:00+00:00,74.83333333333333,False,True,False,False
2026-08-20,Denver,KDEN,KXHIGHDEN-26AUG20,3,06Z->12Z,06Z,12Z,2026-08-20T06:45:10+00:00,2026-08-20T13:42:21+00:00,,0.0,-1.0,False,True,True,2026-08-20T13:00:00+00:00,42.35,True,True,True,2026-08-20T14:42:21+00:00,2026-08-20T15:00:00+00:00,17.65,True,True,True,True,2026-08-20T15:42:21+00:00,2026-08-20T17:00:00+00:00,77.65,False,True,False,False
2026-08-20,NYC,KNYC,KXHIGHNY-26AUG20,1,prev18Z->00Z,prev18Z,00Z,2026-08-19T18:59:55+00:00,2026-08-20T01:18:53+00:00,2026-08-20T06:45:10+00:00,1.0,0.0,True,False,True,2026-08-20T01:00:00+00:00,18.883333333333333,True,True,True,2026-08-20T02:18:53+00:00,2026-08-20T03:00:00+00:00,41.11666666666667,True,True,True,True,2026-08-20T03:18:53+00:00,2026-08-20T04:00:00+00:00,41.11666666666667,True,True,True,True
2026-08-20,NYC,KNYC,KXHIGHNY-26AUG20,2,00Z->06Z,00Z,06Z,2026-08-20T01:18:53+00:00,2026-08-20T06:45:10+00:00,2026-08-20T13:42:21+00:00,1.0,-1.0,True,True,True,2026-08-20T06:00:00+00:00,45.166666666666664,True,True,True,2026-08-20T07:45:10+00:00,2026-08-20T08:00:00+00:00,14.833333333333334,True,True,True,True,2026-08-20T08:45:10+00:00,2026-08-20T10:00:00+00:00,74.83333333333333,False,True,False,False
2026-08-20,NYC,KNYC,KXHIGHNY-26AUG20,3,06Z->12Z,06Z,12Z,2026-08-20T06:45:10+00:00,2026-08-20T13:42:21+00:00,,0.0,0.0,False,False,False,2026-08-20T13:00:00+00:00,42.35,True,True,True,2026-08-20T14:42:21+00:00,2026-08-20T15:00:00+00:00,17.65,True,True,True,True,2026-08-20T15:42:21+00:00,2026-08-20T16:00:00+00:00,17.65,True,True,True,True
2026-08-21,Chicago,KMDW,KXHIGHCHI-26AUG21,1,prev18Z->00Z,prev18Z,00Z,2026-08-20T18:45:18+00:00,2026-08-21T01:18:25+00:00,2026-08-21T06:45:47+00:00,0.0,0.0,False,False,False,2026-08-21T01:00:00+00:00,18.416666666666668,True,True,True,2026-08-21T02:18:25+00:00,2026-08-21T03:00:00+00:00,41.583333333333336,True,True,True,True,2026-08-21T03:18:25+00:00,2026-08-21T04:00:00+00:00,41.583333333333336,True,True,True,True
2026-08-21,Chicago,KMDW,KXHIGHCHI-26AUG21,2,00Z->06Z,00Z,06Z,2026-08-21T01:18:25+00:00,2026-08-21T06:45:47+00:00,2026-08-21T13:44:39+00:00,1.0,0.0,True,False,True,2026-08-21T06:00:00+00:00,45.78333333333333,True,True,True,2026-08-21T07:45:47+00:00,2026-08-21T08:00:00+00:00,14.216666666666667,True,True,True,True,2026-08-21T08:45:47+00:00,2026-08-21T09:00:00+00:00,14.216666666666667,True,True,True,True
2026-08-21,Chicago,KMDW,KXHIGHCHI-26AUG21,3,06Z->12Z,06Z,12Z,2026-08-21T06:45:47+00:00,2026-08-21T13:44:39+00:00,,0.0,0.0,False,False,False,2026-08-21T13:00:00+00:00,44.65,True,True,True,2026-08-21T14:44:39+00:00,2026-08-21T15:00:00+00:00,15.35,True,True,True,True,2026-08-21T15:44:39+00:00,2026-08-21T16:00:00+00:00,15.35,True,True,True,True
2026-08-21,Denver,KDEN,KXHIGHDEN-26AUG21,1,prev18Z->00Z,prev18Z,00Z,2026-08-20T18:45:18+00:00,2026-08-21T01:18:25+00:00,2026-08-21T06:45:47+00:00,-1.0,0.0,True,False,True,2026-08-21T01:00:00+00:00,18.416666666666668,True,True,True,2026-08-21T02:18:25+00:00,2026-08-21T03:00:00+00:00,41.583333333333336,True,True,True,True,2026-08-21T03:18:25+00:00,2026-08-21T04:00:00+00:00,41.583333333333336,True,True,True,True
2026-08-21,Denver,KDEN,KXHIGHDEN-26AUG21,2,00Z->06Z,00Z,06Z,2026-08-21T01:18:25+00:00,2026-08-21T06:45:47+00:00,2026-08-21T13:44:39+00:00,1.0,0.0,True,False,True,2026-08-21T05:00:00+00:00,105.78333333333333,False,True,False,2026-08-21T07:45:47+00:00,2026-08-21T08:00:00+00:00,14.216666666666667,True,True,True,False,2026-08-21T08:45:47+00:00,2026-08-21T09:00:00+00:00,14.216666666666667,True,True,True,False
2026-08-21,Denver,KDEN,KXHIGHDEN-26AUG21,3,06Z->12Z,06Z,12Z,2026-08-21T06:45:47+00:00,2026-08-21T13:44:39+00:00,,0.0,0.0,False,False,False,2026-08-21T13:00:00+00:00,44.65,True,True,True,2026-08-21T14:44:39+00:00,2026-08-21T15:00:00+00:00,15.35,True,True,True,True,2026-08-21T15:44:39+00:00,2026-08-21T16:00:00+00:00,15.35,True,True,True,True
2026-08-21,NYC,KNYC,KXHIGHNY-26AUG21,1,prev18Z->00Z,prev18Z,00Z,2026-08-20T18:45:18+00:00,2026-08-21T01:18:25+00:00,2026-08-21T06:45:47+00:00,0.0,0.0,False,False,False,2026-08-21T01:00:00+00:00,18.416666666666668,True,True,True,2026-08-21T02:18:25+00:00,2026-08-21T03:00:00+00:00,41.583333333333336,True,True,True,True,2026-08-21T03:18:25+00:00,2026-08-21T05:00:00+00:00,101.58333333333333,False,True,False,False
2026-08-21,NYC,KNYC,KXHIGHNY-26AUG21,2,00Z->06Z,00Z,06Z,2026-08-21T01:18:25+00:00,2026-08-21T06:45:47+00:00,2026-08-21T13:44:39+00:00,0.0,0.0,False,False,False,2026-08-21T06:00:00+00:00,45.78333333333333,True,True,True,2026-08-21T07:45:47+00:00,2026-08-21T08:00:00+00:00,14.216666666666667,True,True,True,True,2026-08-21T08:45:47+00:00,2026-08-21T09:00:00+00:00,14.216666666666667,True,True,True,True
2026-08-21,NYC,KNYC,KXHIGHNY-26AUG21,3,06Z->12Z,06Z,12Z,2026-08-21T06:45:47+00:00,2026-08-21T13:44:39+00:00,,-1.0,0.0,True,False,True,2026-08-21T13:00:00+00:00,44.65,True,True,True,2026-08-21T14:44:39+00:00,2026-08-21T15:00:00+00:00,15.35,True,True,True,True,2026-08-21T15:44:39+00:00,2026-08-21T16:00:00+00:00,15.35,True,True,True,True
2026-08-22,Chicago,KMDW,KXHIGHCHI-26AUG22,1,prev18Z->00Z,prev18Z,00Z,2026-08-21T18:43:54+00:00,2026-08-22T01:19:02+00:00,2026-08-22T06:48:52+00:00,1.0,0.0,True,False,True,2026-08-22T01:00:00+00:00,19.033333333333335,True,True,True,2026-08-22T02:19:02+00:00,2026-08-22T03:00:00+00:00,40.96666666666667,True,True,True,True,2026-08-22T03:19:02+00:00,2026-08-22T04:00:00+00:00,40.96666666666667,True,True,True,True
2026-08-22,Chicago,KMDW,KXHIGHCHI-26AUG22,2,00Z->06Z,00Z,06Z,2026-08-22T01:19:02+00:00,2026-08-22T06:48:52+00:00,2026-08-22T13:40:40+00:00,-1.0,0.0,True,False,True,2026-08-22T06:00:00+00:00,48.86666666666667,True,True,True,2026-08-22T07:48:52+00:00,2026-08-22T08:00:00+00:00,11.133333333333333,True,True,True,True,2026-08-22T08:48:52+00:00,2026-08-22T09:00:00+00:00,11.133333333333333,True,True,True,True
2026-08-22,Chicago,KMDW,KXHIGHCHI-26AUG22,3,06Z->12Z,06Z,12Z,2026-08-22T06:48:52+00:00,2026-08-22T13:40:40+00:00,,0.0,0.0,False,False,False,2026-08-22T13:00:00+00:00,40.666666666666664,True,True,True,2026-08-22T14:40:40+00:00,2026-08-22T15:00:00+00:00,19.333333333333332,True,True,True,True,2026-08-22T15:40:40+00:00,2026-08-22T16:00:00+00:00,19.333333333333332,True,True,True,True
2026-08-22,Denver,KDEN,KXHIGHDEN-26AUG22,1,prev18Z->00Z,prev18Z,00Z,2026-08-21T18:43:54+00:00,2026-08-22T01:19:02+00:00,2026-08-22T06:48:52+00:00,0.0,-1.0,False,True,True,2026-08-22T01:00:00+00:00,19.033333333333335,True,True,True,2026-08-22T02:19:02+00:00,2026-08-22T03:00:00+00:00,40.96666666666667,True,True,True,True,2026-08-22T03:19:02+00:00,2026-08-22T04:00:00+00:00,40.96666666666667,True,True,True,True
2026-08-22,Denver,KDEN,KXHIGHDEN-26AUG22,2,00Z->06Z,00Z,06Z,2026-08-22T01:19:02+00:00,2026-08-22T06:48:52+00:00,2026-08-22T13:40:40+00:00,0.0,0.0,False,False,False,2026-08-22T06:00:00+00:00,48.86666666666667,True,True,True,2026-08-22T07:48:52+00:00,2026-08-22T08:00:00+00:00,11.133333333333333,True,True,True,True,2026-08-22T08:48:52+00:00,2026-08-22T09:00:00+00:00,11.133333333333333,True,True,True,True
2026-08-22,Denver,KDEN,KXHIGHDEN-26AUG22,3,06Z->12Z,06Z,12Z,2026-08-22T06:48:52+00:00,2026-08-22T13:40:40+00:00,,0.0,1.0,False,True,True,2026-08-22T13:00:00+00:00,40.666666666666664,True,True,True,2026-08-22T14:40:40+00:00,2026-08-22T15:00:00+00:00,19.333333333333332,True,True,True,True,2026-08-22T15:40:40+00:00,2026-08-22T16:00:00+00:00,19.333333333333332,True,True,True,True
2026-08-22,NYC,KNYC,KXHIGHNY-26AUG22,1,prev18Z->00Z,prev18Z,00Z,2026-08-21T18:43:54+00:00,2026-08-22T01:19:02+00:00,2026-08-22T06:48:52+00:00,0.0,0.0,False,False,False,2026-08-22T01:00:00+00:00,19.033333333333335,True,True,True,2026-08-22T02:19:02+00:00,2026-08-22T03:00:00+00:00,40.96666666666667,True,True,True,True,2026-08-22T03:19:02+00:00,2026-08-22T04:00:00+00:00,40.96666666666667,True,True,True,True
2026-08-22,NYC,KNYC,KXHIGHNY-26AUG22,2,00Z->06Z,00Z,06Z,2026-08-22T01:19:02+00:00,2026-08-22T06:48:52+00:00,2026-08-22T13:40:40+00:00,1.0,0.0,True,False,True,2026-08-22T06:00:00+00:00,48.86666666666667,True,True,True,2026-08-22T07:48:52+00:00,2026-08-22T08:00:00+00:00,11.133333333333333,True,True,True,True,2026-08-22T08:48:52+00:00,2026-08-22T09:00:00+00:00,11.133333333333333,True,True,True,True
2026-08-22,NYC,KNYC,KXHIGHNY-26AUG22,3,06Z->12Z,06Z,12Z,2026-08-22T06:48:52+00:00,2026-08-22T13:40:40+00:00,,1.0,-1.0,True,True,True,2026-08-22T13:00:00+00:00,40.666666666666664,True,True,True,2026-08-22T14:40:40+00:00,2026-08-22T15:00:00+00:00,19.333333333333332,True,True,True,True,2026-08-22T15:40:40+00:00,2026-08-22T16:00:00+00:00,19.333333333333332,True,True,True,True
2026-08-23,Chicago,KMDW,KXHIGHCHI-26AUG23,1,prev18Z->00Z,prev18Z,00Z,2026-08-22T18:46:38+00:00,2026-08-23T01:19:23+00:00,2026-08-23T06:44:23+00:00,0.0,0.0,False,False,False,2026-08-23T01:00:00+00:00,19.383333333333333,True,True,True,2026-08-23T02:19:23+00:00,2026-08-23T03:00:00+00:00,40.61666666666667,True,True,True,True,2026-08-23T03:19:23+00:00,2026-08-23T04:00:00+00:00,40.61666666666667,True,True,True,True
2026-08-23,Chicago,KMDW,KXHIGHCHI-26AUG23,2,00Z->06Z,00Z,06Z,2026-08-23T01:19:23+00:00,2026-08-23T06:44:23+00:00,2026-08-23T13:43:16+00:00,-1.0,1.0,True,True,True,2026-08-23T06:00:00+00:00,44.38333333333333,True,True,True,2026-08-23T07:44:23+00:00,2026-08-23T08:00:00+00:00,15.616666666666667,True,True,True,True,2026-08-23T08:44:23+00:00,2026-08-23T09:00:00+00:00,15.616666666666667,True,True,True,True
2026-08-23,Chicago,KMDW,KXHIGHCHI-26AUG23,3,06Z->12Z,06Z,12Z,2026-08-23T06:44:23+00:00,2026-08-23T13:43:16+00:00,,1.0,-1.0,True,True,True,2026-08-23T13:00:00+00:00,43.266666666666666,True,True,True,2026-08-23T14:43:16+00:00,2026-08-23T15:00:00+00:00,16.733333333333334,True,True,True,True,2026-08-23T15:43:16+00:00,2026-08-23T16:00:00+00:00,16.733333333333334,True,True,True,True
2026-08-23,Denver,KDEN,KXHIGHDEN-26AUG23,1,prev18Z->00Z,prev18Z,00Z,2026-08-22T18:46:38+00:00,2026-08-23T01:19:23+00:00,2026-08-23T06:44:23+00:00,0.0,0.0,False,False,False,2026-08-23T01:00:00+00:00,19.383333333333333,True,True,True,2026-08-23T02:19:23+00:00,2026-08-23T03:00:00+00:00,40.61666666666667,True,True,True,True,2026-08-23T03:19:23+00:00,2026-08-23T04:00:00+00:00,40.61666666666667,True,True,True,True
2026-08-23,Denver,KDEN,KXHIGHDEN-26AUG23,2,00Z->06Z,00Z,06Z,2026-08-23T01:19:23+00:00,2026-08-23T06:44:23+00:00,2026-08-23T13:43:16+00:00,-1.0,0.0,True,False,True,2026-08-23T06:00:00+00:00,44.38333333333333,True,True,True,2026-08-23T07:44:23+00:00,2026-08-23T08:00:00+00:00,15.616666666666667,True,True,True,True,2026-08-23T08:44:23+00:00,2026-08-23T09:00:00+00:00,15.616666666666667,True,True,True,True
2026-08-23,Denver,KDEN,KXHIGHDEN-26AUG23,3,06Z->12Z,06Z,12Z,2026-08-23T06:44:23+00:00,2026-08-23T13:43:16+00:00,,0.0,0.0,False,False,False,2026-08-23T13:00:00+00:00,43.266666666666666,True,True,True,2026-08-23T14:43:16+00:00,2026-08-23T15:00:00+00:00,16.733333333333334,True,True,True,True,2026-08-23T15:43:16+00:00,2026-08-23T16:00:00+00:00,16.733333333333334,True,True,True,True
2026-08-23,NYC,KNYC,KXHIGHNY-26AUG23,1,prev18Z->00Z,prev18Z,00Z,2026-08-22T18:46:38+00:00,2026-08-23T01:19:23+00:00,2026-08-23T06:44:23+00:00,0.0,0.0,False,False,False,2026-08-23T01:00:00+00:00,19.383333333333333,True,True,True,2026-08-23T02:19:23+00:00,2026-08-23T04:00:00+00:00,100.61666666666666,False,True,False,False,2026-08-23T03:19:23+00:00,2026-08-23T04:00:00+00:00,40.61666666666667,True,True,True,True
2026-08-23,NYC,KNYC,KXHIGHNY-26AUG23,2,00Z->06Z,00Z,06Z,2026-08-23T01:19:23+00:00,2026-08-23T06:44:23+00:00,2026-08-23T13:43:16+00:00,0.0,0.0,False,False,False,2026-08-23T06:00:00+00:00,44.38333333333333,True,True,True,2026-08-23T07:44:23+00:00,2026-08-23T08:00:00+00:00,15.616666666666667,True,True,True,True,2026-08-23T08:44:23+00:00,2026-08-23T09:00:00+00:00,15.616666666666667,True,True,True,True
2026-08-23,NYC,KNYC,KXHIGHNY-26AUG23,3,06Z->12Z,06Z,12Z,2026-08-23T06:44:23+00:00,2026-08-23T13:43:16+00:00,,0.0,0.0,False,False,False,2026-08-23T13:00:00+00:00,43.266666666666666,True,True,True,2026-08-23T14:43:16+00:00,2026-08-23T15:00:00+00:00,16.733333333333334,True,True,True,True,2026-08-23T15:43:16+00:00,2026-08-23T16:00:00+00:00,16.733333333333334,True,True,True,True
2026-08-24,Chicago,KMDW,KXHIGHCHI-26AUG24,1,prev18Z->00Z,prev18Z,00Z,2026-08-23T18:48:58+00:00,2026-08-24T01:18:27+00:00,2026-08-24T06:47:47+00:00,-1.0,0.0,True,False,True,2026-08-24T01:00:00+00:00,18.45,True,True,True,2026-08-24T02:18:27+00:00,2026-08-24T03:00:00+00:00,41.55,True,True,True,True,2026-08-24T03:18:27+00:00,2026-08-24T04:00:00+00:00,41.55,True,True,True,True
2026-08-24,Chicago,KMDW,KXHIGHCHI-26AUG24,2,00Z->06Z,00Z,06Z,2026-08-24T01:18:27+00:00,2026-08-24T06:47:47+00:00,2026-08-24T13:40:12+00:00,0.0,0.0,False,False,False,2026-08-24T06:00:00+00:00,47.78333333333333,True,True,True,2026-08-24T07:47:47+00:00,2026-08-24T08:00:00+00:00,12.216666666666667,True,True,True,True,2026-08-24T08:47:47+00:00,2026-08-24T09:00:00+00:00,12.216666666666667,True,True,True,True
2026-08-24,Chicago,KMDW,KXHIGHCHI-26AUG24,3,06Z->12Z,06Z,12Z,2026-08-24T06:47:47+00:00,2026-08-24T13:40:12+00:00,,0.0,-1.0,False,True,True,2026-08-24T13:00:00+00:00,40.2,True,True,True,2026-08-24T14:40:12+00:00,2026-08-24T15:00:00+00:00,19.8,True,True,True,True,2026-08-24T15:40:12+00:00,2026-08-24T16:00:00+00:00,19.8,True,True,True,True
2026-08-24,Denver,KDEN,KXHIGHDEN-26AUG24,1,prev18Z->00Z,prev18Z,00Z,2026-08-23T18:48:58+00:00,2026-08-24T01:18:27+00:00,2026-08-24T06:47:47+00:00,0.0,0.0,False,False,False,2026-08-24T01:00:00+00:00,18.45,True,True,True,2026-08-24T02:18:27+00:00,2026-08-24T03:00:00+00:00,41.55,True,True,True,True,2026-08-24T03:18:27+00:00,2026-08-24T04:00:00+00:00,41.55,True,True,True,True
2026-08-24,Denver,KDEN,KXHIGHDEN-26AUG24,2,00Z->06Z,00Z,06Z,2026-08-24T01:18:27+00:00,2026-08-24T06:47:47+00:00,2026-08-24T13:40:12+00:00,0.0,-1.0,False,True,True,2026-08-24T05:00:00+00:00,107.78333333333333,False,True,False,2026-08-24T07:47:47+00:00,2026-08-24T08:00:00+00:00,12.216666666666667,True,True,True,False,2026-08-24T08:47:47+00:00,2026-08-24T09:00:00+00:00,12.216666666666667,True,True,True,False
2026-08-24,Denver,KDEN,KXHIGHDEN-26AUG24,3,06Z->12Z,06Z,12Z,2026-08-24T06:47:47+00:00,2026-08-24T13:40:12+00:00,,0.0,1.0,False,True,True,2026-08-24T13:00:00+00:00,40.2,True,True,True,2026-08-24T14:40:12+00:00,2026-08-24T15:00:00+00:00,19.8,True,True,True,True,2026-08-24T15:40:12+00:00,2026-08-24T16:00:00+00:00,19.8,True,True,True,True
2026-08-24,NYC,KNYC,KXHIGHNY-26AUG24,1,prev18Z->00Z,prev18Z,00Z,2026-08-23T18:48:58+00:00,2026-08-24T01:18:27+00:00,2026-08-24T06:47:47+00:00,0.0,0.0,False,False,False,2026-08-24T01:00:00+00:00,18.45,True,True,True,2026-08-24T02:18:27+00:00,2026-08-24T03:00:00+00:00,41.55,True,True,True,True,2026-08-24T03:18:27+00:00,2026-08-24T05:00:00+00:00,101.55,False,True,False,False
2026-08-24,NYC,KNYC,KXHIGHNY-26AUG24,2,00Z->06Z,00Z,06Z,2026-08-24T01:18:27+00:00,2026-08-24T06:47:47+00:00,2026-08-24T13:40:12+00:00,0.0,-1.0,False,True,True,2026-08-24T06:00:00+00:00,47.78333333333333,True,True,True,2026-08-24T07:47:47+00:00,2026-08-24T08:00:00+00:00,12.216666666666667,True,True,True,True,2026-08-24T08:47:47+00:00,2026-08-24T09:00:00+00:00,12.216666666666667,True,True,True,True
2026-08-24,NYC,KNYC,KXHIGHNY-26AUG24,3,06Z->12Z,06Z,12Z,2026-08-24T06:47:47+00:00,2026-08-24T13:40:12+00:00,,1.0,1.0,True,True,True,2026-08-24T13:00:00+00:00,40.2,True,True,True,2026-08-24T14:40:12+00:00,2026-08-24T15:00:00+00:00,19.8,True,True,True,True,2026-08-24T15:40:12+00:00,2026-08-24T16:00:00+00:00,19.8,True,True,True,True
2026-08-25,Chicago,KMDW,KXHIGHCHI-26AUG25,1,prev18Z->00Z,prev18Z,00Z,2026-08-24T18:45:34+00:00,2026-08-25T01:18:39+00:00,2026-08-25T06:46:26+00:00,1.0,-1.0,True,True,True,2026-08-25T01:00:00+00:00,18.65,True,True,True,2026-08-25T02:18:39+00:00,2026-08-25T03:00:00+00:00,41.35,True,True,True,True,2026-08-25T03:18:39+00:00,2026-08-25T05:00:00+00:00,101.35,False,True,False,False
2026-08-25,Chicago,KMDW,KXHIGHCHI-26AUG25,2,00Z->06Z,00Z,06Z,2026-08-25T01:18:39+00:00,2026-08-25T06:46:26+00:00,2026-08-25T13:39:21+00:00,-1.0,1.0,True,True,True,2026-08-25T06:00:00+00:00,46.43333333333333,True,True,True,2026-08-25T07:46:26+00:00,2026-08-25T08:00:00+00:00,13.566666666666666,True,True,True,True,2026-08-25T08:46:26+00:00,2026-08-25T09:00:00+00:00,13.566666666666666,True,True,True,True
2026-08-25,Chicago,KMDW,KXHIGHCHI-26AUG25,3,06Z->12Z,06Z,12Z,2026-08-25T06:46:26+00:00,2026-08-25T13:39:21+00:00,,1.0,-1.0,True,True,True,2026-08-25T13:00:00+00:00,39.35,True,True,True,2026-08-25T14:39:21+00:00,2026-08-25T15:00:00+00:00,20.65,True,True,True,True,2026-08-25T15:39:21+00:00,2026-08-25T16:00:00+00:00,20.65,True,True,True,True
2026-08-25,Denver,KDEN,KXHIGHDEN-26AUG25,1,prev18Z->00Z,prev18Z,00Z,2026-08-24T18:45:34+00:00,2026-08-25T01:18:39+00:00,2026-08-25T06:46:26+00:00,1.0,0.0,True,False,True,2026-08-25T01:00:00+00:00,18.65,True,True,True,2026-08-25T02:18:39+00:00,2026-08-25T03:00:00+00:00,41.35,True,True,True,True,2026-08-25T03:18:39+00:00,2026-08-25T04:00:00+00:00,41.35,True,True,True,True
2026-08-25,Denver,KDEN,KXHIGHDEN-26AUG25,2,00Z->06Z,00Z,06Z,2026-08-25T01:18:39+00:00,2026-08-25T06:46:26+00:00,2026-08-25T13:39:21+00:00,1.0,0.0,True,False,True,2026-08-25T06:00:00+00:00,46.43333333333333,True,True,True,2026-08-25T07:46:26+00:00,2026-08-25T08:00:00+00:00,13.566666666666666,True,True,True,True,2026-08-25T08:46:26+00:00,2026-08-25T09:00:00+00:00,13.566666666666666,True,True,True,True
2026-08-25,Denver,KDEN,KXHIGHDEN-26AUG25,3,06Z->12Z,06Z,12Z,2026-08-25T06:46:26+00:00,2026-08-25T13:39:21+00:00,,-1.0,0.0,True,False,True,2026-08-25T13:00:00+00:00,39.35,True,True,True,2026-08-25T14:39:21+00:00,2026-08-25T15:00:00+00:00,20.65,True,True,True,True,2026-08-25T15:39:21+00:00,2026-08-25T16:00:00+00:00,20.65,True,True,True,True
2026-08-25,NYC,KNYC,KXHIGHNY-26AUG25,1,prev18Z->00Z,prev18Z,00Z,2026-08-24T18:45:34+00:00,2026-08-25T01:18:39+00:00,2026-08-25T06:46:26+00:00,0.0,0.0,False,False,False,2026-08-25T01:00:00+00:00,18.65,True,True,True,2026-08-25T02:18:39+00:00,2026-08-25T04:00:00+00:00,101.35,False,True,False,False,2026-08-25T03:18:39+00:00,2026-08-25T04:00:00+00:00,41.35,True,True,True,True
2026-08-25,NYC,KNYC,KXHIGHNY-26AUG25,2,00Z->06Z,00Z,06Z,2026-08-25T01:18:39+00:00,2026-08-25T06:46:26+00:00,2026-08-25T13:39:21+00:00,-1.0,0.0,True,False,True,2026-08-25T06:00:00+00:00,46.43333333333333,True,True,True,2026-08-25T07:46:26+00:00,2026-08-25T08:00:00+00:00,13.566666666666666,True,True,True,True,2026-08-25T08:46:26+00:00,2026-08-25T09:00:00+00:00,13.566666666666666,True,True,True,True
2026-08-25,NYC,KNYC,KXHIGHNY-26AUG25,3,06Z->12Z,06Z,12Z,2026-08-25T06:46:26+00:00,2026-08-25T13:39:21+00:00,,0.0,0.0,False,False,False,2026-08-25T13:00:00+00:00,39.35,True,True,True,2026-08-25T14:39:21+00:00,2026-08-25T15:00:00+00:00,20.65,True,True,True,True,2026-08-25T15:39:21+00:00,2026-08-25T16:00:00+00:00,20.65,True,True,True,True
2026-08-26,Chicago,KMDW,KXHIGHCHI-26AUG26,1,prev18Z->00Z,prev18Z,00Z,2026-08-25T18:46:28+00:00,2026-08-26T01:19:25+00:00,2026-08-26T06:46:01+00:00,0.0,0.0,False,False,False,2026-08-26T01:00:00+00:00,19.416666666666668,True,True,True,2026-08-26T02:19:25+00:00,2026-08-26T03:00:00+00:00,40.583333333333336,True,True,True,True,2026-08-26T03:19:25+00:00,2026-08-26T04:00:00+00:00,40.583333333333336,True,True,True,True
2026-08-26,Chicago,KMDW,KXHIGHCHI-26AUG26,2,00Z->06Z,00Z,06Z,2026-08-26T01:19:25+00:00,2026-08-26T06:46:01+00:00,2026-08-26T13:42:15+00:00,0.0,0.0,False,False,False,2026-08-26T06:00:00+00:00,46.016666666666666,True,True,True,2026-08-26T07:46:01+00:00,2026-08-26T08:00:00+00:00,13.983333333333333,True,True,True,True,2026-08-26T08:46:01+00:00,2026-08-26T09:00:00+00:00,13.983333333333333,True,True,True,True
2026-08-26,Chicago,KMDW,KXHIGHCHI-26AUG26,3,06Z->12Z,06Z,12Z,2026-08-26T06:46:01+00:00,2026-08-26T13:42:15+00:00,,0.0,-1.0,False,True,True,2026-08-26T13:00:00+00:00,42.25,True,True,True,2026-08-26T14:42:15+00:00,2026-08-26T15:00:00+00:00,17.75,True,True,True,True,2026-08-26T15:42:15+00:00,2026-08-26T16:00:00+00:00,17.75,True,True,True,True
2026-08-26,Denver,KDEN,KXHIGHDEN-26AUG26,1,prev18Z->00Z,prev18Z,00Z,2026-08-25T18:46:28+00:00,2026-08-26T01:19:25+00:00,2026-08-26T06:46:01+00:00,1.0,0.0,True,False,True,2026-08-26T01:00:00+00:00,19.416666666666668,True,True,True,2026-08-26T02:19:25+00:00,2026-08-26T03:00:00+00:00,40.583333333333336,True,True,True,True,2026-08-26T03:19:25+00:00,2026-08-26T04:00:00+00:00,40.583333333333336,True,True,True,True
2026-08-26,Denver,KDEN,KXHIGHDEN-26AUG26,2,00Z->06Z,00Z,06Z,2026-08-26T01:19:25+00:00,2026-08-26T06:46:01+00:00,2026-08-26T13:42:15+00:00,-1.0,0.0,True,False,True,2026-08-26T05:00:00+00:00,106.01666666666667,False,True,False,2026-08-26T07:46:01+00:00,2026-08-26T08:00:00+00:00,13.983333333333333,True,True,True,False,2026-08-26T08:46:01+00:00,2026-08-26T09:00:00+00:00,13.983333333333333,True,True,True,False
2026-08-26,Denver,KDEN,KXHIGHDEN-26AUG26,3,06Z->12Z,06Z,12Z,2026-08-26T06:46:01+00:00,2026-08-26T13:42:15+00:00,,0.0,0.0,False,False,False,2026-08-26T13:00:00+00:00,42.25,True,True,True,2026-08-26T14:42:15+00:00,2026-08-26T15:00:00+00:00,17.75,True,True,True,True,2026-08-26T15:42:15+00:00,2026-08-26T16:00:00+00:00,17.75,True,True,True,True
2026-08-26,NYC,KNYC,KXHIGHNY-26AUG26,1,prev18Z->00Z,prev18Z,00Z,2026-08-25T18:46:28+00:00,2026-08-26T01:19:25+00:00,2026-08-26T06:46:01+00:00,0.0,0.0,False,False,False,2026-08-26T01:00:00+00:00,19.416666666666668,True,True,True,2026-08-26T02:19:25+00:00,2026-08-26T03:00:00+00:00,40.583333333333336,True,True,True,True,2026-08-26T03:19:25+00:00,2026-08-26T04:00:00+00:00,40.583333333333336,True,True,True,True
2026-08-26,NYC,KNYC,KXHIGHNY-26AUG26,2,00Z->06Z,00Z,06Z,2026-08-26T01:19:25+00:00,2026-08-26T06:46:01+00:00,2026-08-26T13:42:15+00:00,-1.0,1.0,True,True,True,2026-08-26T06:00:00+00:00,46.016666666666666,True,True,True,2026-08-26T07:46:01+00:00,2026-08-26T10:00:00+00:00,133.98333333333332,False,True,False,False,2026-08-26T08:46:01+00:00,2026-08-26T10:00:00+00:00,73.98333333333333,False,True,False,False
2026-08-26,NYC,KNYC,KXHIGHNY-26AUG26,3,06Z->12Z,06Z,12Z,2026-08-26T06:46:01+00:00,2026-08-26T13:42:15+00:00,,0.0,0.0,False,False,False,2026-08-26T13:00:00+00:00,42.25,True,True,True,2026-08-26T14:42:15+00:00,2026-08-26T15:00:00+00:00,17.75,True,True,True,True,2026-08-26T15:42:15+00:00,2026-08-26T16:00:00+00:00,17.75,True,True,True,True
2026-08-27,Chicago,KMDW,KXHIGHCHI-26AUG27,1,prev18Z->00Z,prev18Z,00Z,2026-08-26T18:56:10+00:00,2026-08-27T01:14:23+00:00,2026-08-27T06:47:41+00:00,0.0,-1.0,False,True,True,2026-08-27T01:00:00+00:00,14.383333333333333,True,True,True,2026-08-27T02:14:23+00:00,2026-08-27T03:00:00+00:00,45.61666666666667,True,True,True,True,2026-08-27T03:14:23+00:00,2026-08-27T04:00:00+00:00,45.61666666666667,True,True,True,True
2026-08-27,Chicago,KMDW,KXHIGHCHI-26AUG27,2,00Z->06Z,00Z,06Z,2026-08-27T01:14:23+00:00,2026-08-27T06:47:41+00:00,2026-08-27T13:42:10+00:00,0.0,0.0,False,False,False,2026-08-27T06:00:00+00:00,47.68333333333333,True,True,True,2026-08-27T07:47:41+00:00,2026-08-27T08:00:00+00:00,12.316666666666666,True,True,True,True,2026-08-27T08:47:41+00:00,2026-08-27T10:00:00+00:00,72.31666666666666,False,True,False,False
2026-08-27,Chicago,KMDW,KXHIGHCHI-26AUG27,3,06Z->12Z,06Z,12Z,2026-08-27T06:47:41+00:00,2026-08-27T13:42:10+00:00,,0.0,0.0,False,False,False,2026-08-27T13:00:00+00:00,42.166666666666664,True,True,True,2026-08-27T14:42:10+00:00,2026-08-27T15:00:00+00:00,17.833333333333332,True,True,True,True,2026-08-27T15:42:10+00:00,2026-08-27T16:00:00+00:00,17.833333333333332,True,True,True,True
2026-08-27,Denver,KDEN,KXHIGHDEN-26AUG27,1,prev18Z->00Z,prev18Z,00Z,2026-08-26T18:56:10+00:00,2026-08-27T01:14:23+00:00,2026-08-27T06:47:41+00:00,0.0,0.0,False,False,False,2026-08-27T01:00:00+00:00,14.383333333333333,True,True,True,2026-08-27T02:14:23+00:00,2026-08-27T03:00:00+00:00,45.61666666666667,True,True,True,True,2026-08-27T03:14:23+00:00,2026-08-27T04:00:00+00:00,45.61666666666667,True,True,True,True
2026-08-27,Denver,KDEN,KXHIGHDEN-26AUG27,2,00Z->06Z,00Z,06Z,2026-08-27T01:14:23+00:00,2026-08-27T06:47:41+00:00,2026-08-27T13:42:10+00:00,-1.0,-1.0,True,True,True,2026-08-27T06:00:00+00:00,47.68333333333333,True,True,True,2026-08-27T07:47:41+00:00,2026-08-27T08:00:00+00:00,12.316666666666666,True,True,True,True,2026-08-27T08:47:41+00:00,2026-08-27T10:00:00+00:00,72.31666666666666,False,True,False,False
2026-08-27,Denver,KDEN,KXHIGHDEN-26AUG27,3,06Z->12Z,06Z,12Z,2026-08-27T06:47:41+00:00,2026-08-27T13:42:10+00:00,,1.0,0.0,True,False,True,2026-08-27T13:00:00+00:00,42.166666666666664,True,True,True,2026-08-27T14:42:10+00:00,2026-08-27T15:00:00+00:00,17.833333333333332,True,True,True,True,2026-08-27T15:42:10+00:00,2026-08-27T16:00:00+00:00,17.833333333333332,True,True,True,True
2026-08-27,NYC,KNYC,KXHIGHNY-26AUG27,1,prev18Z->00Z,prev18Z,00Z,2026-08-26T18:56:10+00:00,2026-08-27T01:14:23+00:00,2026-08-27T06:47:41+00:00,0.0,0.0,False,False,False,2026-08-27T01:00:00+00:00,14.383333333333333,True,True,True,2026-08-27T02:14:23+00:00,2026-08-27T05:00:00+00:00,165.61666666666667,False,True,False,False,2026-08-27T03:14:23+00:00,2026-08-27T05:00:00+00:00,105.61666666666666,False,True,False,False
2026-08-27,NYC,KNYC,KXHIGHNY-26AUG27,2,00Z->06Z,00Z,06Z,2026-08-27T01:14:23+00:00,2026-08-27T06:47:41+00:00,2026-08-27T13:42:10+00:00,0.0,0.0,False,False,False,2026-08-27T06:00:00+00:00,47.68333333333333,True,True,True,2026-08-27T07:47:41+00:00,2026-08-27T08:00:00+00:00,12.316666666666666,True,True,True,True,2026-08-27T08:47:41+00:00,2026-08-27T10:00:00+00:00,72.31666666666666,False,True,False,False
2026-08-27,NYC,KNYC,KXHIGHNY-26AUG27,3,06Z->12Z,06Z,12Z,2026-08-27T06:47:41+00:00,2026-08-27T13:42:10+00:00,,0.0,-1.0,False,True,True,2026-08-27T13:00:00+00:00,42.166666666666664,True,True,True,2026-08-27T14:42:10+00:00,2026-08-27T15:00:00+00:00,17.833333333333332,True,True,True,True,2026-08-27T15:42:10+00:00,2026-08-27T16:00:00+00:00,17.833333333333332,True,True,True,True
2026-08-28,Chicago,KMDW,KXHIGHCHI-26AUG28,1,prev18Z->00Z,prev18Z,00Z,2026-08-27T19:01:54+00:00,2026-08-28T01:16:40+00:00,2026-08-28T06:50:01+00:00,0.0,0.0,False,False,False,2026-08-28T01:00:00+00:00,16.666666666666668,True,True,True,2026-08-28T02:16:40+00:00,2026-08-28T03:00:00+00:00,43.333333333333336,True,True,True,True,2026-08-28T03:16:40+00:00,2026-08-28T04:00:00+00:00,43.333333333333336,True,True,True,True
2026-08-28,Chicago,KMDW,KXHIGHCHI-26AUG28,2,00Z->06Z,00Z,06Z,2026-08-28T01:16:40+00:00,2026-08-28T06:50:01+00:00,2026-08-28T13:26:20+00:00,0.0,0.0,False,False,False,2026-08-28T06:00:00+00:00,50.016666666666666,True,True,True,2026-08-28T07:50:01+00:00,2026-08-28T08:00:00+00:00,9.983333333333333,True,True,True,True,2026-08-28T08:50:01+00:00,2026-08-28T09:00:00+00:00,9.983333333333333,True,True,True,True
2026-08-28,Chicago,KMDW,KXHIGHCHI-26AUG28,3,06Z->12Z,06Z,12Z,2026-08-28T06:50:01+00:00,2026-08-28T13:26:20+00:00,,0.0,0.0,False,False,False,2026-08-28T13:00:00+00:00,26.333333333333332,True,True,True,2026-08-28T14:26:20+00:00,2026-08-28T15:00:00+00:00,33.666666666666664,True,True,True,True,2026-08-28T15:26:20+00:00,2026-08-28T16:00:00+00:00,33.666666666666664,True,True,True,True
2026-08-28,Denver,KDEN,KXHIGHDEN-26AUG28,1,prev18Z->00Z,prev18Z,00Z,2026-08-27T19:01:54+00:00,2026-08-28T01:16:40+00:00,2026-08-28T06:50:01+00:00,0.0,0.0,False,False,False,2026-08-28T01:00:00+00:00,16.666666666666668,True,True,True,2026-08-28T02:16:40+00:00,2026-08-28T03:00:00+00:00,43.333333333333336,True,True,True,True,2026-08-28T03:16:40+00:00,2026-08-28T04:00:00+00:00,43.333333333333336,True,True,True,True
2026-08-28,Denver,KDEN,KXHIGHDEN-26AUG28,2,00Z->06Z,00Z,06Z,2026-08-28T01:16:40+00:00,2026-08-28T06:50:01+00:00,2026-08-28T13:26:20+00:00,0.0,0.0,False,False,False,2026-08-28T06:00:00+00:00,50.016666666666666,True,True,True,2026-08-28T07:50:01+00:00,2026-08-28T08:00:00+00:00,9.983333333333333,True,True,True,True,2026-08-28T08:50:01+00:00,2026-08-28T09:00:00+00:00,9.983333333333333,True,True,True,True
2026-08-28,Denver,KDEN,KXHIGHDEN-26AUG28,3,06Z->12Z,06Z,12Z,2026-08-28T06:50:01+00:00,2026-08-28T13:26:20+00:00,,0.0,0.0,False,False,False,2026-08-28T13:00:00+00:00,26.333333333333332,True,True,True,2026-08-28T14:26:20+00:00,2026-08-28T15:00:00+00:00,33.666666666666664,True,True,True,True,2026-08-28T15:26:20+00:00,2026-08-28T16:00:00+00:00,33.666666666666664,True,True,True,True
2026-08-28,NYC,KNYC,KXHIGHNY-26AUG28,1,prev18Z->00Z,prev18Z,00Z,2026-08-27T19:01:54+00:00,2026-08-28T01:16:40+00:00,2026-08-28T06:50:01+00:00,0.0,0.0,False,False,False,2026-08-28T01:00:00+00:00,16.666666666666668,True,True,True,2026-08-28T02:16:40+00:00,2026-08-28T03:00:00+00:00,43.333333333333336,True,True,True,True,2026-08-28T03:16:40+00:00,2026-08-28T04:00:00+00:00,43.333333333333336,True,True,True,True
2026-08-28,NYC,KNYC,KXHIGHNY-26AUG28,2,00Z->06Z,00Z,06Z,2026-08-28T01:16:40+00:00,2026-08-28T06:50:01+00:00,2026-08-28T13:26:20+00:00,0.0,0.0,False,False,False,2026-08-28T06:00:00+00:00,50.016666666666666,True,True,True,2026-08-28T07:50:01+00:00,2026-08-28T09:00:00+00:00,69.98333333333333,False,True,False,False,2026-08-28T08:50:01+00:00,2026-08-28T09:00:00+00:00,9.983333333333333,True,True,True,True
2026-08-28,NYC,KNYC,KXHIGHNY-26AUG28,3,06Z->12Z,06Z,12Z,2026-08-28T06:50:01+00:00,2026-08-28T13:26:20+00:00,,0.0,0.0,False,False,False,2026-08-28T13:00:00+00:00,26.333333333333332,True,True,True,2026-08-28T14:26:20+00:00,2026-08-28T15:00:00+00:00,33.666666666666664,True,True,True,True,2026-08-28T15:26:20+00:00,2026-08-28T16:00:00+00:00,33.666666666666664,True,True,True,True
2026-08-29,Chicago,KMDW,KXHIGHCHI-26AUG29,1,prev18Z->00Z,prev18Z,00Z,2026-08-28T18:48:53+00:00,2026-08-29T01:18:56+00:00,2026-08-29T06:45:27+00:00,1.0,0.0,True,False,True,2026-08-29T01:00:00+00:00,18.933333333333334,True,True,True,2026-08-29T02:18:56+00:00,2026-08-29T03:00:00+00:00,41.06666666666667,True,True,True,True,2026-08-29T03:18:56+00:00,2026-08-29T04:00:00+00:00,41.06666666666667,True,True,True,True
2026-08-29,Chicago,KMDW,KXHIGHCHI-26AUG29,2,00Z->06Z,00Z,06Z,2026-08-29T01:18:56+00:00,2026-08-29T06:45:27+00:00,2026-08-29T13:39:00+00:00,0.0,0.0,False,False,False,2026-08-29T06:00:00+00:00,45.45,True,True,True,2026-08-29T07:45:27+00:00,2026-08-29T08:00:00+00:00,14.55,True,True,True,True,2026-08-29T08:45:27+00:00,2026-08-29T09:00:00+00:00,14.55,True,True,True,True
2026-08-29,Chicago,KMDW,KXHIGHCHI-26AUG29,3,06Z->12Z,06Z,12Z,2026-08-29T06:45:27+00:00,2026-08-29T13:39:00+00:00,,0.0,0.0,False,False,False,2026-08-29T13:00:00+00:00,39.0,True,True,True,2026-08-29T14:39:00+00:00,2026-08-29T15:00:00+00:00,21.0,True,True,True,True,2026-08-29T15:39:00+00:00,2026-08-29T16:00:00+00:00,21.0,True,True,True,True
2026-08-29,Denver,KDEN,KXHIGHDEN-26AUG29,1,prev18Z->00Z,prev18Z,00Z,2026-08-28T18:48:53+00:00,2026-08-29T01:18:56+00:00,2026-08-29T06:45:27+00:00,0.0,0.0,False,False,False,2026-08-29T01:00:00+00:00,18.933333333333334,True,True,True,2026-08-29T02:18:56+00:00,2026-08-29T03:00:00+00:00,41.06666666666667,True,True,True,True,2026-08-29T03:18:56+00:00,2026-08-29T04:00:00+00:00,41.06666666666667,True,True,True,True
2026-08-29,Denver,KDEN,KXHIGHDEN-26AUG29,2,00Z->06Z,00Z,06Z,2026-08-29T01:18:56+00:00,2026-08-29T06:45:27+00:00,2026-08-29T13:39:00+00:00,-1.0,0.0,True,False,True,2026-08-29T05:00:00+00:00,105.45,False,True,False,2026-08-29T07:45:27+00:00,2026-08-29T08:00:00+00:00,14.55,True,True,True,False,2026-08-29T08:45:27+00:00,2026-08-29T09:00:00+00:00,14.55,True,True,True,False
2026-08-29,Denver,KDEN,KXHIGHDEN-26AUG29,3,06Z->12Z,06Z,12Z,2026-08-29T06:45:27+00:00,2026-08-29T13:39:00+00:00,,0.0,0.0,False,False,False,2026-08-29T13:00:00+00:00,39.0,True,True,True,2026-08-29T14:39:00+00:00,2026-08-29T15:00:00+00:00,21.0,True,True,True,True,2026-08-29T15:39:00+00:00,2026-08-29T16:00:00+00:00,21.0,True,True,True,True
2026-08-29,NYC,KNYC,KXHIGHNY-26AUG29,1,prev18Z->00Z,prev18Z,00Z,2026-08-28T18:48:53+00:00,2026-08-29T01:18:56+00:00,2026-08-29T06:45:27+00:00,0.0,1.0,False,True,True,2026-08-29T01:00:00+00:00,18.933333333333334,True,True,True,2026-08-29T02:18:56+00:00,2026-08-29T03:00:00+00:00,41.06666666666667,True,True,True,True,2026-08-29T03:18:56+00:00,2026-08-29T04:00:00+00:00,41.06666666666667,True,True,True,True
2026-08-29,NYC,KNYC,KXHIGHNY-26AUG29,2,00Z->06Z,00Z,06Z,2026-08-29T01:18:56+00:00,2026-08-29T06:45:27+00:00,2026-08-29T13:39:00+00:00,0.0,0.0,False,False,False,2026-08-29T06:00:00+00:00,45.45,True,True,True,2026-08-29T07:45:27+00:00,2026-08-29T08:00:00+00:00,14.55,True,True,True,True,2026-08-29T08:45:27+00:00,2026-08-29T09:00:00+00:00,14.55,True,True,True,True
2026-08-29,NYC,KNYC,KXHIGHNY-26AUG29,3,06Z->12Z,06Z,12Z,2026-08-29T06:45:27+00:00,2026-08-29T13:39:00+00:00,,0.0,0.0,False,False,False,2026-08-29T13:00:00+00:00,39.0,True,True,True,2026-08-29T14:39:00+00:00,2026-08-29T15:00:00+00:00,21.0,True,True,True,True,2026-08-29T15:39:00+00:00,2026-08-29T16:00:00+00:00,21.0,True,True,True,True
2026-08-30,Chicago,KMDW,KXHIGHCHI-26AUG30,1,prev18Z->00Z,prev18Z,00Z,2026-08-29T18:56:06+00:00,2026-08-30T01:17:34+00:00,2026-08-30T06:45:23+00:00,0.0,0.0,False,False,False,2026-08-30T01:00:00+00:00,17.566666666666666,True,True,True,2026-08-30T02:17:34+00:00,2026-08-30T03:00:00+00:00,42.43333333333333,True,True,True,True,2026-08-30T03:17:34+00:00,2026-08-30T04:00:00+00:00,42.43333333333333,True,True,True,True
2026-08-30,Chicago,KMDW,KXHIGHCHI-26AUG30,2,00Z->06Z,00Z,06Z,2026-08-30T01:17:34+00:00,2026-08-30T06:45:23+00:00,2026-08-30T13:42:41+00:00,-2.0,0.0,True,False,True,2026-08-30T04:00:00+00:00,165.38333333333333,False,True,False,2026-08-30T07:45:23+00:00,2026-08-30T08:00:00+00:00,14.616666666666667,True,True,True,False,2026-08-30T08:45:23+00:00,2026-08-30T09:00:00+00:00,14.616666666666667,True,True,True,False
2026-08-30,Chicago,KMDW,KXHIGHCHI-26AUG30,3,06Z->12Z,06Z,12Z,2026-08-30T06:45:23+00:00,2026-08-30T13:42:41+00:00,,-1.0,-1.0,True,True,True,2026-08-30T12:00:00+00:00,102.68333333333334,False,True,False,2026-08-30T14:42:41+00:00,2026-08-30T15:00:00+00:00,17.316666666666666,True,True,True,False,2026-08-30T15:42:41+00:00,2026-08-30T17:00:00+00:00,77.31666666666666,False,True,False,False
2026-08-30,Denver,KDEN,KXHIGHDEN-26AUG30,1,prev18Z->00Z,prev18Z,00Z,2026-08-29T18:56:06+00:00,2026-08-30T01:17:34+00:00,2026-08-30T06:45:23+00:00,0.0,0.0,False,False,False,2026-08-30T01:00:00+00:00,17.566666666666666,True,True,True,2026-08-30T02:17:34+00:00,2026-08-30T03:00:00+00:00,42.43333333333333,True,True,True,True,2026-08-30T03:17:34+00:00,2026-08-30T04:00:00+00:00,42.43333333333333,True,True,True,True
2026-08-30,Denver,KDEN,KXHIGHDEN-26AUG30,2,00Z->06Z,00Z,06Z,2026-08-30T01:17:34+00:00,2026-08-30T06:45:23+00:00,2026-08-30T13:42:41+00:00,-1.0,-1.0,True,True,True,2026-08-30T06:00:00+00:00,45.38333333333333,True,True,True,2026-08-30T07:45:23+00:00,2026-08-30T08:00:00+00:00,14.616666666666667,True,True,True,True,2026-08-30T08:45:23+00:00,2026-08-30T09:00:00+00:00,14.616666666666667,True,True,True,True
2026-08-30,Denver,KDEN,KXHIGHDEN-26AUG30,3,06Z->12Z,06Z,12Z,2026-08-30T06:45:23+00:00,2026-08-30T13:42:41+00:00,,1.0,0.0,True,False,True,2026-08-30T13:00:00+00:00,42.68333333333333,True,True,True,2026-08-30T14:42:41+00:00,2026-08-30T15:00:00+00:00,17.316666666666666,True,True,True,True,2026-08-30T15:42:41+00:00,2026-08-30T16:00:00+00:00,17.316666666666666,True,True,True,True
2026-08-30,NYC,KNYC,KXHIGHNY-26AUG30,1,prev18Z->00Z,prev18Z,00Z,2026-08-29T18:56:06+00:00,2026-08-30T01:17:34+00:00,2026-08-30T06:45:23+00:00,-1.0,0.0,True,False,True,2026-08-30T01:00:00+00:00,17.566666666666666,True,True,True,2026-08-30T02:17:34+00:00,2026-08-30T03:00:00+00:00,42.43333333333333,True,True,True,True,2026-08-30T03:17:34+00:00,2026-08-30T04:00:00+00:00,42.43333333333333,True,True,True,True
2026-08-30,NYC,KNYC,KXHIGHNY-26AUG30,2,00Z->06Z,00Z,06Z,2026-08-30T01:17:34+00:00,2026-08-30T06:45:23+00:00,2026-08-30T13:42:41+00:00,-1.0,0.0,True,False,True,2026-08-30T06:00:00+00:00,45.38333333333333,True,True,True,2026-08-30T07:45:23+00:00,2026-08-30T08:00:00+00:00,14.616666666666667,True,True,True,True,2026-08-30T08:45:23+00:00,2026-08-30T09:00:00+00:00,14.616666666666667,True,True,True,True
2026-08-30,NYC,KNYC,KXHIGHNY-26AUG30,3,06Z->12Z,06Z,12Z,2026-08-30T06:45:23+00:00,2026-08-30T13:42:41+00:00,,0.0,0.0,False,False,False,2026-08-30T13:00:00+00:00,42.68333333333333,True,True,True,2026-08-30T14:42:41+00:00,2026-08-30T15:00:00+00:00,17.316666666666666,True,True,True,True,2026-08-30T15:42:41+00:00,2026-08-30T16:00:00+00:00,17.316666666666666,True,True,True,True
2026-08-31,Chicago,KMDW,KXHIGHCHI-26AUG31,1,prev18Z->00Z,prev18Z,00Z,2026-08-30T18:56:31+00:00,2026-08-31T01:19:00+00:00,2026-08-31T06:49:06+00:00,0.0,0.0,False,False,False,2026-08-31T01:00:00+00:00,19.0,True,True,True,2026-08-31T02:19:00+00:00,2026-08-31T03:00:00+00:00,41.0,True,True,True,True,2026-08-31T03:19:00+00:00,2026-08-31T04:00:00+00:00,41.0,True,True,True,True
2026-08-31,Chicago,KMDW,KXHIGHCHI-26AUG31,2,00Z->06Z,00Z,06Z,2026-08-31T01:19:00+00:00,2026-08-31T06:49:06+00:00,2026-08-31T14:08:38+00:00,0.0,1.0,False,True,True,2026-08-31T06:00:00+00:00,49.1,True,True,True,2026-08-31T07:49:06+00:00,2026-08-31T08:00:00+00:00,10.9,True,True,True,True,2026-08-31T08:49:06+00:00,2026-08-31T09:00:00+00:00,10.9,True,True,True,True
2026-08-31,Chicago,KMDW,KXHIGHCHI-26AUG31,3,06Z->12Z,06Z,12Z,2026-08-31T06:49:06+00:00,2026-08-31T14:08:38+00:00,,1.0,-1.0,True,True,True,2026-08-31T14:00:00+00:00,8.633333333333333,True,True,True,2026-08-31T15:08:38+00:00,2026-08-31T16:00:00+00:00,51.36666666666667,True,True,True,True,2026-08-31T16:08:38+00:00,2026-08-31T17:00:00+00:00,51.36666666666667,True,True,True,True
2026-08-31,Denver,KDEN,KXHIGHDEN-26AUG31,1,prev18Z->00Z,prev18Z,00Z,2026-08-30T18:56:31+00:00,2026-08-31T01:19:00+00:00,2026-08-31T06:49:06+00:00,0.0,0.0,False,False,False,2026-08-31T01:00:00+00:00,19.0,True,True,True,2026-08-31T02:19:00+00:00,2026-08-31T03:00:00+00:00,41.0,True,True,True,True,2026-08-31T03:19:00+00:00,2026-08-31T04:00:00+00:00,41.0,True,True,True,True
2026-08-31,Denver,KDEN,KXHIGHDEN-26AUG31,2,00Z->06Z,00Z,06Z,2026-08-31T01:19:00+00:00,2026-08-31T06:49:06+00:00,2026-08-31T14:08:38+00:00,-1.0,0.0,True,False,True,2026-08-31T06:00:00+00:00,49.1,True,True,True,2026-08-31T07:49:06+00:00,2026-08-31T08:00:00+00:00,10.9,True,True,True,True,2026-08-31T08:49:06+00:00,2026-08-31T09:00:00+00:00,10.9,True,True,True,True
2026-08-31,Denver,KDEN,KXHIGHDEN-26AUG31,3,06Z->12Z,06Z,12Z,2026-08-31T06:49:06+00:00,2026-08-31T14:08:38+00:00,,-1.0,0.0,True,False,True,2026-08-31T14:00:00+00:00,8.633333333333333,True,True,True,2026-08-31T15:08:38+00:00,2026-08-31T16:00:00+00:00,51.36666666666667,True,True,True,True,2026-08-31T16:08:38+00:00,2026-08-31T17:00:00+00:00,51.36666666666667,True,True,True,True
2026-08-31,NYC,KNYC,KXHIGHNY-26AUG31,1,prev18Z->00Z,prev18Z,00Z,2026-08-30T18:56:31+00:00,2026-08-31T01:19:00+00:00,2026-08-31T06:49:06+00:00,0.0,0.0,False,False,False,2026-08-31T01:00:00+00:00,19.0,True,True,True,2026-08-31T02:19:00+00:00,2026-08-31T03:00:00+00:00,41.0,True,True,True,True,2026-08-31T03:19:00+00:00,2026-08-31T04:00:00+00:00,41.0,True,True,True,True
2026-08-31,NYC,KNYC,KXHIGHNY-26AUG31,2,00Z->06Z,00Z,06Z,2026-08-31T01:19:00+00:00,2026-08-31T06:49:06+00:00,2026-08-31T14:08:38+00:00,-2.0,1.0,True,True,True,2026-08-31T06:00:00+00:00,49.1,True,True,True,2026-08-31T07:49:06+00:00,2026-08-31T08:00:00+00:00,10.9,True,True,True,True,2026-08-31T08:49:06+00:00,2026-08-31T09:00:00+00:00,10.9,True,True,True,True
2026-08-31,NYC,KNYC,KXHIGHNY-26AUG31,3,06Z->12Z,06Z,12Z,2026-08-31T06:49:06+00:00,2026-08-31T14:08:38+00:00,,-1.0,1.0,True,True,True,2026-08-31T14:00:00+00:00,8.633333333333333,True,True,True,2026-08-31T15:08:38+00:00,2026-08-31T16:00:00+00:00,51.36666666666667,True,True,True,True,2026-08-31T16:08:38+00:00,2026-08-31T17:00:00+00:00,51.36666666666667,True,True,True,True
2026-09-01,Chicago,KMDW,KXHIGHCHI-26SEP01,1,prev18Z->00Z,prev18Z,00Z,2026-08-31T19:00:04+00:00,2026-09-01T01:16:16+00:00,2026-09-01T06:51:02+00:00,0.0,0.0,False,False,False,2026-09-01T01:00:00+00:00,16.266666666666666,True,True,True,2026-09-01T02:16:16+00:00,2026-09-01T03:00:00+00:00,43.733333333333334,True,True,True,True,2026-09-01T03:16:16+00:00,2026-09-01T04:00:00+00:00,43.733333333333334,True,True,True,True
2026-09-01,Chicago,KMDW,KXHIGHCHI-26SEP01,2,00Z->06Z,00Z,06Z,2026-09-01T01:16:16+00:00,2026-09-01T06:51:02+00:00,2026-09-01T13:34:48+00:00,1.0,0.0,True,False,True,2026-09-01T06:00:00+00:00,51.03333333333333,True,True,True,2026-09-01T07:51:02+00:00,2026-09-01T08:00:00+00:00,8.966666666666667,True,True,True,True,2026-09-01T08:51:02+00:00,2026-09-01T09:00:00+00:00,8.966666666666667,True,True,True,True
2026-09-01,Chicago,KMDW,KXHIGHCHI-26SEP01,3,06Z->12Z,06Z,12Z,2026-09-01T06:51:02+00:00,2026-09-01T13:34:48+00:00,,0.0,-1.0,False,True,True,2026-09-01T13:00:00+00:00,34.8,True,True,True,2026-09-01T14:34:48+00:00,2026-09-01T15:00:00+00:00,25.2,True,True,True,True,2026-09-01T15:34:48+00:00,2026-09-01T16:00:00+00:00,25.2,True,True,True,True
2026-09-01,Denver,KDEN,KXHIGHDEN-26SEP01,1,prev18Z->00Z,prev18Z,00Z,2026-08-31T19:00:04+00:00,2026-09-01T01:16:16+00:00,2026-09-01T06:51:02+00:00,0.0,0.0,False,False,False,2026-09-01T01:00:00+00:00,16.266666666666666,True,True,True,2026-09-01T02:16:16+00:00,2026-09-01T03:00:00+00:00,43.733333333333334,True,True,True,True,2026-09-01T03:16:16+00:00,2026-09-01T04:00:00+00:00,43.733333333333334,True,True,True,True
2026-09-01,Denver,KDEN,KXHIGHDEN-26SEP01,2,00Z->06Z,00Z,06Z,2026-09-01T01:16:16+00:00,2026-09-01T06:51:02+00:00,2026-09-01T13:34:48+00:00,0.0,0.0,False,False,False,2026-09-01T06:00:00+00:00,51.03333333333333,True,True,True,2026-09-01T07:51:02+00:00,2026-09-01T08:00:00+00:00,8.966666666666667,True,True,True,True,2026-09-01T08:51:02+00:00,2026-09-01T09:00:00+00:00,8.966666666666667,True,True,True,True
2026-09-01,Denver,KDEN,KXHIGHDEN-26SEP01,3,06Z->12Z,06Z,12Z,2026-09-01T06:51:02+00:00,2026-09-01T13:34:48+00:00,,0.0,0.0,False,False,False,2026-09-01T13:00:00+00:00,34.8,True,True,True,2026-09-01T14:34:48+00:00,2026-09-01T15:00:00+00:00,25.2,True,True,True,True,2026-09-01T15:34:48+00:00,2026-09-01T16:00:00+00:00,25.2,True,True,True,True
2026-09-01,NYC,KNYC,KXHIGHNY-26SEP01,1,prev18Z->00Z,prev18Z,00Z,2026-08-31T19:00:04+00:00,2026-09-01T01:16:16+00:00,2026-09-01T06:51:02+00:00,0.0,0.0,False,False,False,2026-09-01T01:00:00+00:00,16.266666666666666,True,True,True,2026-09-01T02:16:16+00:00,2026-09-01T03:00:00+00:00,43.733333333333334,True,True,True,True,2026-09-01T03:16:16+00:00,2026-09-01T04:00:00+00:00,43.733333333333334,True,True,True,True
2026-09-01,NYC,KNYC,KXHIGHNY-26SEP01,2,00Z->06Z,00Z,06Z,2026-09-01T01:16:16+00:00,2026-09-01T06:51:02+00:00,2026-09-01T13:34:48+00:00,0.0,0.0,False,False,False,2026-09-01T06:00:00+00:00,51.03333333333333,True,True,True,2026-09-01T07:51:02+00:00,2026-09-01T08:00:00+00:00,8.966666666666667,True,True,True,True,2026-09-01T08:51:02+00:00,2026-09-01T09:00:00+00:00,8.966666666666667,True,True,True,True
2026-09-01,NYC,KNYC,KXHIGHNY-26SEP01,3,06Z->12Z,06Z,12Z,2026-09-01T06:51:02+00:00,2026-09-01T13:34:48+00:00,,0.0,0.0,False,False,False,2026-09-01T13:00:00+00:00,34.8,True,True,True,2026-09-01T14:34:48+00:00,2026-09-01T15:00:00+00:00,25.2,True,True,True,True,2026-09-01T15:34:48+00:00,2026-09-01T16:00:00+00:00,25.2,True,True,True,True
2026-09-02,Chicago,KMDW,KXHIGHCHI-26SEP02,1,prev18Z->00Z,prev18Z,00Z,2026-09-01T18:50:25+00:00,2026-09-02T01:19:43+00:00,2026-09-02T06:47:07+00:00,-1.0,0.0,True,False,True,2026-09-02T01:00:00+00:00,19.716666666666665,True,True,True,2026-09-02T02:19:43+00:00,2026-09-02T03:00:00+00:00,40.28333333333333,True,True,True,True,2026-09-02T03:19:43+00:00,2026-09-02T04:00:00+00:00,40.28333333333333,True,True,True,True
2026-09-02,Chicago,KMDW,KXHIGHCHI-26SEP02,2,00Z->06Z,00Z,06Z,2026-09-02T01:19:43+00:00,2026-09-02T06:47:07+00:00,2026-09-02T13:39:50+00:00,1.0,0.0,True,False,True,2026-09-02T06:00:00+00:00,47.11666666666667,True,True,True,2026-09-02T07:47:07+00:00,2026-09-02T08:00:00+00:00,12.883333333333333,True,True,True,True,2026-09-02T08:47:07+00:00,2026-09-02T09:00:00+00:00,12.883333333333333,True,True,True,True
2026-09-02,Chicago,KMDW,KXHIGHCHI-26SEP02,3,06Z->12Z,06Z,12Z,2026-09-02T06:47:07+00:00,2026-09-02T13:39:50+00:00,,-1.0,0.0,True,False,True,2026-09-02T13:00:00+00:00,39.833333333333336,True,True,True,2026-09-02T14:39:50+00:00,2026-09-02T15:00:00+00:00,20.166666666666668,True,True,True,True,2026-09-02T15:39:50+00:00,2026-09-02T16:00:00+00:00,20.166666666666668,True,True,True,True
2026-09-02,Denver,KDEN,KXHIGHDEN-26SEP02,1,prev18Z->00Z,prev18Z,00Z,2026-09-01T18:50:25+00:00,2026-09-02T01:19:43+00:00,2026-09-02T06:47:07+00:00,-1.0,0.0,True,False,True,2026-09-02T01:00:00+00:00,19.716666666666665,True,True,True,2026-09-02T02:19:43+00:00,2026-09-02T04:00:00+00:00,100.28333333333333,False,True,False,False,2026-09-02T03:19:43+00:00,2026-09-02T04:00:00+00:00,40.28333333333333,True,True,True,True
2026-09-02,Denver,KDEN,KXHIGHDEN-26SEP02,2,00Z->06Z,00Z,06Z,2026-09-02T01:19:43+00:00,2026-09-02T06:47:07+00:00,2026-09-02T13:39:50+00:00,0.0,-1.0,False,True,True,2026-09-02T06:00:00+00:00,47.11666666666667,True,True,True,2026-09-02T07:47:07+00:00,2026-09-02T08:00:00+00:00,12.883333333333333,True,True,True,True,2026-09-02T08:47:07+00:00,2026-09-02T11:00:00+00:00,132.88333333333333,False,True,False,False
2026-09-02,Denver,KDEN,KXHIGHDEN-26SEP02,3,06Z->12Z,06Z,12Z,2026-09-02T06:47:07+00:00,2026-09-02T13:39:50+00:00,,0.0,1.0,False,True,True,2026-09-02T13:00:00+00:00,39.833333333333336,True,True,True,2026-09-02T14:39:50+00:00,2026-09-02T15:00:00+00:00,20.166666666666668,True,True,True,True,2026-09-02T15:39:50+00:00,2026-09-02T16:00:00+00:00,20.166666666666668,True,True,True,True
2026-09-02,NYC,KNYC,KXHIGHNY-26SEP02,1,prev18Z->00Z,prev18Z,00Z,2026-09-01T18:50:25+00:00,2026-09-02T01:19:43+00:00,2026-09-02T06:47:07+00:00,0.0,1.0,False,True,True,2026-09-02T01:00:00+00:00,19.716666666666665,True,True,True,2026-09-02T02:19:43+00:00,2026-09-02T03:00:00+00:00,40.28333333333333,True,True,True,True,2026-09-02T03:19:43+00:00,2026-09-02T04:00:00+00:00,40.28333333333333,True,True,True,True
2026-09-02,NYC,KNYC,KXHIGHNY-26SEP02,2,00Z->06Z,00Z,06Z,2026-09-02T01:19:43+00:00,2026-09-02T06:47:07+00:00,2026-09-02T13:39:50+00:00,-1.0,0.0,True,False,True,2026-09-02T06:00:00+00:00,47.11666666666667,True,True,True,2026-09-02T07:47:07+00:00,2026-09-02T08:00:00+00:00,12.883333333333333,True,True,True,True,2026-09-02T08:47:07+00:00,2026-09-02T09:00:00+00:00,12.883333333333333,True,True,True,True
2026-09-02,NYC,KNYC,KXHIGHNY-26SEP02,3,06Z->12Z,06Z,12Z,2026-09-02T06:47:07+00:00,2026-09-02T13:39:50+00:00,,1.0,-1.0,True,True,True,2026-09-02T12:00:00+00:00,99.83333333333333,False,True,False,2026-09-02T14:39:50+00:00,2026-09-02T15:00:00+00:00,20.166666666666668,True,True,True,False,2026-09-02T15:39:50+00:00,2026-09-02T16:00:00+00:00,20.166666666666668,True,True,True,False
2026-09-03,Chicago,KMDW,KXHIGHCHI-26SEP03,1,prev18Z->00Z,prev18Z,00Z,2026-09-02T18:46:08+00:00,2026-09-03T01:18:53+00:00,2026-09-03T06:47:15+00:00,0.0,0.0,False,False,False,2026-09-03T01:00:00+00:00,18.883333333333333,True,True,True,2026-09-03T02:18:53+00:00,2026-09-03T03:00:00+00:00,41.11666666666667,True,True,True,True,2026-09-03T03:18:53+00:00,2026-09-03T04:00:00+00:00,41.11666666666667,True,True,True,True
2026-09-03,Chicago,KMDW,KXHIGHCHI-26SEP03,2,00Z->06Z,00Z,06Z,2026-09-03T01:18:53+00:00,2026-09-03T06:47:15+00:00,2026-09-03T13:30:58+00:00,0.0,-1.0,False,True,True,2026-09-03T06:00:00+00:00,47.25,True,True,True,2026-09-03T07:47:15+00:00,2026-09-03T08:00:00+00:00,12.75,True,True,True,True,2026-09-03T08:47:15+00:00,2026-09-03T10:00:00+00:00,72.75,False,True,False,False
2026-09-03,Chicago,KMDW,KXHIGHCHI-26SEP03,3,06Z->12Z,06Z,12Z,2026-09-03T06:47:15+00:00,2026-09-03T13:30:58+00:00,,0.0,0.0,False,False,False,2026-09-03T13:00:00+00:00,30.966666666666665,True,True,True,2026-09-03T14:30:58+00:00,2026-09-03T15:00:00+00:00,29.033333333333335,True,True,True,True,2026-09-03T15:30:58+00:00,2026-09-03T16:00:00+00:00,29.033333333333335,True,True,True,True
2026-09-03,Denver,KDEN,KXHIGHDEN-26SEP03,1,prev18Z->00Z,prev18Z,00Z,2026-09-02T18:46:08+00:00,2026-09-03T01:18:53+00:00,2026-09-03T06:47:15+00:00,0.0,0.0,False,False,False,2026-09-03T01:00:00+00:00,18.883333333333333,True,True,True,2026-09-03T02:18:53+00:00,2026-09-03T03:00:00+00:00,41.11666666666667,True,True,True,True,2026-09-03T03:18:53+00:00,2026-09-03T04:00:00+00:00,41.11666666666667,True,True,True,True
2026-09-03,Denver,KDEN,KXHIGHDEN-26SEP03,2,00Z->06Z,00Z,06Z,2026-09-03T01:18:53+00:00,2026-09-03T06:47:15+00:00,2026-09-03T13:30:58+00:00,0.0,0.0,False,False,False,2026-09-03T05:00:00+00:00,107.25,False,True,False,2026-09-03T07:47:15+00:00,2026-09-03T08:00:00+00:00,12.75,True,True,True,False,2026-09-03T08:47:15+00:00,2026-09-03T10:00:00+00:00,72.75,False,True,False,False
2026-09-03,Denver,KDEN,KXHIGHDEN-26SEP03,3,06Z->12Z,06Z,12Z,2026-09-03T06:47:15+00:00,2026-09-03T13:30:58+00:00,,1.0,0.0,True,False,True,2026-09-03T13:00:00+00:00,30.966666666666665,True,True,True,2026-09-03T14:30:58+00:00,2026-09-03T15:00:00+00:00,29.033333333333335,True,True,True,True,2026-09-03T15:30:58+00:00,2026-09-03T17:00:00+00:00,89.03333333333333,False,True,False,False
2026-09-03,NYC,KNYC,KXHIGHNY-26SEP03,1,prev18Z->00Z,prev18Z,00Z,2026-09-02T18:46:08+00:00,2026-09-03T01:18:53+00:00,2026-09-03T06:47:15+00:00,0.0,0.0,False,False,False,2026-09-03T01:00:00+00:00,18.883333333333333,True,True,True,2026-09-03T02:18:53+00:00,2026-09-03T03:00:00+00:00,41.11666666666667,True,True,True,True,2026-09-03T03:18:53+00:00,2026-09-03T04:00:00+00:00,41.11666666666667,True,True,True,True
2026-09-03,NYC,KNYC,KXHIGHNY-26SEP03,2,00Z->06Z,00Z,06Z,2026-09-03T01:18:53+00:00,2026-09-03T06:47:15+00:00,2026-09-03T13:30:58+00:00,0.0,0.0,False,False,False,2026-09-03T06:00:00+00:00,47.25,True,True,True,2026-09-03T07:47:15+00:00,2026-09-03T08:00:00+00:00,12.75,True,True,True,True,2026-09-03T08:47:15+00:00,2026-09-03T10:00:00+00:00,72.75,False,True,False,False
2026-09-03,NYC,KNYC,KXHIGHNY-26SEP03,3,06Z->12Z,06Z,12Z,2026-09-03T06:47:15+00:00,2026-09-03T13:30:58+00:00,,1.0,0.0,True,False,True,2026-09-03T13:00:00+00:00,30.966666666666665,True,True,True,2026-09-03T14:30:58+00:00,2026-09-03T15:00:00+00:00,29.033333333333335,True,True,True,True,2026-09-03T15:30:58+00:00,2026-09-03T16:00:00+00:00,29.033333333333335,True,True,True,True
2026-09-04,Chicago,KMDW,KXHIGHCHI-26SEP04,1,prev18Z->00Z,prev18Z,00Z,2026-09-03T18:47:34+00:00,2026-09-04T01:17:45+00:00,2026-09-04T06:49:26+00:00,0.0,-1.0,False,True,True,2026-09-04T01:00:00+00:00,17.75,True,True,True,2026-09-04T02:17:45+00:00,2026-09-04T03:00:00+00:00,42.25,True,True,True,True,2026-09-04T03:17:45+00:00,2026-09-04T04:00:00+00:00,42.25,True,True,True,True
2026-09-04,Chicago,KMDW,KXHIGHCHI-26SEP04,2,00Z->06Z,00Z,06Z,2026-09-04T01:17:45+00:00,2026-09-04T06:49:26+00:00,2026-09-04T13:32:31+00:00,1.0,0.0,True,False,True,2026-09-04T06:00:00+00:00,49.43333333333333,True,True,True,2026-09-04T07:49:26+00:00,2026-09-04T08:00:00+00:00,10.566666666666666,True,True,True,True,2026-09-04T08:49:26+00:00,2026-09-04T09:00:00+00:00,10.566666666666666,True,True,True,True
2026-09-04,Chicago,KMDW,KXHIGHCHI-26SEP04,3,06Z->12Z,06Z,12Z,2026-09-04T06:49:26+00:00,2026-09-04T13:32:31+00:00,,-2.0,0.0,True,False,True,2026-09-04T13:00:00+00:00,32.516666666666666,True,True,True,2026-09-04T14:32:31+00:00,2026-09-04T15:00:00+00:00,27.483333333333334,True,True,True,True,2026-09-04T15:32:31+00:00,2026-09-04T16:00:00+00:00,27.483333333333334,True,True,True,True
2026-09-04,Denver,KDEN,KXHIGHDEN-26SEP04,1,prev18Z->00Z,prev18Z,00Z,2026-09-03T18:47:34+00:00,2026-09-04T01:17:45+00:00,2026-09-04T06:49:26+00:00,-1.0,0.0,True,False,True,2026-09-04T01:00:00+00:00,17.75,True,True,True,2026-09-04T02:17:45+00:00,2026-09-04T03:00:00+00:00,42.25,True,True,True,True,2026-09-04T03:17:45+00:00,2026-09-04T04:00:00+00:00,42.25,True,True,True,True
2026-09-04,Denver,KDEN,KXHIGHDEN-26SEP04,2,00Z->06Z,00Z,06Z,2026-09-04T01:17:45+00:00,2026-09-04T06:49:26+00:00,2026-09-04T13:32:31+00:00,0.0,0.0,False,False,False,2026-09-04T06:00:00+00:00,49.43333333333333,True,True,True,2026-09-04T07:49:26+00:00,2026-09-04T08:00:00+00:00,10.566666666666666,True,True,True,True,2026-09-04T08:49:26+00:00,2026-09-04T09:00:00+00:00,10.566666666666666,True,True,True,True
2026-09-04,Denver,KDEN,KXHIGHDEN-26SEP04,3,06Z->12Z,06Z,12Z,2026-09-04T06:49:26+00:00,2026-09-04T13:32:31+00:00,,1.0,0.0,True,False,True,2026-09-04T13:00:00+00:00,32.516666666666666,True,True,True,2026-09-04T14:32:31+00:00,2026-09-04T15:00:00+00:00,27.483333333333334,True,True,True,True,2026-09-04T15:32:31+00:00,2026-09-04T16:00:00+00:00,27.483333333333334,True,True,True,True
2026-09-04,NYC,KNYC,KXHIGHNY-26SEP04,1,prev18Z->00Z,prev18Z,00Z,2026-09-03T18:47:34+00:00,2026-09-04T01:17:45+00:00,2026-09-04T06:49:26+00:00,0.0,0.0,False,False,False,2026-09-04T01:00:00+00:00,17.75,True,True,True,2026-09-04T02:17:45+00:00,2026-09-04T03:00:00+00:00,42.25,True,True,True,True,2026-09-04T03:17:45+00:00,2026-09-04T05:00:00+00:00,102.25,False,True,False,False
2026-09-04,NYC,KNYC,KXHIGHNY-26SEP04,2,00Z->06Z,00Z,06Z,2026-09-04T01:17:45+00:00,2026-09-04T06:49:26+00:00,2026-09-04T13:32:31+00:00,1.0,0.0,True,False,True,2026-09-04T05:00:00+00:00,109.43333333333334,False,True,False,2026-09-04T07:49:26+00:00,2026-09-04T08:00:00+00:00,10.566666666666666,True,True,True,False,2026-09-04T08:49:26+00:00,2026-09-04T09:00:00+00:00,10.566666666666666,True,True,True,False
2026-09-04,NYC,KNYC,KXHIGHNY-26SEP04,3,06Z->12Z,06Z,12Z,2026-09-04T06:49:26+00:00,2026-09-04T13:32:31+00:00,,0.0,-1.0,False,True,True,2026-09-04T13:00:00+00:00,32.516666666666666,True,True,True,2026-09-04T14:32:31+00:00,2026-09-04T15:00:00+00:00,27.483333333333334,True,True,True,True,2026-09-04T15:32:31+00:00,2026-09-04T16:00:00+00:00,27.483333333333334,True,True,True,True
2026-09-05,Chicago,KMDW,KXHIGHCHI-26SEP05,1,prev18Z->00Z,prev18Z,00Z,2026-09-04T18:46:45+00:00,2026-09-05T01:19:09+00:00,2026-09-05T06:45:22+00:00,-1.0,0.0,True,False,True,2026-09-05T01:00:00+00:00,19.15,True,True,True,2026-09-05T02:19:09+00:00,2026-09-05T03:00:00+00:00,40.85,True,True,True,True,2026-09-05T03:19:09+00:00,2026-09-05T04:00:00+00:00,40.85,True,True,True,True
2026-09-05,Chicago,KMDW,KXHIGHCHI-26SEP05,2,00Z->06Z,00Z,06Z,2026-09-05T01:19:09+00:00,2026-09-05T06:45:22+00:00,2026-09-05T13:39:59+00:00,-1.0,0.0,True,False,True,2026-09-05T06:00:00+00:00,45.36666666666667,True,True,True,2026-09-05T07:45:22+00:00,2026-09-05T08:00:00+00:00,14.633333333333333,True,True,True,True,2026-09-05T08:45:22+00:00,2026-09-05T10:00:00+00:00,74.63333333333334,False,True,False,False
2026-09-05,Chicago,KMDW,KXHIGHCHI-26SEP05,3,06Z->12Z,06Z,12Z,2026-09-05T06:45:22+00:00,2026-09-05T13:39:59+00:00,,-1.0,-1.0,True,True,True,2026-09-05T13:00:00+00:00,39.983333333333334,True,True,True,2026-09-05T14:39:59+00:00,2026-09-05T15:00:00+00:00,20.016666666666666,True,True,True,True,2026-09-05T15:39:59+00:00,2026-09-05T16:00:00+00:00,20.016666666666666,True,True,True,True
2026-09-05,Denver,KDEN,KXHIGHDEN-26SEP05,1,prev18Z->00Z,prev18Z,00Z,2026-09-04T18:46:45+00:00,2026-09-05T01:19:09+00:00,2026-09-05T06:45:22+00:00,0.0,1.0,False,True,True,2026-09-05T01:00:00+00:00,19.15,True,True,True,2026-09-05T02:19:09+00:00,2026-09-05T03:00:00+00:00,40.85,True,True,True,True,2026-09-05T03:19:09+00:00,2026-09-05T04:00:00+00:00,40.85,True,True,True,True
2026-09-05,Denver,KDEN,KXHIGHDEN-26SEP05,2,00Z->06Z,00Z,06Z,2026-09-05T01:19:09+00:00,2026-09-05T06:45:22+00:00,2026-09-05T13:39:59+00:00,0.0,-1.0,False,True,True,2026-09-05T06:00:00+00:00,45.36666666666667,True,True,True,2026-09-05T07:45:22+00:00,2026-09-05T08:00:00+00:00,14.633333333333333,True,True,True,True,2026-09-05T08:45:22+00:00,2026-09-05T09:00:00+00:00,14.633333333333333,True,True,True,True
2026-09-05,Denver,KDEN,KXHIGHDEN-26SEP05,3,06Z->12Z,06Z,12Z,2026-09-05T06:45:22+00:00,2026-09-05T13:39:59+00:00,,1.0,0.0,True,False,True,2026-09-05T13:00:00+00:00,39.983333333333334,True,True,True,2026-09-05T14:39:59+00:00,2026-09-05T15:00:00+00:00,20.016666666666666,True,True,True,True,2026-09-05T15:39:59+00:00,2026-09-05T16:00:00+00:00,20.016666666666666,True,True,True,True
2026-09-05,NYC,KNYC,KXHIGHNY-26SEP05,1,prev18Z->00Z,prev18Z,00Z,2026-09-04T18:46:45+00:00,2026-09-05T01:19:09+00:00,2026-09-05T06:45:22+00:00,0.0,1.0,False,True,True,2026-09-05T01:00:00+00:00,19.15,True,True,True,2026-09-05T02:19:09+00:00,2026-09-05T04:00:00+00:00,100.85,False,True,False,False,2026-09-05T03:19:09+00:00,2026-09-05T04:00:00+00:00,40.85,True,True,True,True
2026-09-05,NYC,KNYC,KXHIGHNY-26SEP05,2,00Z->06Z,00Z,06Z,2026-09-05T01:19:09+00:00,2026-09-05T06:45:22+00:00,2026-09-05T13:39:59+00:00,0.0,-1.0,False,True,True,2026-09-05T06:00:00+00:00,45.36666666666667,True,True,True,2026-09-05T07:45:22+00:00,2026-09-05T08:00:00+00:00,14.633333333333333,True,True,True,True,2026-09-05T08:45:22+00:00,2026-09-05T09:00:00+00:00,14.633333333333333,True,True,True,True
2026-09-05,NYC,KNYC,KXHIGHNY-26SEP05,3,06Z->12Z,06Z,12Z,2026-09-05T06:45:22+00:00,2026-09-05T13:39:59+00:00,,0.0,1.0,False,True,True,2026-09-05T13:00:00+00:00,39.983333333333334,True,True,True,2026-09-05T14:39:59+00:00,2026-09-05T15:00:00+00:00,20.016666666666666,True,True,True,True,2026-09-05T15:39:59+00:00,2026-09-05T16:00:00+00:00,20.016666666666666,True,True,True,True
2026-09-06,Chicago,KMDW,KXHIGHCHI-26SEP06,1,prev18Z->00Z,prev18Z,00Z,2026-09-05T18:46:40+00:00,2026-09-06T01:20:11+00:00,2026-09-06T06:46:45+00:00,0.0,0.0,False,False,False,2026-09-06T01:00:00+00:00,20.183333333333334,True,True,True,2026-09-06T02:20:11+00:00,2026-09-06T03:00:00+00:00,39.81666666666667,True,True,True,True,2026-09-06T03:20:11+00:00,2026-09-06T04:00:00+00:00,39.81666666666667,True,True,True,True
2026-09-06,Chicago,KMDW,KXHIGHCHI-26SEP06,2,00Z->06Z,00Z,06Z,2026-09-06T01:20:11+00:00,2026-09-06T06:46:45+00:00,2026-09-06T13:36:32+00:00,0.0,0.0,False,False,False,2026-09-06T06:00:00+00:00,46.75,True,True,True,2026-09-06T07:46:45+00:00,2026-09-06T08:00:00+00:00,13.25,True,True,True,True,2026-09-06T08:46:45+00:00,2026-09-06T09:00:00+00:00,13.25,True,True,True,True
2026-09-06,Chicago,KMDW,KXHIGHCHI-26SEP06,3,06Z->12Z,06Z,12Z,2026-09-06T06:46:45+00:00,2026-09-06T13:36:32+00:00,,0.0,0.0,False,False,False,2026-09-06T13:00:00+00:00,36.53333333333333,True,True,True,2026-09-06T14:36:32+00:00,2026-09-06T15:00:00+00:00,23.466666666666665,True,True,True,True,2026-09-06T15:36:32+00:00,2026-09-06T16:00:00+00:00,23.466666666666665,True,True,True,True
2026-09-06,Denver,KDEN,KXHIGHDEN-26SEP06,1,prev18Z->00Z,prev18Z,00Z,2026-09-05T18:46:40+00:00,2026-09-06T01:20:11+00:00,2026-09-06T06:46:45+00:00,0.0,-1.0,False,True,True,2026-09-06T01:00:00+00:00,20.183333333333334,True,True,True,2026-09-06T02:20:11+00:00,2026-09-06T03:00:00+00:00,39.81666666666667,True,True,True,True,2026-09-06T03:20:11+00:00,2026-09-06T04:00:00+00:00,39.81666666666667,True,True,True,True
2026-09-06,Denver,KDEN,KXHIGHDEN-26SEP06,2,00Z->06Z,00Z,06Z,2026-09-06T01:20:11+00:00,2026-09-06T06:46:45+00:00,2026-09-06T13:36:32+00:00,-1.0,0.0,True,False,True,2026-09-06T05:00:00+00:00,106.75,False,True,False,2026-09-06T07:46:45+00:00,2026-09-06T08:00:00+00:00,13.25,True,True,True,False,2026-09-06T08:46:45+00:00,2026-09-06T09:00:00+00:00,13.25,True,True,True,False
2026-09-06,Denver,KDEN,KXHIGHDEN-26SEP06,3,06Z->12Z,06Z,12Z,2026-09-06T06:46:45+00:00,2026-09-06T13:36:32+00:00,,0.0,0.0,False,False,False,2026-09-06T13:00:00+00:00,36.53333333333333,True,True,True,2026-09-06T14:36:32+00:00,2026-09-06T15:00:00+00:00,23.466666666666665,True,True,True,True,2026-09-06T15:36:32+00:00,2026-09-06T16:00:00+00:00,23.466666666666665,True,True,True,True
2026-09-06,NYC,KNYC,KXHIGHNY-26SEP06,1,prev18Z->00Z,prev18Z,00Z,2026-09-05T18:46:40+00:00,2026-09-06T01:20:11+00:00,2026-09-06T06:46:45+00:00,0.0,0.0,False,False,False,2026-09-06T01:00:00+00:00,20.183333333333334,True,True,True,2026-09-06T02:20:11+00:00,2026-09-06T03:00:00+00:00,39.81666666666667,True,True,True,True,2026-09-06T03:20:11+00:00,2026-09-06T04:00:00+00:00,39.81666666666667,True,True,True,True
2026-09-06,NYC,KNYC,KXHIGHNY-26SEP06,2,00Z->06Z,00Z,06Z,2026-09-06T01:20:11+00:00,2026-09-06T06:46:45+00:00,2026-09-06T13:36:32+00:00,0.0,0.0,False,False,False,2026-09-06T06:00:00+00:00,46.75,True,True,True,2026-09-06T07:46:45+00:00,2026-09-06T08:00:00+00:00,13.25,True,True,True,True,2026-09-06T08:46:45+00:00,2026-09-06T09:00:00+00:00,13.25,True,True,True,True
2026-09-06,NYC,KNYC,KXHIGHNY-26SEP06,3,06Z->12Z,06Z,12Z,2026-09-06T06:46:45+00:00,2026-09-06T13:36:32+00:00,,0.0,-1.0,False,True,True,2026-09-06T13:00:00+00:00,36.53333333333333,True,True,True,2026-09-06T14:36:32+00:00,2026-09-06T15:00:00+00:00,23.466666666666665,True,True,True,True,2026-09-06T15:36:32+00:00,2026-09-06T16:00:00+00:00,23.466666666666665,True,True,True,True
2026-09-07,Chicago,KMDW,KXHIGHCHI-26SEP07,1,prev18Z->00Z,prev18Z,00Z,2026-09-06T18:44:08+00:00,2026-09-07T01:20:18+00:00,2026-09-07T06:49:50+00:00,0.0,0.0,False,False,False,2026-09-07T01:00:00+00:00,20.3,True,True,True,2026-09-07T02:20:18+00:00,2026-09-07T03:00:00+00:00,39.7,True,True,True,True,2026-09-07T03:20:18+00:00,2026-09-07T04:00:00+00:00,39.7,True,True,True,True
2026-09-07,Chicago,KMDW,KXHIGHCHI-26SEP07,2,00Z->06Z,00Z,06Z,2026-09-07T01:20:18+00:00,2026-09-07T06:49:50+00:00,2026-09-07T13:35:39+00:00,0.0,0.0,False,False,False,2026-09-07T06:00:00+00:00,49.833333333333336,True,True,True,2026-09-07T07:49:50+00:00,2026-09-07T08:00:00+00:00,10.166666666666666,True,True,True,True,2026-09-07T08:49:50+00:00,2026-09-07T09:00:00+00:00,10.166666666666666,True,True,True,True
2026-09-07,Chicago,KMDW,KXHIGHCHI-26SEP07,3,06Z->12Z,06Z,12Z,2026-09-07T06:49:50+00:00,2026-09-07T13:35:39+00:00,,0.0,0.0,False,False,False,2026-09-07T13:00:00+00:00,35.65,True,True,True,2026-09-07T14:35:39+00:00,2026-09-07T15:00:00+00:00,24.35,True,True,True,True,2026-09-07T15:35:39+00:00,2026-09-07T16:00:00+00:00,24.35,True,True,True,True
2026-09-07,Denver,KDEN,KXHIGHDEN-26SEP07,1,prev18Z->00Z,prev18Z,00Z,2026-09-06T18:44:08+00:00,2026-09-07T01:20:18+00:00,2026-09-07T06:49:50+00:00,0.0,0.0,False,False,False,2026-09-07T01:00:00+00:00,20.3,True,True,True,2026-09-07T02:20:18+00:00,2026-09-07T03:00:00+00:00,39.7,True,True,True,True,2026-09-07T03:20:18+00:00,2026-09-07T04:00:00+00:00,39.7,True,True,True,True
2026-09-07,Denver,KDEN,KXHIGHDEN-26SEP07,2,00Z->06Z,00Z,06Z,2026-09-07T01:20:18+00:00,2026-09-07T06:49:50+00:00,2026-09-07T13:35:39+00:00,-1.0,-1.0,True,True,True,2026-09-07T06:00:00+00:00,49.833333333333336,True,True,True,2026-09-07T07:49:50+00:00,2026-09-07T08:00:00+00:00,10.166666666666666,True,True,True,True,2026-09-07T08:49:50+00:00,2026-09-07T09:00:00+00:00,10.166666666666666,True,True,True,True
2026-09-07,Denver,KDEN,KXHIGHDEN-26SEP07,3,06Z->12Z,06Z,12Z,2026-09-07T06:49:50+00:00,2026-09-07T13:35:39+00:00,,0.0,0.0,False,False,False,2026-09-07T13:00:00+00:00,35.65,True,True,True,2026-09-07T14:35:39+00:00,2026-09-07T15:00:00+00:00,24.35,True,True,True,True,2026-09-07T15:35:39+00:00,2026-09-07T16:00:00+00:00,24.35,True,True,True,True
2026-09-07,NYC,KNYC,KXHIGHNY-26SEP07,1,prev18Z->00Z,prev18Z,00Z,2026-09-06T18:44:08+00:00,2026-09-07T01:20:18+00:00,2026-09-07T06:49:50+00:00,1.0,0.0,True,False,True,2026-09-07T01:00:00+00:00,20.3,True,True,True,2026-09-07T02:20:18+00:00,2026-09-07T03:00:00+00:00,39.7,True,True,True,True,2026-09-07T03:20:18+00:00,2026-09-07T04:00:00+00:00,39.7,True,True,True,True
2026-09-07,NYC,KNYC,KXHIGHNY-26SEP07,2,00Z->06Z,00Z,06Z,2026-09-07T01:20:18+00:00,2026-09-07T06:49:50+00:00,2026-09-07T13:35:39+00:00,0.0,0.0,False,False,False,2026-09-07T06:00:00+00:00,49.833333333333336,True,True,True,2026-09-07T07:49:50+00:00,2026-09-07T08:00:00+00:00,10.166666666666666,True,True,True,True,2026-09-07T08:49:50+00:00,2026-09-07T09:00:00+00:00,10.166666666666666,True,True,True,True
2026-09-07,NYC,KNYC,KXHIGHNY-26SEP07,3,06Z->12Z,06Z,12Z,2026-09-07T06:49:50+00:00,2026-09-07T13:35:39+00:00,,0.0,0.0,False,False,False,2026-09-07T13:00:00+00:00,35.65,True,True,True,2026-09-07T14:35:39+00:00,2026-09-07T15:00:00+00:00,24.35,True,True,True,True,2026-09-07T15:35:39+00:00,2026-09-07T16:00:00+00:00,24.35,True,True,True,True
2026-09-08,Chicago,KMDW,KXHIGHCHI-26SEP08,1,prev18Z->00Z,prev18Z,00Z,2026-09-07T18:48:08+00:00,2026-09-08T01:18:58+00:00,2026-09-08T06:48:02+00:00,-1.0,-1.0,True,True,True,2026-09-08T01:00:00+00:00,18.966666666666665,True,True,True,2026-09-08T02:18:58+00:00,2026-09-08T03:00:00+00:00,41.03333333333333,True,True,True,True,2026-09-08T03:18:58+00:00,2026-09-08T04:00:00+00:00,41.03333333333333,True,True,True,True
2026-09-08,Chicago,KMDW,KXHIGHCHI-26SEP08,2,00Z->06Z,00Z,06Z,2026-09-08T01:18:58+00:00,2026-09-08T06:48:02+00:00,2026-09-08T13:37:25+00:00,0.0,0.0,False,False,False,2026-09-08T06:00:00+00:00,48.03333333333333,True,True,True,2026-09-08T07:48:02+00:00,2026-09-08T08:00:00+00:00,11.966666666666667,True,True,True,True,2026-09-08T08:48:02+00:00,2026-09-08T09:00:00+00:00,11.966666666666667,True,True,True,True
2026-09-08,Chicago,KMDW,KXHIGHCHI-26SEP08,3,06Z->12Z,06Z,12Z,2026-09-08T06:48:02+00:00,2026-09-08T13:37:25+00:00,,0.0,0.0,False,False,False,2026-09-08T13:00:00+00:00,37.416666666666664,True,True,True,2026-09-08T14:37:25+00:00,2026-09-08T15:00:00+00:00,22.583333333333332,True,True,True,True,2026-09-08T15:37:25+00:00,2026-09-08T16:00:00+00:00,22.583333333333332,True,True,True,True
2026-09-08,Denver,KDEN,KXHIGHDEN-26SEP08,1,prev18Z->00Z,prev18Z,00Z,2026-09-07T18:48:08+00:00,2026-09-08T01:18:58+00:00,2026-09-08T06:48:02+00:00,0.0,0.0,False,False,False,2026-09-08T01:00:00+00:00,18.966666666666665,True,True,True,2026-09-08T02:18:58+00:00,2026-09-08T03:00:00+00:00,41.03333333333333,True,True,True,True,2026-09-08T03:18:58+00:00,2026-09-08T04:00:00+00:00,41.03333333333333,True,True,True,True
2026-09-08,Denver,KDEN,KXHIGHDEN-26SEP08,2,00Z->06Z,00Z,06Z,2026-09-08T01:18:58+00:00,2026-09-08T06:48:02+00:00,2026-09-08T13:37:25+00:00,-1.0,0.0,True,False,True,2026-09-08T06:00:00+00:00,48.03333333333333,True,True,True,2026-09-08T07:48:02+00:00,2026-09-08T08:00:00+00:00,11.966666666666667,True,True,True,True,2026-09-08T08:48:02+00:00,2026-09-08T09:00:00+00:00,11.966666666666667,True,True,True,True
2026-09-08,Denver,KDEN,KXHIGHDEN-26SEP08,3,06Z->12Z,06Z,12Z,2026-09-08T06:48:02+00:00,2026-09-08T13:37:25+00:00,,-1.0,0.0,True,False,True,2026-09-08T13:00:00+00:00,37.416666666666664,True,True,True,2026-09-08T14:37:25+00:00,2026-09-08T15:00:00+00:00,22.583333333333332,True,True,True,True,2026-09-08T15:37:25+00:00,2026-09-08T17:00:00+00:00,82.58333333333333,False,True,False,False
2026-09-08,NYC,KNYC,KXHIGHNY-26SEP08,1,prev18Z->00Z,prev18Z,00Z,2026-09-07T18:48:08+00:00,2026-09-08T01:18:58+00:00,2026-09-08T06:48:02+00:00,0.0,0.0,False,False,False,2026-09-08T01:00:00+00:00,18.966666666666665,True,True,True,2026-09-08T02:18:58+00:00,2026-09-08T03:00:00+00:00,41.03333333333333,True,True,True,True,2026-09-08T03:18:58+00:00,2026-09-08T04:00:00+00:00,41.03333333333333,True,True,True,True
2026-09-08,NYC,KNYC,KXHIGHNY-26SEP08,2,00Z->06Z,00Z,06Z,2026-09-08T01:18:58+00:00,2026-09-08T06:48:02+00:00,2026-09-08T13:37:25+00:00,0.0,0.0,False,False,False,2026-09-08T06:00:00+00:00,48.03333333333333,True,True,True,2026-09-08T07:48:02+00:00,2026-09-08T08:00:00+00:00,11.966666666666667,True,True,True,True,2026-09-08T08:48:02+00:00,2026-09-08T09:00:00+00:00,11.966666666666667,True,True,True,True
2026-09-08,NYC,KNYC,KXHIGHNY-26SEP08,3,06Z->12Z,06Z,12Z,2026-09-08T06:48:02+00:00,2026-09-08T13:37:25+00:00,,0.0,-1.0,False,True,True,2026-09-08T13:00:00+00:00,37.416666666666664,True,True,True,2026-09-08T14:37:25+00:00,2026-09-08T15:00:00+00:00,22.583333333333332,True,True,True,True,2026-09-08T15:37:25+00:00,2026-09-08T16:00:00+00:00,22.583333333333332,True,True,True,True
2026-09-09,Chicago,KMDW,KXHIGHCHI-26SEP09,1,prev18Z->00Z,prev18Z,00Z,2026-09-08T18:45:21+00:00,2026-09-09T01:17:08+00:00,2026-09-09T06:45:10+00:00,0.0,0.0,False,False,False,2026-09-09T01:00:00+00:00,17.133333333333333,True,True,True,2026-09-09T02:17:08+00:00,2026-09-09T03:00:00+00:00,42.86666666666667,True,True,True,True,2026-09-09T03:17:08+00:00,2026-09-09T04:00:00+00:00,42.86666666666667,True,True,True,True
2026-09-09,Chicago,KMDW,KXHIGHCHI-26SEP09,2,00Z->06Z,00Z,06Z,2026-09-09T01:17:08+00:00,2026-09-09T06:45:10+00:00,2026-09-09T13:37:14+00:00,-1.0,-1.0,True,True,True,2026-09-09T06:00:00+00:00,45.166666666666664,True,True,True,2026-09-09T07:45:10+00:00,2026-09-09T08:00:00+00:00,14.833333333333334,True,True,True,True,2026-09-09T08:45:10+00:00,2026-09-09T09:00:00+00:00,14.833333333333334,True,True,True,True
2026-09-09,Chicago,KMDW,KXHIGHCHI-26SEP09,3,06Z->12Z,06Z,12Z,2026-09-09T06:45:10+00:00,2026-09-09T13:37:14+00:00,,0.0,0.0,False,False,False,2026-09-09T13:00:00+00:00,37.233333333333334,True,True,True,2026-09-09T14:37:14+00:00,2026-09-09T15:00:00+00:00,22.766666666666666,True,True,True,True,2026-09-09T15:37:14+00:00,2026-09-09T16:00:00+00:00,22.766666666666666,True,True,True,True
2026-09-09,Denver,KDEN,KXHIGHDEN-26SEP09,1,prev18Z->00Z,prev18Z,00Z,2026-09-08T18:45:21+00:00,2026-09-09T01:17:08+00:00,2026-09-09T06:45:10+00:00,0.0,0.0,False,False,False,2026-09-09T01:00:00+00:00,17.133333333333333,True,True,True,2026-09-09T02:17:08+00:00,2026-09-09T03:00:00+00:00,42.86666666666667,True,True,True,True,2026-09-09T03:17:08+00:00,2026-09-09T04:00:00+00:00,42.86666666666667,True,True,True,True
2026-09-09,Denver,KDEN,KXHIGHDEN-26SEP09,2,00Z->06Z,00Z,06Z,2026-09-09T01:17:08+00:00,2026-09-09T06:45:10+00:00,2026-09-09T13:37:14+00:00,-1.0,-1.0,True,True,True,2026-09-09T06:00:00+00:00,45.166666666666664,True,True,True,2026-09-09T07:45:10+00:00,2026-09-09T08:00:00+00:00,14.833333333333334,True,True,True,True,2026-09-09T08:45:10+00:00,2026-09-09T09:00:00+00:00,14.833333333333334,True,True,True,True
2026-09-09,Denver,KDEN,KXHIGHDEN-26SEP09,3,06Z->12Z,06Z,12Z,2026-09-09T06:45:10+00:00,2026-09-09T13:37:14+00:00,,0.0,0.0,False,False,False,2026-09-09T13:00:00+00:00,37.233333333333334,True,True,True,2026-09-09T14:37:14+00:00,2026-09-09T15:00:00+00:00,22.766666666666666,True,True,True,True,2026-09-09T15:37:14+00:00,2026-09-09T16:00:00+00:00,22.766666666666666,True,True,True,True
2026-09-09,NYC,KNYC,KXHIGHNY-26SEP09,1,prev18Z->00Z,prev18Z,00Z,2026-09-08T18:45:21+00:00,2026-09-09T01:17:08+00:00,2026-09-09T06:45:10+00:00,0.0,0.0,False,False,False,2026-09-09T01:00:00+00:00,17.133333333333333,True,True,True,2026-09-09T02:17:08+00:00,2026-09-09T03:00:00+00:00,42.86666666666667,True,True,True,True,2026-09-09T03:17:08+00:00,2026-09-09T04:00:00+00:00,42.86666666666667,True,True,True,True
2026-09-09,NYC,KNYC,KXHIGHNY-26SEP09,2,00Z->06Z,00Z,06Z,2026-09-09T01:17:08+00:00,2026-09-09T06:45:10+00:00,2026-09-09T13:37:14+00:00,0.0,0.0,False,False,False,2026-09-09T06:00:00+00:00,45.166666666666664,True,True,True,2026-09-09T07:45:10+00:00,2026-09-09T08:00:00+00:00,14.833333333333334,True,True,True,True,2026-09-09T08:45:10+00:00,2026-09-09T09:00:00+00:00,14.833333333333334,True,True,True,True
2026-09-09,NYC,KNYC,KXHIGHNY-26SEP09,3,06Z->12Z,06Z,12Z,2026-09-09T06:45:10+00:00,2026-09-09T13:37:14+00:00,,0.0,0.0,False,False,False,2026-09-09T13:00:00+00:00,37.233333333333334,True,True,True,2026-09-09T14:37:14+00:00,2026-09-09T15:00:00+00:00,22.766666666666666,True,True,True,True,2026-09-09T15:37:14+00:00,2026-09-09T16:00:00+00:00,22.766666666666666,True,True,True,True
2026-09-10,Chicago,KMDW,KXHIGHCHI-26SEP10,1,prev18Z->00Z,prev18Z,00Z,2026-09-09T18:45:36+00:00,2026-09-10T01:17:27+00:00,2026-09-10T06:52:07+00:00,1.0,0.0,True,False,True,2026-09-10T01:00:00+00:00,17.45,True,True,True,2026-09-10T02:17:27+00:00,2026-09-10T03:00:00+00:00,42.55,True,True,True,True,2026-09-10T03:17:27+00:00,2026-09-10T04:00:00+00:00,42.55,True,True,True,True
2026-09-10,Chicago,KMDW,KXHIGHCHI-26SEP10,2,00Z->06Z,00Z,06Z,2026-09-10T01:17:27+00:00,2026-09-10T06:52:07+00:00,2026-09-10T13:30:46+00:00,-1.0,0.0,True,False,True,2026-09-10T06:00:00+00:00,52.11666666666667,True,True,True,2026-09-10T07:52:07+00:00,2026-09-10T08:00:00+00:00,7.883333333333334,True,True,True,True,2026-09-10T08:52:07+00:00,2026-09-10T10:00:00+00:00,67.88333333333334,False,True,False,False
2026-09-10,Chicago,KMDW,KXHIGHCHI-26SEP10,3,06Z->12Z,06Z,12Z,2026-09-10T06:52:07+00:00,2026-09-10T13:30:46+00:00,,0.0,0.0,False,False,False,2026-09-10T13:00:00+00:00,30.766666666666666,True,True,True,2026-09-10T14:30:46+00:00,2026-09-10T15:00:00+00:00,29.233333333333334,True,True,True,True,2026-09-10T15:30:46+00:00,2026-09-10T16:00:00+00:00,29.233333333333334,True,True,True,True
2026-09-10,Denver,KDEN,KXHIGHDEN-26SEP10,1,prev18Z->00Z,prev18Z,00Z,2026-09-09T18:45:36+00:00,2026-09-10T01:17:27+00:00,2026-09-10T06:52:07+00:00,0.0,0.0,False,False,False,2026-09-10T01:00:00+00:00,17.45,True,True,True,2026-09-10T02:17:27+00:00,2026-09-10T03:00:00+00:00,42.55,True,True,True,True,2026-09-10T03:17:27+00:00,2026-09-10T04:00:00+00:00,42.55,True,True,True,True
2026-09-10,Denver,KDEN,KXHIGHDEN-26SEP10,2,00Z->06Z,00Z,06Z,2026-09-10T01:17:27+00:00,2026-09-10T06:52:07+00:00,2026-09-10T13:30:46+00:00,0.0,0.0,False,False,False,2026-09-10T06:00:00+00:00,52.11666666666667,True,True,True,2026-09-10T07:52:07+00:00,2026-09-10T08:00:00+00:00,7.883333333333334,True,True,True,True,2026-09-10T08:52:07+00:00,2026-09-10T10:00:00+00:00,67.88333333333334,False,True,False,False
2026-09-10,Denver,KDEN,KXHIGHDEN-26SEP10,3,06Z->12Z,06Z,12Z,2026-09-10T06:52:07+00:00,2026-09-10T13:30:46+00:00,,0.0,0.0,False,False,False,2026-09-10T13:00:00+00:00,30.766666666666666,True,True,True,2026-09-10T14:30:46+00:00,2026-09-10T15:00:00+00:00,29.233333333333334,True,True,True,True,2026-09-10T15:30:46+00:00,2026-09-10T16:00:00+00:00,29.233333333333334,True,True,True,True
2026-09-10,NYC,KNYC,KXHIGHNY-26SEP10,1,prev18Z->00Z,prev18Z,00Z,2026-09-09T18:45:36+00:00,2026-09-10T01:17:27+00:00,2026-09-10T06:52:07+00:00,1.0,-1.0,True,True,True,2026-09-10T01:00:00+00:00,17.45,True,True,True,2026-09-10T02:17:27+00:00,2026-09-10T03:00:00+00:00,42.55,True,True,True,True,2026-09-10T03:17:27+00:00,2026-09-10T04:00:00+00:00,42.55,True,True,True,True
2026-09-10,NYC,KNYC,KXHIGHNY-26SEP10,2,00Z->06Z,00Z,06Z,2026-09-10T01:17:27+00:00,2026-09-10T06:52:07+00:00,2026-09-10T13:30:46+00:00,1.0,0.0,True,False,True,2026-09-10T06:00:00+00:00,52.11666666666667,True,True,True,2026-09-10T07:52:07+00:00,2026-09-10T08:00:00+00:00,7.883333333333334,True,True,True,True,2026-09-10T08:52:07+00:00,2026-09-10T10:00:00+00:00,67.88333333333334,False,True,False,False
2026-09-10,NYC,KNYC,KXHIGHNY-26SEP10,3,06Z->12Z,06Z,12Z,2026-09-10T06:52:07+00:00,2026-09-10T13:30:46+00:00,,0.0,-1.0,False,True,True,2026-09-10T13:00:00+00:00,30.766666666666666,True,True,True,2026-09-10T14:30:46+00:00,2026-09-10T15:00:00+00:00,29.233333333333334,True,True,True,True,2026-09-10T15:30:46+00:00,2026-09-10T16:00:00+00:00,29.233333333333334,True,True,True,True
2026-09-11,Chicago,KMDW,KXHIGHCHI-26SEP11,1,prev18Z->00Z,prev18Z,00Z,2026-09-10T18:48:16+00:00,2026-09-11T01:16:21+00:00,2026-09-11T06:45:54+00:00,-1.0,0.0,True,False,True,2026-09-11T01:00:00+00:00,16.35,True,True,True,2026-09-11T02:16:21+00:00,2026-09-11T03:00:00+00:00,43.65,True,True,True,True,2026-09-11T03:16:21+00:00,2026-09-11T04:00:00+00:00,43.65,True,True,True,True
2026-09-11,Chicago,KMDW,KXHIGHCHI-26SEP11,2,00Z->06Z,00Z,06Z,2026-09-11T01:16:21+00:00,2026-09-11T06:45:54+00:00,2026-09-11T13:33:52+00:00,1.0,0.0,True,False,True,2026-09-11T06:00:00+00:00,45.9,True,True,True,2026-09-11T07:45:54+00:00,2026-09-11T08:00:00+00:00,14.1,True,True,True,True,2026-09-11T08:45:54+00:00,2026-09-11T09:00:00+00:00,14.1,True,True,True,True
2026-09-11,Chicago,KMDW,KXHIGHCHI-26SEP11,3,06Z->12Z,06Z,12Z,2026-09-11T06:45:54+00:00,2026-09-11T13:33:52+00:00,,0.0,0.0,False,False,False,2026-09-11T13:00:00+00:00,33.86666666666667,True,True,True,2026-09-11T14:33:52+00:00,2026-09-11T15:00:00+00:00,26.133333333333333,True,True,True,True,2026-09-11T15:33:52+00:00,2026-09-11T16:00:00+00:00,26.133333333333333,True,True,True,True
2026-09-11,Denver,KDEN,KXHIGHDEN-26SEP11,1,prev18Z->00Z,prev18Z,00Z,2026-09-10T18:48:16+00:00,2026-09-11T01:16:21+00:00,2026-09-11T06:45:54+00:00,0.0,0.0,False,False,False,2026-09-11T01:00:00+00:00,16.35,True,True,True,2026-09-11T02:16:21+00:00,2026-09-11T03:00:00+00:00,43.65,True,True,True,True,2026-09-11T03:16:21+00:00,2026-09-11T04:00:00+00:00,43.65,True,True,True,True
2026-09-11,Denver,KDEN,KXHIGHDEN-26SEP11,2,00Z->06Z,00Z,06Z,2026-09-11T01:16:21+00:00,2026-09-11T06:45:54+00:00,2026-09-11T13:33:52+00:00,0.0,0.0,False,False,False,2026-09-11T06:00:00+00:00,45.9,True,True,True,2026-09-11T07:45:54+00:00,2026-09-11T08:00:00+00:00,14.1,True,True,True,True,2026-09-11T08:45:54+00:00,2026-09-11T09:00:00+00:00,14.1,True,True,True,True
2026-09-11,Denver,KDEN,KXHIGHDEN-26SEP11,3,06Z->12Z,06Z,12Z,2026-09-11T06:45:54+00:00,2026-09-11T13:33:52+00:00,,0.0,-1.0,False,True,True,2026-09-11T13:00:00+00:00,33.86666666666667,True,True,True,2026-09-11T14:33:52+00:00,2026-09-11T15:00:00+00:00,26.133333333333333,True,True,True,True,2026-09-11T15:33:52+00:00,2026-09-11T16:00:00+00:00,26.133333333333333,True,True,True,True
2026-09-11,NYC,KNYC,KXHIGHNY-26SEP11,1,prev18Z->00Z,prev18Z,00Z,2026-09-10T18:48:16+00:00,2026-09-11T01:16:21+00:00,2026-09-11T06:45:54+00:00,-1.0,0.0,True,False,True,2026-09-11T01:00:00+00:00,16.35,True,True,True,2026-09-11T02:16:21+00:00,2026-09-11T03:00:00+00:00,43.65,True,True,True,True,2026-09-11T03:16:21+00:00,2026-09-11T04:00:00+00:00,43.65,True,True,True,True
2026-09-11,NYC,KNYC,KXHIGHNY-26SEP11,2,00Z->06Z,00Z,06Z,2026-09-11T01:16:21+00:00,2026-09-11T06:45:54+00:00,2026-09-11T13:33:52+00:00,1.0,0.0,True,False,True,2026-09-11T06:00:00+00:00,45.9,True,True,True,2026-09-11T07:45:54+00:00,2026-09-11T08:00:00+00:00,14.1,True,True,True,True,2026-09-11T08:45:54+00:00,2026-09-11T09:00:00+00:00,14.1,True,True,True,True
2026-09-11,NYC,KNYC,KXHIGHNY-26SEP11,3,06Z->12Z,06Z,12Z,2026-09-11T06:45:54+00:00,2026-09-11T13:33:52+00:00,,0.0,0.0,False,False,False,2026-09-11T13:00:00+00:00,33.86666666666667,True,True,True,2026-09-11T14:33:52+00:00,2026-09-11T15:00:00+00:00,26.133333333333333,True,True,True,True,2026-09-11T15:33:52+00:00,2026-09-11T16:00:00+00:00,26.133333333333333,True,True,True,True
2026-09-12,Chicago,KMDW,KXHIGHCHI-26SEP12,1,prev18Z->00Z,prev18Z,00Z,2026-09-11T18:49:27+00:00,2026-09-12T01:17:45+00:00,2026-09-12T06:48:07+00:00,0.0,0.0,False,False,False,2026-09-12T01:00:00+00:00,17.75,True,True,True,2026-09-12T02:17:45+00:00,2026-09-12T03:00:00+00:00,42.25,True,True,True,True,2026-09-12T03:17:45+00:00,2026-09-12T04:00:00+00:00,42.25,True,True,True,True
2026-09-12,Chicago,KMDW,KXHIGHCHI-26SEP12,2,00Z->06Z,00Z,06Z,2026-09-12T01:17:45+00:00,2026-09-12T06:48:07+00:00,2026-09-12T13:41:46+00:00,0.0,0.0,False,False,False,2026-09-12T06:00:00+00:00,48.11666666666667,True,True,True,2026-09-12T07:48:07+00:00,2026-09-12T08:00:00+00:00,11.883333333333333,True,True,True,True,2026-09-12T08:48:07+00:00,2026-09-12T09:00:00+00:00,11.883333333333333,True,True,True,True
2026-09-12,Chicago,KMDW,KXHIGHCHI-26SEP12,3,06Z->12Z,06Z,12Z,2026-09-12T06:48:07+00:00,2026-09-12T13:41:46+00:00,,1.0,0.0,True,False,True,2026-09-12T13:00:00+00:00,41.766666666666666,True,True,True,2026-09-12T14:41:46+00:00,2026-09-12T15:00:00+00:00,18.233333333333334,True,True,True,True,2026-09-12T15:41:46+00:00,2026-09-12T16:00:00+00:00,18.233333333333334,True,True,True,True
2026-09-12,Denver,KDEN,KXHIGHDEN-26SEP12,1,prev18Z->00Z,prev18Z,00Z,2026-09-11T18:49:27+00:00,2026-09-12T01:17:45+00:00,2026-09-12T06:48:07+00:00,0.0,-1.0,False,True,True,2026-09-12T01:00:00+00:00,17.75,True,True,True,2026-09-12T02:17:45+00:00,2026-09-12T03:00:00+00:00,42.25,True,True,True,True,2026-09-12T03:17:45+00:00,2026-09-12T04:00:00+00:00,42.25,True,True,True,True
2026-09-12,Denver,KDEN,KXHIGHDEN-26SEP12,2,00Z->06Z,00Z,06Z,2026-09-12T01:17:45+00:00,2026-09-12T06:48:07+00:00,2026-09-12T13:41:46+00:00,-1.0,1.0,True,True,True,2026-09-12T06:00:00+00:00,48.11666666666667,True,True,True,2026-09-12T07:48:07+00:00,2026-09-12T08:00:00+00:00,11.883333333333333,True,True,True,True,2026-09-12T08:48:07+00:00,2026-09-12T09:00:00+00:00,11.883333333333333,True,True,True,True
2026-09-12,Denver,KDEN,KXHIGHDEN-26SEP12,3,06Z->12Z,06Z,12Z,2026-09-12T06:48:07+00:00,2026-09-12T13:41:46+00:00,,1.0,0.0,True,False,True,2026-09-12T13:00:00+00:00,41.766666666666666,True,True,True,2026-09-12T14:41:46+00:00,2026-09-12T15:00:00+00:00,18.233333333333334,True,True,True,True,2026-09-12T15:41:46+00:00,2026-09-12T17:00:00+00:00,78.23333333333333,False,True,False,False
2026-09-12,NYC,KNYC,KXHIGHNY-26SEP12,1,prev18Z->00Z,prev18Z,00Z,2026-09-11T18:49:27+00:00,2026-09-12T01:17:45+00:00,2026-09-12T06:48:07+00:00,0.0,0.0,False,False,False,2026-09-12T01:00:00+00:00,17.75,True,True,True,2026-09-12T02:17:45+00:00,2026-09-12T05:00:00+00:00,162.25,False,True,False,False,2026-09-12T03:17:45+00:00,2026-09-12T05:00:00+00:00,102.25,False,True,False,False
2026-09-12,NYC,KNYC,KXHIGHNY-26SEP12,2,00Z->06Z,00Z,06Z,2026-09-12T01:17:45+00:00,2026-09-12T06:48:07+00:00,2026-09-12T13:41:46+00:00,0.0,0.0,False,False,False,2026-09-12T06:00:00+00:00,48.11666666666667,True,True,True,2026-09-12T07:48:07+00:00,2026-09-12T08:00:00+00:00,11.883333333333333,True,True,True,True,2026-09-12T08:48:07+00:00,2026-09-12T09:00:00+00:00,11.883333333333333,True,True,True,True
2026-09-12,NYC,KNYC,KXHIGHNY-26SEP12,3,06Z->12Z,06Z,12Z,2026-09-12T06:48:07+00:00,2026-09-12T13:41:46+00:00,,-1.0,0.0,True,False,True,2026-09-12T13:00:00+00:00,41.766666666666666,True,True,True,2026-09-12T14:41:46+00:00,2026-09-12T15:00:00+00:00,18.233333333333334,True,True,True,True,2026-09-12T15:41:46+00:00,2026-09-12T16:00:00+00:00,18.233333333333334,True,True,True,True
2026-09-13,Chicago,KMDW,KXHIGHCHI-26SEP13,1,prev18Z->00Z,prev18Z,00Z,2026-09-12T18:49:58+00:00,2026-09-13T01:23:31+00:00,2026-09-13T07:10:26+00:00,0.0,0.0,False,False,False,2026-09-13T01:00:00+00:00,23.516666666666666,True,True,True,2026-09-13T02:23:31+00:00,2026-09-13T03:00:00+00:00,36.483333333333334,True,True,True,True,2026-09-13T03:23:31+00:00,2026-09-13T04:00:00+00:00,36.483333333333334,True,True,True,True
2026-09-13,Chicago,KMDW,KXHIGHCHI-26SEP13,2,00Z->06Z,00Z,06Z,2026-09-13T01:23:31+00:00,2026-09-13T07:10:26+00:00,2026-09-13T13:34:06+00:00,-1.0,-1.0,True,True,True,2026-09-13T07:00:00+00:00,10.433333333333334,True,True,True,2026-09-13T08:10:26+00:00,2026-09-13T09:00:00+00:00,49.56666666666667,True,True,True,True,2026-09-13T09:10:26+00:00,2026-09-13T10:00:00+00:00,49.56666666666667,True,True,True,True
2026-09-13,Chicago,KMDW,KXHIGHCHI-26SEP13,3,06Z->12Z,06Z,12Z,2026-09-13T07:10:26+00:00,2026-09-13T13:34:06+00:00,,0.0,0.0,False,False,False,2026-09-13T13:00:00+00:00,34.1,True,True,True,2026-09-13T14:34:06+00:00,2026-09-13T15:00:00+00:00,25.9,True,True,True,True,2026-09-13T15:34:06+00:00,2026-09-13T16:00:00+00:00,25.9,True,True,True,True
2026-09-13,Denver,KDEN,KXHIGHDEN-26SEP13,1,prev18Z->00Z,prev18Z,00Z,2026-09-12T18:49:58+00:00,2026-09-13T01:23:31+00:00,2026-09-13T07:10:26+00:00,-1.0,0.0,True,False,True,2026-09-13T01:00:00+00:00,23.516666666666666,True,True,True,2026-09-13T02:23:31+00:00,2026-09-13T03:00:00+00:00,36.483333333333334,True,True,True,True,2026-09-13T03:23:31+00:00,2026-09-13T04:00:00+00:00,36.483333333333334,True,True,True,True
2026-09-13,Denver,KDEN,KXHIGHDEN-26SEP13,2,00Z->06Z,00Z,06Z,2026-09-13T01:23:31+00:00,2026-09-13T07:10:26+00:00,2026-09-13T13:34:06+00:00,0.0,0.0,False,False,False,2026-09-13T07:00:00+00:00,10.433333333333334,True,True,True,2026-09-13T08:10:26+00:00,2026-09-13T09:00:00+00:00,49.56666666666667,True,True,True,True,2026-09-13T09:10:26+00:00,2026-09-13T10:00:00+00:00,49.56666666666667,True,True,True,True
2026-09-13,Denver,KDEN,KXHIGHDEN-26SEP13,3,06Z->12Z,06Z,12Z,2026-09-13T07:10:26+00:00,2026-09-13T13:34:06+00:00,,1.0,0.0,True,False,True,2026-09-13T13:00:00+00:00,34.1,True,True,True,2026-09-13T14:34:06+00:00,2026-09-13T15:00:00+00:00,25.9,True,True,True,True,2026-09-13T15:34:06+00:00,2026-09-13T16:00:00+00:00,25.9,True,True,True,True
2026-09-13,NYC,KNYC,KXHIGHNY-26SEP13,1,prev18Z->00Z,prev18Z,00Z,2026-09-12T18:49:58+00:00,2026-09-13T01:23:31+00:00,2026-09-13T07:10:26+00:00,0.0,-1.0,False,True,True,2026-09-13T01:00:00+00:00,23.516666666666666,True,True,True,2026-09-13T02:23:31+00:00,2026-09-13T03:00:00+00:00,36.483333333333334,True,True,True,True,2026-09-13T03:23:31+00:00,2026-09-13T04:00:00+00:00,36.483333333333334,True,True,True,True
2026-09-13,NYC,KNYC,KXHIGHNY-26SEP13,2,00Z->06Z,00Z,06Z,2026-09-13T01:23:31+00:00,2026-09-13T07:10:26+00:00,2026-09-13T13:34:06+00:00,0.0,0.0,False,False,False,2026-09-13T07:00:00+00:00,10.433333333333334,True,True,True,2026-09-13T08:10:26+00:00,2026-09-13T09:00:00+00:00,49.56666666666667,True,True,True,True,2026-09-13T09:10:26+00:00,2026-09-13T10:00:00+00:00,49.56666666666667,True,True,True,True
2026-09-13,NYC,KNYC,KXHIGHNY-26SEP13,3,06Z->12Z,06Z,12Z,2026-09-13T07:10:26+00:00,2026-09-13T13:34:06+00:00,,0.0,1.0,False,True,True,2026-09-13T13:00:00+00:00,34.1,True,True,True,2026-09-13T14:34:06+00:00,2026-09-13T15:00:00+00:00,25.9,True,True,True,True,2026-09-13T15:34:06+00:00,2026-09-13T16:00:00+00:00,25.9,True,True,True,True
2026-09-14,Chicago,KMDW,KXHIGHCHI-26SEP14,1,prev18Z->00Z,prev18Z,00Z,2026-09-13T18:46:04+00:00,2026-09-14T01:18:49+00:00,2026-09-14T07:03:47+00:00,0.0,0.0,False,False,False,2026-09-14T01:00:00+00:00,18.816666666666666,True,True,True,2026-09-14T02:18:49+00:00,2026-09-14T03:00:00+00:00,41.18333333333333,True,True,True,True,2026-09-14T03:18:49+00:00,2026-09-14T04:00:00+00:00,41.18333333333333,True,True,True,True
2026-09-14,Chicago,KMDW,KXHIGHCHI-26SEP14,2,00Z->06Z,00Z,06Z,2026-09-14T01:18:49+00:00,2026-09-14T07:03:47+00:00,2026-09-14T13:38:03+00:00,0.0,0.0,False,False,False,2026-09-14T07:00:00+00:00,3.783333333333333,True,True,True,2026-09-14T08:03:47+00:00,2026-09-14T09:00:00+00:00,56.21666666666667,True,True,True,True,2026-09-14T09:03:47+00:00,2026-09-14T10:00:00+00:00,56.21666666666667,True,True,True,True
2026-09-14,Chicago,KMDW,KXHIGHCHI-26SEP14,3,06Z->12Z,06Z,12Z,2026-09-14T07:03:47+00:00,2026-09-14T13:38:03+00:00,,0.0,0.0,False,False,False,2026-09-14T13:00:00+00:00,38.05,True,True,True,2026-09-14T14:38:03+00:00,2026-09-14T15:00:00+00:00,21.95,True,True,True,True,2026-09-14T15:38:03+00:00,2026-09-14T16:00:00+00:00,21.95,True,True,True,True
2026-09-14,Denver,KDEN,KXHIGHDEN-26SEP14,1,prev18Z->00Z,prev18Z,00Z,2026-09-13T18:46:04+00:00,2026-09-14T01:18:49+00:00,2026-09-14T07:03:47+00:00,0.0,0.0,False,False,False,2026-09-14T01:00:00+00:00,18.816666666666666,True,True,True,2026-09-14T02:18:49+00:00,2026-09-14T03:00:00+00:00,41.18333333333333,True,True,True,True,2026-09-14T03:18:49+00:00,2026-09-14T04:00:00+00:00,41.18333333333333,True,True,True,True
2026-09-14,Denver,KDEN,KXHIGHDEN-26SEP14,2,00Z->06Z,00Z,06Z,2026-09-14T01:18:49+00:00,2026-09-14T07:03:47+00:00,2026-09-14T13:38:03+00:00,0.0,0.0,False,False,False,2026-09-14T07:00:00+00:00,3.783333333333333,True,True,True,2026-09-14T08:03:47+00:00,2026-09-14T09:00:00+00:00,56.21666666666667,True,True,True,True,2026-09-14T09:03:47+00:00,2026-09-14T10:00:00+00:00,56.21666666666667,True,True,True,True
2026-09-14,Denver,KDEN,KXHIGHDEN-26SEP14,3,06Z->12Z,06Z,12Z,2026-09-14T07:03:47+00:00,2026-09-14T13:38:03+00:00,,1.0,0.0,True,False,True,2026-09-14T13:00:00+00:00,38.05,True,True,True,2026-09-14T14:38:03+00:00,2026-09-14T15:00:00+00:00,21.95,True,True,True,True,2026-09-14T15:38:03+00:00,2026-09-14T16:00:00+00:00,21.95,True,True,True,True
2026-09-14,NYC,KNYC,KXHIGHNY-26SEP14,1,prev18Z->00Z,prev18Z,00Z,2026-09-13T18:46:04+00:00,2026-09-14T01:18:49+00:00,2026-09-14T07:03:47+00:00,1.0,0.0,True,False,True,2026-09-14T01:00:00+00:00,18.816666666666666,True,True,True,2026-09-14T02:18:49+00:00,2026-09-14T04:00:00+00:00,101.18333333333334,False,True,False,False,2026-09-14T03:18:49+00:00,2026-09-14T04:00:00+00:00,41.18333333333333,True,True,True,True
2026-09-14,NYC,KNYC,KXHIGHNY-26SEP14,2,00Z->06Z,00Z,06Z,2026-09-14T01:18:49+00:00,2026-09-14T07:03:47+00:00,2026-09-14T13:38:03+00:00,-1.0,-1.0,True,True,True,2026-09-14T07:00:00+00:00,3.783333333333333,True,True,True,2026-09-14T08:03:47+00:00,2026-09-14T09:00:00+00:00,56.21666666666667,True,True,True,True,2026-09-14T09:03:47+00:00,2026-09-14T10:00:00+00:00,56.21666666666667,True,True,True,True
2026-09-14,NYC,KNYC,KXHIGHNY-26SEP14,3,06Z->12Z,06Z,12Z,2026-09-14T07:03:47+00:00,2026-09-14T13:38:03+00:00,,0.0,1.0,False,True,True,2026-09-14T13:00:00+00:00,38.05,True,True,True,2026-09-14T14:38:03+00:00,2026-09-14T15:00:00+00:00,21.95,True,True,True,True,2026-09-14T15:38:03+00:00,2026-09-14T16:00:00+00:00,21.95,True,True,True,True
2026-09-15,Chicago,KMDW,KXHIGHCHI-26SEP15,1,prev18Z->00Z,prev18Z,00Z,2026-09-14T20:58:58+00:00,2026-09-15T01:18:37+00:00,2026-09-15T06:44:15+00:00,1.0,0.0,True,False,True,2026-09-15T01:00:00+00:00,18.616666666666667,True,True,True,2026-09-15T02:18:37+00:00,2026-09-15T03:00:00+00:00,41.38333333333333,True,True,True,True,2026-09-15T03:18:37+00:00,2026-09-15T04:00:00+00:00,41.38333333333333,True,True,True,True
2026-09-15,Chicago,KMDW,KXHIGHCHI-26SEP15,2,00Z->06Z,00Z,06Z,2026-09-15T01:18:37+00:00,2026-09-15T06:44:15+00:00,2026-09-15T13:40:31+00:00,0.0,-1.0,False,True,True,2026-09-15T06:00:00+00:00,44.25,True,True,True,2026-09-15T07:44:15+00:00,2026-09-15T08:00:00+00:00,15.75,True,True,True,True,2026-09-15T08:44:15+00:00,2026-09-15T09:00:00+00:00,15.75,True,True,True,True
2026-09-15,Chicago,KMDW,KXHIGHCHI-26SEP15,3,06Z->12Z,06Z,12Z,2026-09-15T06:44:15+00:00,2026-09-15T13:40:31+00:00,,0.0,0.0,False,False,False,2026-09-15T13:00:00+00:00,40.516666666666666,True,True,True,2026-09-15T14:40:31+00:00,2026-09-15T15:00:00+00:00,19.483333333333334,True,True,True,True,2026-09-15T15:40:31+00:00,2026-09-15T16:00:00+00:00,19.483333333333334,True,True,True,True
2026-09-15,Denver,KDEN,KXHIGHDEN-26SEP15,1,prev18Z->00Z,prev18Z,00Z,2026-09-14T20:58:58+00:00,2026-09-15T01:18:37+00:00,2026-09-15T06:44:15+00:00,0.0,0.0,False,False,False,2026-09-15T01:00:00+00:00,18.616666666666667,True,True,True,2026-09-15T02:18:37+00:00,2026-09-15T03:00:00+00:00,41.38333333333333,True,True,True,True,2026-09-15T03:18:37+00:00,2026-09-15T04:00:00+00:00,41.38333333333333,True,True,True,True
2026-09-15,Denver,KDEN,KXHIGHDEN-26SEP15,2,00Z->06Z,00Z,06Z,2026-09-15T01:18:37+00:00,2026-09-15T06:44:15+00:00,2026-09-15T13:40:31+00:00,-2.0,0.0,True,False,True,2026-09-15T06:00:00+00:00,44.25,True,True,True,2026-09-15T07:44:15+00:00,2026-09-15T08:00:00+00:00,15.75,True,True,True,True,2026-09-15T08:44:15+00:00,2026-09-15T09:00:00+00:00,15.75,True,True,True,True
2026-09-15,Denver,KDEN,KXHIGHDEN-26SEP15,3,06Z->12Z,06Z,12Z,2026-09-15T06:44:15+00:00,2026-09-15T13:40:31+00:00,,0.0,0.0,False,False,False,2026-09-15T13:00:00+00:00,40.516666666666666,True,True,True,2026-09-15T14:40:31+00:00,2026-09-15T15:00:00+00:00,19.483333333333334,True,True,True,True,2026-09-15T15:40:31+00:00,2026-09-15T16:00:00+00:00,19.483333333333334,True,True,True,True
2026-09-15,NYC,KNYC,KXHIGHNY-26SEP15,1,prev18Z->00Z,prev18Z,00Z,2026-09-14T20:58:58+00:00,2026-09-15T01:18:37+00:00,2026-09-15T06:44:15+00:00,0.0,0.0,False,False,False,2026-09-15T01:00:00+00:00,18.616666666666667,True,True,True,2026-09-15T02:18:37+00:00,2026-09-15T03:00:00+00:00,41.38333333333333,True,True,True,True,2026-09-15T03:18:37+00:00,2026-09-15T04:00:00+00:00,41.38333333333333,True,True,True,True
2026-09-15,NYC,KNYC,KXHIGHNY-26SEP15,2,00Z->06Z,00Z,06Z,2026-09-15T01:18:37+00:00,2026-09-15T06:44:15+00:00,2026-09-15T13:40:31+00:00,1.0,0.0,True,False,True,2026-09-15T06:00:00+00:00,44.25,True,True,True,2026-09-15T07:44:15+00:00,2026-09-15T08:00:00+00:00,15.75,True,True,True,True,2026-09-15T08:44:15+00:00,2026-09-15T09:00:00+00:00,15.75,True,True,True,True
2026-09-15,NYC,KNYC,KXHIGHNY-26SEP15,3,06Z->12Z,06Z,12Z,2026-09-15T06:44:15+00:00,2026-09-15T13:40:31+00:00,,0.0,0.0,False,False,False,2026-09-15T13:00:00+00:00,40.516666666666666,True,True,True,2026-09-15T14:40:31+00:00,2026-09-15T15:00:00+00:00,19.483333333333334,True,True,True,True,2026-09-15T15:40:31+00:00,2026-09-15T16:00:00+00:00,19.483333333333334,True,True,True,True
2026-09-16,Chicago,KMDW,KXHIGHCHI-26SEP16,1,prev18Z->00Z,prev18Z,00Z,2026-09-15T18:47:20+00:00,2026-09-16T01:16:35+00:00,2026-09-16T06:47:10+00:00,0.0,0.0,False,False,False,2026-09-16T01:00:00+00:00,16.583333333333332,True,True,True,2026-09-16T02:16:35+00:00,2026-09-16T03:00:00+00:00,43.416666666666664,True,True,True,True,2026-09-16T03:16:35+00:00,2026-09-16T04:00:00+00:00,43.416666666666664,True,True,True,True
2026-09-16,Chicago,KMDW,KXHIGHCHI-26SEP16,2,00Z->06Z,00Z,06Z,2026-09-16T01:16:35+00:00,2026-09-16T06:47:10+00:00,2026-09-16T13:25:15+00:00,1.0,0.0,True,False,True,2026-09-16T06:00:00+00:00,47.166666666666664,True,True,True,2026-09-16T07:47:10+00:00,2026-09-16T08:00:00+00:00,12.833333333333334,True,True,True,True,2026-09-16T08:47:10+00:00,2026-09-16T09:00:00+00:00,12.833333333333334,True,True,True,True
2026-09-16,Chicago,KMDW,KXHIGHCHI-26SEP16,3,06Z->12Z,06Z,12Z,2026-09-16T06:47:10+00:00,2026-09-16T13:25:15+00:00,,1.0,-1.0,True,True,True,2026-09-16T13:00:00+00:00,25.25,True,True,True,2026-09-16T14:25:15+00:00,2026-09-16T15:00:00+00:00,34.75,True,True,True,True,2026-09-16T15:25:15+00:00,2026-09-16T16:00:00+00:00,34.75,True,True,True,True
2026-09-16,Denver,KDEN,KXHIGHDEN-26SEP16,1,prev18Z->00Z,prev18Z,00Z,2026-09-15T18:47:20+00:00,2026-09-16T01:16:35+00:00,2026-09-16T06:47:10+00:00,0.0,0.0,False,False,False,2026-09-16T01:00:00+00:00,16.583333333333332,True,True,True,2026-09-16T02:16:35+00:00,2026-09-16T03:00:00+00:00,43.416666666666664,True,True,True,True,2026-09-16T03:16:35+00:00,2026-09-16T04:00:00+00:00,43.416666666666664,True,True,True,True
2026-09-16,Denver,KDEN,KXHIGHDEN-26SEP16,2,00Z->06Z,00Z,06Z,2026-09-16T01:16:35+00:00,2026-09-16T06:47:10+00:00,2026-09-16T13:25:15+00:00,1.0,0.0,True,False,True,2026-09-16T06:00:00+00:00,47.166666666666664,True,True,True,2026-09-16T07:47:10+00:00,2026-09-16T08:00:00+00:00,12.833333333333334,True,True,True,True,2026-09-16T08:47:10+00:00,2026-09-16T09:00:00+00:00,12.833333333333334,True,True,True,True
2026-09-16,Denver,KDEN,KXHIGHDEN-26SEP16,3,06Z->12Z,06Z,12Z,2026-09-16T06:47:10+00:00,2026-09-16T13:25:15+00:00,,0.0,0.0,False,False,False,2026-09-16T13:00:00+00:00,25.25,True,True,True,2026-09-16T14:25:15+00:00,2026-09-16T15:00:00+00:00,34.75,True,True,True,True,2026-09-16T15:25:15+00:00,2026-09-16T16:00:00+00:00,34.75,True,True,True,True
2026-09-16,NYC,KNYC,KXHIGHNY-26SEP16,1,prev18Z->00Z,prev18Z,00Z,2026-09-15T18:47:20+00:00,2026-09-16T01:16:35+00:00,2026-09-16T06:47:10+00:00,-1.0,0.0,True,False,True,2026-09-16T01:00:00+00:00,16.583333333333332,True,True,True,2026-09-16T02:16:35+00:00,2026-09-16T03:00:00+00:00,43.416666666666664,True,True,True,True,2026-09-16T03:16:35+00:00,2026-09-16T04:00:00+00:00,43.416666666666664,True,True,True,True
2026-09-16,NYC,KNYC,KXHIGHNY-26SEP16,2,00Z->06Z,00Z,06Z,2026-09-16T01:16:35+00:00,2026-09-16T06:47:10+00:00,2026-09-16T13:25:15+00:00,0.0,0.0,False,False,False,2026-09-16T06:00:00+00:00,47.166666666666664,True,True,True,2026-09-16T07:47:10+00:00,2026-09-16T08:00:00+00:00,12.833333333333334,True,True,True,True,2026-09-16T08:47:10+00:00,2026-09-16T09:00:00+00:00,12.833333333333334,True,True,True,True
2026-09-16,NYC,KNYC,KXHIGHNY-26SEP16,3,06Z->12Z,06Z,12Z,2026-09-16T06:47:10+00:00,2026-09-16T13:25:15+00:00,,0.0,0.0,False,False,False,2026-09-16T13:00:00+00:00,25.25,True,True,True,2026-09-16T14:25:15+00:00,2026-09-16T15:00:00+00:00,34.75,True,True,True,True,2026-09-16T15:25:15+00:00,2026-09-16T16:00:00+00:00,34.75,True,True,True,True
2026-09-17,Chicago,KMDW,KXHIGHCHI-26SEP17,1,prev18Z->00Z,prev18Z,00Z,2026-09-16T18:45:32+00:00,2026-09-17T01:19:31+00:00,2026-09-17T06:48:11+00:00,0.0,0.0,False,False,False,2026-09-17T01:00:00+00:00,19.516666666666666,True,True,True,2026-09-17T02:19:31+00:00,2026-09-17T03:00:00+00:00,40.483333333333334,True,True,True,True,2026-09-17T03:19:31+00:00,2026-09-17T04:00:00+00:00,40.483333333333334,True,True,True,True
2026-09-17,Chicago,KMDW,KXHIGHCHI-26SEP17,2,00Z->06Z,00Z,06Z,2026-09-17T01:19:31+00:00,2026-09-17T06:48:11+00:00,2026-09-17T13:33:20+00:00,1.0,0.0,True,False,True,2026-09-17T06:00:00+00:00,48.18333333333333,True,True,True,2026-09-17T07:48:11+00:00,2026-09-17T08:00:00+00:00,11.816666666666666,True,True,True,True,2026-09-17T08:48:11+00:00,2026-09-17T10:00:00+00:00,71.81666666666666,False,True,False,False
2026-09-17,Chicago,KMDW,KXHIGHCHI-26SEP17,3,06Z->12Z,06Z,12Z,2026-09-17T06:48:11+00:00,2026-09-17T13:33:20+00:00,,0.0,0.0,False,False,False,2026-09-17T13:00:00+00:00,33.333333333333336,True,True,True,2026-09-17T14:33:20+00:00,2026-09-17T15:00:00+00:00,26.666666666666668,True,True,True,True,2026-09-17T15:33:20+00:00,2026-09-17T16:00:00+00:00,26.666666666666668,True,True,True,True
2026-09-17,Denver,KDEN,KXHIGHDEN-26SEP17,1,prev18Z->00Z,prev18Z,00Z,2026-09-16T18:45:32+00:00,2026-09-17T01:19:31+00:00,2026-09-17T06:48:11+00:00,-1.0,0.0,True,False,True,2026-09-17T01:00:00+00:00,19.516666666666666,True,True,True,2026-09-17T02:19:31+00:00,2026-09-17T03:00:00+00:00,40.483333333333334,True,True,True,True,2026-09-17T03:19:31+00:00,2026-09-17T04:00:00+00:00,40.483333333333334,True,True,True,True
2026-09-17,Denver,KDEN,KXHIGHDEN-26SEP17,2,00Z->06Z,00Z,06Z,2026-09-17T01:19:31+00:00,2026-09-17T06:48:11+00:00,2026-09-17T13:33:20+00:00,-1.0,0.0,True,False,True,2026-09-17T06:00:00+00:00,48.18333333333333,True,True,True,2026-09-17T07:48:11+00:00,2026-09-17T10:00:00+00:00,131.81666666666666,False,True,False,False,2026-09-17T08:48:11+00:00,2026-09-17T10:00:00+00:00,71.81666666666666,False,True,False,False
2026-09-17,Denver,KDEN,KXHIGHDEN-26SEP17,3,06Z->12Z,06Z,12Z,2026-09-17T06:48:11+00:00,2026-09-17T13:33:20+00:00,,2.0,0.0,True,False,True,2026-09-17T13:00:00+00:00,33.333333333333336,True,True,True,2026-09-17T14:33:20+00:00,2026-09-17T15:00:00+00:00,26.666666666666668,True,True,True,True,2026-09-17T15:33:20+00:00,2026-09-17T16:00:00+00:00,26.666666666666668,True,True,True,True
2026-09-17,NYC,KNYC,KXHIGHNY-26SEP17,1,prev18Z->00Z,prev18Z,00Z,2026-09-16T18:45:32+00:00,2026-09-17T01:19:31+00:00,2026-09-17T06:48:11+00:00,0.0,0.0,False,False,False,2026-09-17T01:00:00+00:00,19.516666666666666,True,True,True,2026-09-17T02:19:31+00:00,2026-09-17T03:00:00+00:00,40.483333333333334,True,True,True,True,2026-09-17T03:19:31+00:00,2026-09-17T04:00:00+00:00,40.483333333333334,True,True,True,True
2026-09-17,NYC,KNYC,KXHIGHNY-26SEP17,2,00Z->06Z,00Z,06Z,2026-09-17T01:19:31+00:00,2026-09-17T06:48:11+00:00,2026-09-17T13:33:20+00:00,-1.0,0.0,True,False,True,2026-09-17T06:00:00+00:00,48.18333333333333,True,True,True,2026-09-17T07:48:11+00:00,2026-09-17T08:00:00+00:00,11.816666666666666,True,True,True,True,2026-09-17T08:48:11+00:00,2026-09-17T10:00:00+00:00,71.81666666666666,False,True,False,False
2026-09-17,NYC,KNYC,KXHIGHNY-26SEP17,3,06Z->12Z,06Z,12Z,2026-09-17T06:48:11+00:00,2026-09-17T13:33:20+00:00,,1.0,0.0,True,False,True,2026-09-17T13:00:00+00:00,33.333333333333336,True,True,True,2026-09-17T14:33:20+00:00,2026-09-17T15:00:00+00:00,26.666666666666668,True,True,True,True,2026-09-17T15:33:20+00:00,2026-09-17T16:00:00+00:00,26.666666666666668,True,True,True,True
2026-09-18,Chicago,KMDW,KXHIGHCHI-26SEP18,1,prev18Z->00Z,prev18Z,00Z,2026-09-17T18:45:37+00:00,2026-09-18T01:16:40+00:00,2026-09-18T06:45:35+00:00,0.0,0.0,False,False,False,2026-09-18T01:00:00+00:00,16.666666666666668,True,True,True,2026-09-18T02:16:40+00:00,2026-09-18T03:00:00+00:00,43.333333333333336,True,True,True,True,2026-09-18T03:16:40+00:00,2026-09-18T04:00:00+00:00,43.333333333333336,True,True,True,True
2026-09-18,Chicago,KMDW,KXHIGHCHI-26SEP18,2,00Z->06Z,00Z,06Z,2026-09-18T01:16:40+00:00,2026-09-18T06:45:35+00:00,2026-09-18T13:35:42+00:00,0.0,0.0,False,False,False,2026-09-18T06:00:00+00:00,45.583333333333336,True,True,True,2026-09-18T07:45:35+00:00,2026-09-18T08:00:00+00:00,14.416666666666666,True,True,True,True,2026-09-18T08:45:35+00:00,2026-09-18T09:00:00+00:00,14.416666666666666,True,True,True,True
2026-09-18,Chicago,KMDW,KXHIGHCHI-26SEP18,3,06Z->12Z,06Z,12Z,2026-09-18T06:45:35+00:00,2026-09-18T13:35:42+00:00,,1.0,0.0,True,False,True,2026-09-18T13:00:00+00:00,35.7,True,True,True,2026-09-18T14:35:42+00:00,2026-09-18T15:00:00+00:00,24.3,True,True,True,True,2026-09-18T15:35:42+00:00,2026-09-18T16:00:00+00:00,24.3,True,True,True,True
2026-09-18,Denver,KDEN,KXHIGHDEN-26SEP18,1,prev18Z->00Z,prev18Z,00Z,2026-09-17T18:45:37+00:00,2026-09-18T01:16:40+00:00,2026-09-18T06:45:35+00:00,0.0,0.0,False,False,False,2026-09-18T01:00:00+00:00,16.666666666666668,True,True,True,2026-09-18T02:16:40+00:00,2026-09-18T03:00:00+00:00,43.333333333333336,True,True,True,True,2026-09-18T03:16:40+00:00,2026-09-18T04:00:00+00:00,43.333333333333336,True,True,True,True
2026-09-18,Denver,KDEN,KXHIGHDEN-26SEP18,2,00Z->06Z,00Z,06Z,2026-09-18T01:16:40+00:00,2026-09-18T06:45:35+00:00,2026-09-18T13:35:42+00:00,0.0,0.0,False,False,False,2026-09-18T06:00:00+00:00,45.583333333333336,True,True,True,2026-09-18T07:45:35+00:00,2026-09-18T08:00:00+00:00,14.416666666666666,True,True,True,True,2026-09-18T08:45:35+00:00,2026-09-18T09:00:00+00:00,14.416666666666666,True,True,True,True
2026-09-18,Denver,KDEN,KXHIGHDEN-26SEP18,3,06Z->12Z,06Z,12Z,2026-09-18T06:45:35+00:00,2026-09-18T13:35:42+00:00,,1.0,0.0,True,False,True,2026-09-18T13:00:00+00:00,35.7,True,True,True,2026-09-18T14:35:42+00:00,2026-09-18T15:00:00+00:00,24.3,True,True,True,True,2026-09-18T15:35:42+00:00,2026-09-18T16:00:00+00:00,24.3,True,True,True,True
2026-09-18,NYC,KNYC,KXHIGHNY-26SEP18,1,prev18Z->00Z,prev18Z,00Z,2026-09-17T18:45:37+00:00,2026-09-18T01:16:40+00:00,2026-09-18T06:45:35+00:00,1.0,0.0,True,False,True,2026-09-18T01:00:00+00:00,16.666666666666668,True,True,True,2026-09-18T02:16:40+00:00,2026-09-18T03:00:00+00:00,43.333333333333336,True,True,True,True,2026-09-18T03:16:40+00:00,2026-09-18T04:00:00+00:00,43.333333333333336,True,True,True,True
2026-09-18,NYC,KNYC,KXHIGHNY-26SEP18,2,00Z->06Z,00Z,06Z,2026-09-18T01:16:40+00:00,2026-09-18T06:45:35+00:00,2026-09-18T13:35:42+00:00,0.0,0.0,False,False,False,2026-09-18T06:00:00+00:00,45.583333333333336,True,True,True,2026-09-18T07:45:35+00:00,2026-09-18T08:00:00+00:00,14.416666666666666,True,True,True,True,2026-09-18T08:45:35+00:00,2026-09-18T09:00:00+00:00,14.416666666666666,True,True,True,True
2026-09-18,NYC,KNYC,KXHIGHNY-26SEP18,3,06Z->12Z,06Z,12Z,2026-09-18T06:45:35+00:00,2026-09-18T13:35:42+00:00,,0.0,0.0,False,False,False,2026-09-18T13:00:00+00:00,35.7,True,True,True,2026-09-18T14:35:42+00:00,2026-09-18T15:00:00+00:00,24.3,True,True,True,True,2026-09-18T15:35:42+00:00,2026-09-18T16:00:00+00:00,24.3,True,True,True,True
2026-09-19,Chicago,KMDW,KXHIGHCHI-26SEP19,1,prev18Z->00Z,prev18Z,00Z,2026-09-18T18:54:57+00:00,2026-09-19T01:16:32+00:00,2026-09-19T06:48:17+00:00,0.0,-1.0,False,True,True,2026-09-19T01:00:00+00:00,16.533333333333335,True,True,True,2026-09-19T02:16:32+00:00,2026-09-19T03:00:00+00:00,43.46666666666667,True,True,True,True,2026-09-19T03:16:32+00:00,2026-09-19T04:00:00+00:00,43.46666666666667,True,True,True,True
2026-09-19,Chicago,KMDW,KXHIGHCHI-26SEP19,2,00Z->06Z,00Z,06Z,2026-09-19T01:16:32+00:00,2026-09-19T06:48:17+00:00,2026-09-19T13:21:07+00:00,0.0,0.0,False,False,False,2026-09-19T06:00:00+00:00,48.28333333333333,True,True,True,2026-09-19T07:48:17+00:00,2026-09-19T08:00:00+00:00,11.716666666666667,True,True,True,True,2026-09-19T08:48:17+00:00,2026-09-19T09:00:00+00:00,11.716666666666667,True,True,True,True
2026-09-19,Chicago,KMDW,KXHIGHCHI-26SEP19,3,06Z->12Z,06Z,12Z,2026-09-19T06:48:17+00:00,2026-09-19T13:21:07+00:00,,0.0,-1.0,False,True,True,2026-09-19T13:00:00+00:00,21.116666666666667,True,True,True,2026-09-19T14:21:07+00:00,2026-09-19T15:00:00+00:00,38.88333333333333,True,True,True,True,2026-09-19T15:21:07+00:00,2026-09-19T16:00:00+00:00,38.88333333333333,True,True,True,True
2026-09-19,Denver,KDEN,KXHIGHDEN-26SEP19,1,prev18Z->00Z,prev18Z,00Z,2026-09-18T18:54:57+00:00,2026-09-19T01:16:32+00:00,2026-09-19T06:48:17+00:00,0.0,0.0,False,False,False,2026-09-19T01:00:00+00:00,16.533333333333335,True,True,True,2026-09-19T02:16:32+00:00,2026-09-19T03:00:00+00:00,43.46666666666667,True,True,True,True,2026-09-19T03:16:32+00:00,2026-09-19T04:00:00+00:00,43.46666666666667,True,True,True,True
2026-09-19,Denver,KDEN,KXHIGHDEN-26SEP19,2,00Z->06Z,00Z,06Z,2026-09-19T01:16:32+00:00,2026-09-19T06:48:17+00:00,2026-09-19T13:21:07+00:00,0.0,0.0,False,False,False,2026-09-19T06:00:00+00:00,48.28333333333333,True,True,True,2026-09-19T07:48:17+00:00,2026-09-19T08:00:00+00:00,11.716666666666667,True,True,True,True,2026-09-19T08:48:17+00:00,2026-09-19T09:00:00+00:00,11.716666666666667,True,True,True,True
2026-09-19,Denver,KDEN,KXHIGHDEN-26SEP19,3,06Z->12Z,06Z,12Z,2026-09-19T06:48:17+00:00,2026-09-19T13:21:07+00:00,,1.0,-1.0,True,True,True,2026-09-19T13:00:00+00:00,21.116666666666667,True,True,True,2026-09-19T14:21:07+00:00,2026-09-19T15:00:00+00:00,38.88333333333333,True,True,True,True,2026-09-19T15:21:07+00:00,2026-09-19T16:00:00+00:00,38.88333333333333,True,True,True,True
2026-09-19,NYC,KNYC,KXHIGHNY-26SEP19,1,prev18Z->00Z,prev18Z,00Z,2026-09-18T18:54:57+00:00,2026-09-19T01:16:32+00:00,2026-09-19T06:48:17+00:00,0.0,0.0,False,False,False,2026-09-19T01:00:00+00:00,16.533333333333335,True,True,True,2026-09-19T02:16:32+00:00,2026-09-19T03:00:00+00:00,43.46666666666667,True,True,True,True,2026-09-19T03:16:32+00:00,2026-09-19T04:00:00+00:00,43.46666666666667,True,True,True,True
2026-09-19,NYC,KNYC,KXHIGHNY-26SEP19,2,00Z->06Z,00Z,06Z,2026-09-19T01:16:32+00:00,2026-09-19T06:48:17+00:00,2026-09-19T13:21:07+00:00,0.0,0.0,False,False,False,2026-09-19T06:00:00+00:00,48.28333333333333,True,True,True,2026-09-19T07:48:17+00:00,2026-09-19T08:00:00+00:00,11.716666666666667,True,True,True,True,2026-09-19T08:48:17+00:00,2026-09-19T09:00:00+00:00,11.716666666666667,True,True,True,True
2026-09-19,NYC,KNYC,KXHIGHNY-26SEP19,3,06Z->12Z,06Z,12Z,2026-09-19T06:48:17+00:00,2026-09-19T13:21:07+00:00,,0.0,0.0,False,False,False,2026-09-19T13:00:00+00:00,21.116666666666667,True,True,True,2026-09-19T14:21:07+00:00,2026-09-19T15:00:00+00:00,38.88333333333333,True,True,True,True,2026-09-19T15:21:07+00:00,2026-09-19T16:00:00+00:00,38.88333333333333,True,True,True,True
2026-09-20,Chicago,KMDW,KXHIGHCHI-26SEP20,1,prev18Z->00Z,prev18Z,00Z,2026-09-19T18:47:37+00:00,2026-09-20T01:20:30+00:00,2026-09-20T06:45:45+00:00,1.0,1.0,True,True,True,2026-09-20T01:00:00+00:00,20.5,True,True,True,2026-09-20T02:20:30+00:00,2026-09-20T03:00:00+00:00,39.5,True,True,True,True,2026-09-20T03:20:30+00:00,2026-09-20T04:00:00+00:00,39.5,True,True,True,True
2026-09-20,Chicago,KMDW,KXHIGHCHI-26SEP20,2,00Z->06Z,00Z,06Z,2026-09-20T01:20:30+00:00,2026-09-20T06:45:45+00:00,2026-09-20T13:25:06+00:00,-1.0,0.0,True,False,True,2026-09-20T06:00:00+00:00,45.75,True,True,True,2026-09-20T07:45:45+00:00,2026-09-20T08:00:00+00:00,14.25,True,True,True,True,2026-09-20T08:45:45+00:00,2026-09-20T09:00:00+00:00,14.25,True,True,True,True
2026-09-20,Chicago,KMDW,KXHIGHCHI-26SEP20,3,06Z->12Z,06Z,12Z,2026-09-20T06:45:45+00:00,2026-09-20T13:25:06+00:00,,1.0,0.0,True,False,True,2026-09-20T13:00:00+00:00,25.1,True,True,True,2026-09-20T14:25:06+00:00,2026-09-20T15:00:00+00:00,34.9,True,True,True,True,2026-09-20T15:25:06+00:00,2026-09-20T16:00:00+00:00,34.9,True,True,True,True
2026-09-20,Denver,KDEN,KXHIGHDEN-26SEP20,1,prev18Z->00Z,prev18Z,00Z,2026-09-19T18:47:37+00:00,2026-09-20T01:20:30+00:00,2026-09-20T06:45:45+00:00,1.0,-1.0,True,True,True,2026-09-20T01:00:00+00:00,20.5,True,True,True,2026-09-20T02:20:30+00:00,2026-09-20T03:00:00+00:00,39.5,True,True,True,True,2026-09-20T03:20:30+00:00,2026-09-20T04:00:00+00:00,39.5,True,True,True,True
2026-09-20,Denver,KDEN,KXHIGHDEN-26SEP20,2,00Z->06Z,00Z,06Z,2026-09-20T01:20:30+00:00,2026-09-20T06:45:45+00:00,2026-09-20T13:25:06+00:00,0.0,0.0,False,False,False,2026-09-20T05:00:00+00:00,105.75,False,True,False,2026-09-20T07:45:45+00:00,2026-09-20T08:00:00+00:00,14.25,True,True,True,False,2026-09-20T08:45:45+00:00,2026-09-20T09:00:00+00:00,14.25,True,True,True,False
2026-09-20,Denver,KDEN,KXHIGHDEN-26SEP20,3,06Z->12Z,06Z,12Z,2026-09-20T06:45:45+00:00,2026-09-20T13:25:06+00:00,,1.0,1.0,True,True,True,2026-09-20T13:00:00+00:00,25.1,True,True,True,2026-09-20T14:25:06+00:00,2026-09-20T15:00:00+00:00,34.9,True,True,True,True,2026-09-20T15:25:06+00:00,2026-09-20T16:00:00+00:00,34.9,True,True,True,True
2026-09-20,NYC,KNYC,KXHIGHNY-26SEP20,1,prev18Z->00Z,prev18Z,00Z,2026-09-19T18:47:37+00:00,2026-09-20T01:20:30+00:00,2026-09-20T06:45:45+00:00,0.0,0.0,False,False,False,2026-09-20T01:00:00+00:00,20.5,True,True,True,2026-09-20T02:20:30+00:00,2026-09-20T03:00:00+00:00,39.5,True,True,True,True,2026-09-20T03:20:30+00:00,2026-09-20T04:00:00+00:00,39.5,True,True,True,True
2026-09-20,NYC,KNYC,KXHIGHNY-26SEP20,2,00Z->06Z,00Z,06Z,2026-09-20T01:20:30+00:00,2026-09-20T06:45:45+00:00,2026-09-20T13:25:06+00:00,-1.0,-1.0,True,True,True,2026-09-20T06:00:00+00:00,45.75,True,True,True,2026-09-20T07:45:45+00:00,2026-09-20T08:00:00+00:00,14.25,True,True,True,True,2026-09-20T08:45:45+00:00,2026-09-20T09:00:00+00:00,14.25,True,True,True,True
2026-09-20,NYC,KNYC,KXHIGHNY-26SEP20,3,06Z->12Z,06Z,12Z,2026-09-20T06:45:45+00:00,2026-09-20T13:25:06+00:00,,1.0,0.0,True,False,True,2026-09-20T13:00:00+00:00,25.1,True,True,True,2026-09-20T14:25:06+00:00,2026-09-20T15:00:00+00:00,34.9,True,True,True,True,2026-09-20T15:25:06+00:00,2026-09-20T16:00:00+00:00,34.9,True,True,True,True
2026-09-21,Chicago,KMDW,KXHIGHCHI-26SEP21,1,prev18Z->00Z,prev18Z,00Z,2026-09-20T18:46:22+00:00,2026-09-21T01:17:55+00:00,2026-09-21T06:56:03+00:00,0.0,0.0,False,False,False,2026-09-21T01:00:00+00:00,17.916666666666668,True,True,True,2026-09-21T02:17:55+00:00,2026-09-21T03:00:00+00:00,42.083333333333336,True,True,True,True,2026-09-21T03:17:55+00:00,2026-09-21T04:00:00+00:00,42.083333333333336,True,True,True,True
2026-09-21,Chicago,KMDW,KXHIGHCHI-26SEP21,2,00Z->06Z,00Z,06Z,2026-09-21T01:17:55+00:00,2026-09-21T06:56:03+00:00,2026-09-21T13:24:06+00:00,0.0,0.0,False,False,False,2026-09-21T06:00:00+00:00,56.05,True,True,True,2026-09-21T07:56:03+00:00,2026-09-21T08:00:00+00:00,3.95,True,True,True,True,2026-09-21T08:56:03+00:00,2026-09-21T09:00:00+00:00,3.95,True,True,True,True
2026-09-21,Chicago,KMDW,KXHIGHCHI-26SEP21,3,06Z->12Z,06Z,12Z,2026-09-21T06:56:03+00:00,2026-09-21T13:24:06+00:00,,0.0,0.0,False,False,False,2026-09-21T13:00:00+00:00,24.1,True,True,True,2026-09-21T14:24:06+00:00,2026-09-21T15:00:00+00:00,35.9,True,True,True,True,2026-09-21T15:24:06+00:00,2026-09-21T16:00:00+00:00,35.9,True,True,True,True
2026-09-21,Denver,KDEN,KXHIGHDEN-26SEP21,1,prev18Z->00Z,prev18Z,00Z,2026-09-20T18:46:22+00:00,2026-09-21T01:17:55+00:00,2026-09-21T06:56:03+00:00,0.0,-1.0,False,True,True,2026-09-21T01:00:00+00:00,17.916666666666668,True,True,True,2026-09-21T02:17:55+00:00,2026-09-21T03:00:00+00:00,42.083333333333336,True,True,True,True,2026-09-21T03:17:55+00:00,2026-09-21T04:00:00+00:00,42.083333333333336,True,True,True,True
2026-09-21,Denver,KDEN,KXHIGHDEN-26SEP21,2,00Z->06Z,00Z,06Z,2026-09-21T01:17:55+00:00,2026-09-21T06:56:03+00:00,2026-09-21T13:24:06+00:00,0.0,1.0,False,True,True,2026-09-21T06:00:00+00:00,56.05,True,True,True,2026-09-21T07:56:03+00:00,2026-09-21T08:00:00+00:00,3.95,True,True,True,True,2026-09-21T08:56:03+00:00,2026-09-21T09:00:00+00:00,3.95,True,True,True,True
2026-09-21,Denver,KDEN,KXHIGHDEN-26SEP21,3,06Z->12Z,06Z,12Z,2026-09-21T06:56:03+00:00,2026-09-21T13:24:06+00:00,,1.0,0.0,True,False,True,2026-09-21T13:00:00+00:00,24.1,True,True,True,2026-09-21T14:24:06+00:00,2026-09-21T15:00:00+00:00,35.9,True,True,True,True,2026-09-21T15:24:06+00:00,2026-09-21T16:00:00+00:00,35.9,True,True,True,True
2026-09-21,NYC,KNYC,KXHIGHNY-26SEP21,1,prev18Z->00Z,prev18Z,00Z,2026-09-20T18:46:22+00:00,2026-09-21T01:17:55+00:00,2026-09-21T06:56:03+00:00,0.0,0.0,False,False,False,2026-09-21T01:00:00+00:00,17.916666666666668,True,True,True,2026-09-21T02:17:55+00:00,2026-09-21T03:00:00+00:00,42.083333333333336,True,True,True,True,2026-09-21T03:17:55+00:00,2026-09-21T04:00:00+00:00,42.083333333333336,True,True,True,True
2026-09-21,NYC,KNYC,KXHIGHNY-26SEP21,2,00Z->06Z,00Z,06Z,2026-09-21T01:17:55+00:00,2026-09-21T06:56:03+00:00,2026-09-21T13:24:06+00:00,1.0,0.0,True,False,True,2026-09-21T06:00:00+00:00,56.05,True,True,True,2026-09-21T07:56:03+00:00,2026-09-21T08:00:00+00:00,3.95,True,True,True,True,2026-09-21T08:56:03+00:00,2026-09-21T09:00:00+00:00,3.95,True,True,True,True
2026-09-21,NYC,KNYC,KXHIGHNY-26SEP21,3,06Z->12Z,06Z,12Z,2026-09-21T06:56:03+00:00,2026-09-21T13:24:06+00:00,,2.0,-1.0,True,True,True,2026-09-21T13:00:00+00:00,24.1,True,True,True,2026-09-21T14:24:06+00:00,2026-09-21T15:00:00+00:00,35.9,True,True,True,True,2026-09-21T15:24:06+00:00,2026-09-21T16:00:00+00:00,35.9,True,True,True,True
2026-09-22,Chicago,KMDW,KXHIGHCHI-26SEP22,1,prev18Z->00Z,prev18Z,00Z,2026-09-21T18:43:34+00:00,2026-09-22T01:15:49+00:00,2026-09-22T06:45:05+00:00,0.0,0.0,False,False,False,2026-09-22T01:00:00+00:00,15.816666666666666,True,True,True,2026-09-22T02:15:49+00:00,2026-09-22T03:00:00+00:00,44.18333333333333,True,True,True,True,2026-09-22T03:15:49+00:00,2026-09-22T04:00:00+00:00,44.18333333333333,True,True,True,True
2026-09-22,Chicago,KMDW,KXHIGHCHI-26SEP22,2,00Z->06Z,00Z,06Z,2026-09-22T01:15:49+00:00,2026-09-22T06:45:05+00:00,2026-09-22T13:31:54+00:00,0.0,0.0,False,False,False,2026-09-22T06:00:00+00:00,45.083333333333336,True,True,True,2026-09-22T07:45:05+00:00,2026-09-22T08:00:00+00:00,14.916666666666666,True,True,True,True,2026-09-22T08:45:05+00:00,2026-09-22T09:00:00+00:00,14.916666666666666,True,True,True,True
2026-09-22,Chicago,KMDW,KXHIGHCHI-26SEP22,3,06Z->12Z,06Z,12Z,2026-09-22T06:45:05+00:00,2026-09-22T13:31:54+00:00,,2.0,0.0,True,False,True,2026-09-22T13:00:00+00:00,31.9,True,True,True,2026-09-22T14:31:54+00:00,2026-09-22T15:00:00+00:00,28.1,True,True,True,True,2026-09-22T15:31:54+00:00,2026-09-22T16:00:00+00:00,28.1,True,True,True,True
2026-09-22,Denver,KDEN,KXHIGHDEN-26SEP22,1,prev18Z->00Z,prev18Z,00Z,2026-09-21T18:43:34+00:00,2026-09-22T01:15:49+00:00,2026-09-22T06:45:05+00:00,0.0,0.0,False,False,False,2026-09-22T01:00:00+00:00,15.816666666666666,True,True,True,2026-09-22T02:15:49+00:00,2026-09-22T03:00:00+00:00,44.18333333333333,True,True,True,True,2026-09-22T03:15:49+00:00,2026-09-22T04:00:00+00:00,44.18333333333333,True,True,True,True
2026-09-22,Denver,KDEN,KXHIGHDEN-26SEP22,2,00Z->06Z,00Z,06Z,2026-09-22T01:15:49+00:00,2026-09-22T06:45:05+00:00,2026-09-22T13:31:54+00:00,0.0,0.0,False,False,False,2026-09-22T06:00:00+00:00,45.083333333333336,True,True,True,2026-09-22T07:45:05+00:00,2026-09-22T08:00:00+00:00,14.916666666666666,True,True,True,True,2026-09-22T08:45:05+00:00,2026-09-22T09:00:00+00:00,14.916666666666666,True,True,True,True
2026-09-22,Denver,KDEN,KXHIGHDEN-26SEP22,3,06Z->12Z,06Z,12Z,2026-09-22T06:45:05+00:00,2026-09-22T13:31:54+00:00,,2.0,0.0,True,False,True,2026-09-22T12:00:00+00:00,91.9,False,True,False,2026-09-22T14:31:54+00:00,2026-09-22T15:00:00+00:00,28.1,True,True,True,False,2026-09-22T15:31:54+00:00,2026-09-22T16:00:00+00:00,28.1,True,True,True,False
2026-09-22,NYC,KNYC,KXHIGHNY-26SEP22,1,prev18Z->00Z,prev18Z,00Z,2026-09-21T18:43:34+00:00,2026-09-22T01:15:49+00:00,2026-09-22T06:45:05+00:00,0.0,0.0,False,False,False,2026-09-22T01:00:00+00:00,15.816666666666666,True,True,True,2026-09-22T02:15:49+00:00,2026-09-22T03:00:00+00:00,44.18333333333333,True,True,True,True,2026-09-22T03:15:49+00:00,2026-09-22T05:00:00+00:00,104.18333333333334,False,True,False,False
2026-09-22,NYC,KNYC,KXHIGHNY-26SEP22,2,00Z->06Z,00Z,06Z,2026-09-22T01:15:49+00:00,2026-09-22T06:45:05+00:00,2026-09-22T13:31:54+00:00,0.0,0.0,False,False,False,2026-09-22T06:00:00+00:00,45.083333333333336,True,True,True,2026-09-22T07:45:05+00:00,2026-09-22T08:00:00+00:00,14.916666666666666,True,True,True,True,2026-09-22T08:45:05+00:00,2026-09-22T09:00:00+00:00,14.916666666666666,True,True,True,True
2026-09-22,NYC,KNYC,KXHIGHNY-26SEP22,3,06Z->12Z,06Z,12Z,2026-09-22T06:45:05+00:00,2026-09-22T13:31:54+00:00,,3.0,0.0,True,False,True,2026-09-22T13:00:00+00:00,31.9,True,True,True,2026-09-22T14:31:54+00:00,2026-09-22T15:00:00+00:00,28.1,True,True,True,True,2026-09-22T15:31:54+00:00,2026-09-22T16:00:00+00:00,28.1,True,True,True,True
2026-09-23,Chicago,KMDW,KXHIGHCHI-26SEP23,1,prev18Z->00Z,prev18Z,00Z,2026-09-22T18:43:33+00:00,2026-09-23T01:18:36+00:00,2026-09-23T06:46:11+00:00,-1.0,0.0,True,False,True,2026-09-23T01:00:00+00:00,18.6,True,True,True,2026-09-23T02:18:36+00:00,2026-09-23T03:00:00+00:00,41.4,True,True,True,True,2026-09-23T03:18:36+00:00,2026-09-23T04:00:00+00:00,41.4,True,True,True,True
2026-09-23,Chicago,KMDW,KXHIGHCHI-26SEP23,2,00Z->06Z,00Z,06Z,2026-09-23T01:18:36+00:00,2026-09-23T06:46:11+00:00,2026-09-23T13:35:02+00:00,0.0,0.0,False,False,False,2026-09-23T06:00:00+00:00,46.18333333333333,True,True,True,2026-09-23T07:46:11+00:00,2026-09-23T08:00:00+00:00,13.816666666666666,True,True,True,True,2026-09-23T08:46:11+00:00,2026-09-23T09:00:00+00:00,13.816666666666666,True,True,True,True
2026-09-23,Chicago,KMDW,KXHIGHCHI-26SEP23,3,06Z->12Z,06Z,12Z,2026-09-23T06:46:11+00:00,2026-09-23T13:35:02+00:00,,2.0,1.0,True,True,True,2026-09-23T13:00:00+00:00,35.03333333333333,True,True,True,2026-09-23T14:35:02+00:00,2026-09-23T15:00:00+00:00,24.966666666666665,True,True,True,True,2026-09-23T15:35:02+00:00,2026-09-23T16:00:00+00:00,24.966666666666665,True,True,True,True
2026-09-23,Denver,KDEN,KXHIGHDEN-26SEP23,1,prev18Z->00Z,prev18Z,00Z,2026-09-22T18:43:33+00:00,2026-09-23T01:18:36+00:00,2026-09-23T06:46:11+00:00,0.0,-1.0,False,True,True,2026-09-23T01:00:00+00:00,18.6,True,True,True,2026-09-23T02:18:36+00:00,2026-09-23T03:00:00+00:00,41.4,True,True,True,True,2026-09-23T03:18:36+00:00,2026-09-23T05:00:00+00:00,101.4,False,True,False,False
2026-09-23,Denver,KDEN,KXHIGHDEN-26SEP23,2,00Z->06Z,00Z,06Z,2026-09-23T01:18:36+00:00,2026-09-23T06:46:11+00:00,2026-09-23T13:35:02+00:00,-1.0,0.0,True,False,True,2026-09-23T06:00:00+00:00,46.18333333333333,True,True,True,2026-09-23T07:46:11+00:00,2026-09-23T08:00:00+00:00,13.816666666666666,True,True,True,True,2026-09-23T08:46:11+00:00,2026-09-23T09:00:00+00:00,13.816666666666666,True,True,True,True
2026-09-23,Denver,KDEN,KXHIGHDEN-26SEP23,3,06Z->12Z,06Z,12Z,2026-09-23T06:46:11+00:00,2026-09-23T13:35:02+00:00,,2.0,0.0,True,False,True,2026-09-23T13:00:00+00:00,35.03333333333333,True,True,True,2026-09-23T14:35:02+00:00,2026-09-23T15:00:00+00:00,24.966666666666665,True,True,True,True,2026-09-23T15:35:02+00:00,2026-09-23T16:00:00+00:00,24.966666666666665,True,True,True,True
2026-09-23,NYC,KNYC,KXHIGHNY-26SEP23,1,prev18Z->00Z,prev18Z,00Z,2026-09-22T18:43:33+00:00,2026-09-23T01:18:36+00:00,2026-09-23T06:46:11+00:00,0.0,0.0,False,False,False,2026-09-23T01:00:00+00:00,18.6,True,True,True,2026-09-23T02:18:36+00:00,2026-09-23T03:00:00+00:00,41.4,True,True,True,True,2026-09-23T03:18:36+00:00,2026-09-23T04:00:00+00:00,41.4,True,True,True,True
2026-09-23,NYC,KNYC,KXHIGHNY-26SEP23,2,00Z->06Z,00Z,06Z,2026-09-23T01:18:36+00:00,2026-09-23T06:46:11+00:00,2026-09-23T13:35:02+00:00,0.0,0.0,False,False,False,2026-09-23T06:00:00+00:00,46.18333333333333,True,True,True,2026-09-23T07:46:11+00:00,2026-09-23T08:00:00+00:00,13.816666666666666,True,True,True,True,2026-09-23T08:46:11+00:00,2026-09-23T09:00:00+00:00,13.816666666666666,True,True,True,True
2026-09-23,NYC,KNYC,KXHIGHNY-26SEP23,3,06Z->12Z,06Z,12Z,2026-09-23T06:46:11+00:00,2026-09-23T13:35:02+00:00,,2.0,0.0,True,False,True,2026-09-23T13:00:00+00:00,35.03333333333333,True,True,True,2026-09-23T14:35:02+00:00,2026-09-23T15:00:00+00:00,24.966666666666665,True,True,True,True,2026-09-23T15:35:02+00:00,2026-09-23T16:00:00+00:00,24.966666666666665,True,True,True,True
2026-09-24,Chicago,KMDW,KXHIGHCHI-26SEP24,1,prev18Z->00Z,prev18Z,00Z,2026-09-23T18:55:41+00:00,2026-09-24T14:17:12+00:00,2026-09-24T15:31:56+00:00,0.0,0.0,False,False,False,2026-09-24T14:00:00+00:00,17.2,True,True,True,2026-09-24T15:17:12+00:00,2026-09-24T16:00:00+00:00,42.8,True,False,False,False,2026-09-24T16:17:12+00:00,2026-09-24T17:00:00+00:00,42.8,True,False,False,False
2026-09-24,Chicago,KMDW,KXHIGHCHI-26SEP24,2,00Z->06Z,00Z,06Z,2026-09-24T14:17:12+00:00,2026-09-24T15:31:56+00:00,2026-09-24T16:10:11+00:00,0.0,0.0,False,False,False,2026-09-24T15:00:00+00:00,31.933333333333334,True,True,True,2026-09-24T16:31:56+00:00,2026-09-24T17:00:00+00:00,28.066666666666666,True,False,False,False,2026-09-24T17:31:56+00:00,2026-09-24T18:00:00+00:00,28.066666666666666,True,False,False,False
2026-09-24,Chicago,KMDW,KXHIGHCHI-26SEP24,3,06Z->12Z,06Z,12Z,2026-09-24T15:31:56+00:00,2026-09-24T16:10:11+00:00,,3.0,-1.0,True,True,True,2026-09-24T16:00:00+00:00,10.183333333333334,True,True,True,2026-09-24T17:10:11+00:00,2026-09-24T18:00:00+00:00,49.81666666666667,True,True,True,True,2026-09-24T18:10:11+00:00,2026-09-24T19:00:00+00:00,49.81666666666667,True,True,True,True
2026-09-24,Denver,KDEN,KXHIGHDEN-26SEP24,1,prev18Z->00Z,prev18Z,00Z,2026-09-23T18:55:41+00:00,2026-09-24T14:17:12+00:00,2026-09-24T15:31:56+00:00,2.0,-1.0,True,True,True,2026-09-24T14:00:00+00:00,17.2,True,True,True,2026-09-24T15:17:12+00:00,2026-09-24T16:00:00+00:00,42.8,True,False,False,False,2026-09-24T16:17:12+00:00,2026-09-24T17:00:00+00:00,42.8,True,False,False,False
2026-09-24,Denver,KDEN,KXHIGHDEN-26SEP24,2,00Z->06Z,00Z,06Z,2026-09-24T14:17:12+00:00,2026-09-24T15:31:56+00:00,2026-09-24T16:10:11+00:00,1.0,0.0,True,False,True,2026-09-24T15:00:00+00:00,31.933333333333334,True,True,True,2026-09-24T16:31:56+00:00,2026-09-24T17:00:00+00:00,28.066666666666666,True,False,False,False,2026-09-24T17:31:56+00:00,2026-09-24T18:00:00+00:00,28.066666666666666,True,False,False,False
2026-09-24,Denver,KDEN,KXHIGHDEN-26SEP24,3,06Z->12Z,06Z,12Z,2026-09-24T15:31:56+00:00,2026-09-24T16:10:11+00:00,,3.0,-1.0,True,True,True,2026-09-24T16:00:00+00:00,10.183333333333334,True,True,True,2026-09-24T17:10:11+00:00,2026-09-24T18:00:00+00:00,49.81666666666667,True,True,True,True,2026-09-24T18:10:11+00:00,2026-09-24T19:00:00+00:00,49.81666666666667,True,True,True,True
2026-09-24,NYC,KNYC,KXHIGHNY-26SEP24,1,prev18Z->00Z,prev18Z,00Z,2026-09-23T18:55:41+00:00,2026-09-24T14:17:12+00:00,2026-09-24T15:31:56+00:00,1.0,-1.0,True,True,True,2026-09-24T14:00:00+00:00,17.2,True,True,True,2026-09-24T15:17:12+00:00,2026-09-24T16:00:00+00:00,42.8,True,False,False,False,2026-09-24T16:17:12+00:00,2026-09-24T17:00:00+00:00,42.8,True,False,False,False
2026-09-24,NYC,KNYC,KXHIGHNY-26SEP24,2,00Z->06Z,00Z,06Z,2026-09-24T14:17:12+00:00,2026-09-24T15:31:56+00:00,2026-09-24T16:10:11+00:00,-1.0,1.0,True,True,True,2026-09-24T15:00:00+00:00,31.933333333333334,True,True,True,2026-09-24T16:31:56+00:00,2026-09-24T17:00:00+00:00,28.066666666666666,True,False,False,False,2026-09-24T17:31:56+00:00,2026-09-24T18:00:00+00:00,28.066666666666666,True,False,False,False
2026-09-24,NYC,KNYC,KXHIGHNY-26SEP24,3,06Z->12Z,06Z,12Z,2026-09-24T15:31:56+00:00,2026-09-24T16:10:11+00:00,,1.0,-1.0,True,True,True,2026-09-24T16:00:00+00:00,10.183333333333334,True,True,True,2026-09-24T17:10:11+00:00,2026-09-24T18:00:00+00:00,49.81666666666667,True,True,True,True,2026-09-24T18:10:11+00:00,2026-09-24T19:00:00+00:00,49.81666666666667,True,True,True,True
2026-09-25,Chicago,KMDW,KXHIGHCHI-26SEP25,1,prev18Z->00Z,prev18Z,00Z,2026-09-24T18:43:09+00:00,2026-09-25T01:18:04+00:00,2026-09-25T06:42:42+00:00,0.0,0.0,False,False,False,2026-09-25T01:00:00+00:00,18.066666666666666,True,True,True,2026-09-25T02:18:04+00:00,2026-09-25T03:00:00+00:00,41.93333333333333,True,True,True,True,2026-09-25T03:18:04+00:00,2026-09-25T04:00:00+00:00,41.93333333333333,True,True,True,True
2026-09-25,Chicago,KMDW,KXHIGHCHI-26SEP25,2,00Z->06Z,00Z,06Z,2026-09-25T01:18:04+00:00,2026-09-25T06:42:42+00:00,2026-09-25T13:17:46+00:00,0.0,0.0,False,False,False,2026-09-25T06:00:00+00:00,42.7,True,True,True,2026-09-25T07:42:42+00:00,2026-09-25T08:00:00+00:00,17.3,True,True,True,True,2026-09-25T08:42:42+00:00,2026-09-25T09:00:00+00:00,17.3,True,True,True,True
2026-09-25,Chicago,KMDW,KXHIGHCHI-26SEP25,3,06Z->12Z,06Z,12Z,2026-09-25T06:42:42+00:00,2026-09-25T13:17:46+00:00,,2.0,-1.0,True,True,True,2026-09-25T13:00:00+00:00,17.766666666666666,True,True,True,2026-09-25T14:17:46+00:00,2026-09-25T15:00:00+00:00,42.233333333333334,True,True,True,True,2026-09-25T15:17:46+00:00,2026-09-25T16:00:00+00:00,42.233333333333334,True,True,True,True
2026-09-25,Denver,KDEN,KXHIGHDEN-26SEP25,1,prev18Z->00Z,prev18Z,00Z,2026-09-24T18:43:09+00:00,2026-09-25T01:18:04+00:00,2026-09-25T06:42:42+00:00,0.0,0.0,False,False,False,2026-09-25T01:00:00+00:00,18.066666666666666,True,True,True,2026-09-25T02:18:04+00:00,2026-09-25T03:00:00+00:00,41.93333333333333,True,True,True,True,2026-09-25T03:18:04+00:00,2026-09-25T04:00:00+00:00,41.93333333333333,True,True,True,True
2026-09-25,Denver,KDEN,KXHIGHDEN-26SEP25,2,00Z->06Z,00Z,06Z,2026-09-25T01:18:04+00:00,2026-09-25T06:42:42+00:00,2026-09-25T13:17:46+00:00,0.0,-1.0,False,True,True,2026-09-25T06:00:00+00:00,42.7,True,True,True,2026-09-25T07:42:42+00:00,2026-09-25T08:00:00+00:00,17.3,True,True,True,True,2026-09-25T08:42:42+00:00,2026-09-25T09:00:00+00:00,17.3,True,True,True,True
2026-09-25,Denver,KDEN,KXHIGHDEN-26SEP25,3,06Z->12Z,06Z,12Z,2026-09-25T06:42:42+00:00,2026-09-25T13:17:46+00:00,,1.0,0.0,True,False,True,2026-09-25T13:00:00+00:00,17.766666666666666,True,True,True,2026-09-25T14:17:46+00:00,2026-09-25T15:00:00+00:00,42.233333333333334,True,True,True,True,2026-09-25T15:17:46+00:00,2026-09-25T16:00:00+00:00,42.233333333333334,True,True,True,True
2026-09-25,NYC,KNYC,KXHIGHNY-26SEP25,1,prev18Z->00Z,prev18Z,00Z,2026-09-24T18:43:09+00:00,2026-09-25T01:18:04+00:00,2026-09-25T06:42:42+00:00,1.0,-1.0,True,True,True,2026-09-25T01:00:00+00:00,18.066666666666666,True,True,True,2026-09-25T02:18:04+00:00,2026-09-25T03:00:00+00:00,41.93333333333333,True,True,True,True,2026-09-25T03:18:04+00:00,2026-09-25T04:00:00+00:00,41.93333333333333,True,True,True,True
2026-09-25,NYC,KNYC,KXHIGHNY-26SEP25,2,00Z->06Z,00Z,06Z,2026-09-25T01:18:04+00:00,2026-09-25T06:42:42+00:00,2026-09-25T13:17:46+00:00,1.0,-1.0,True,True,True,2026-09-25T06:00:00+00:00,42.7,True,True,True,2026-09-25T07:42:42+00:00,2026-09-25T08:00:00+00:00,17.3,True,True,True,True,2026-09-25T08:42:42+00:00,2026-09-25T09:00:00+00:00,17.3,True,True,True,True
2026-09-25,NYC,KNYC,KXHIGHNY-26SEP25,3,06Z->12Z,06Z,12Z,2026-09-25T06:42:42+00:00,2026-09-25T13:17:46+00:00,,1.0,-1.0,True,True,True,2026-09-25T13:00:00+00:00,17.766666666666666,True,True,True,2026-09-25T14:17:46+00:00,2026-09-25T15:00:00+00:00,42.233333333333334,True,True,True,True,2026-09-25T15:17:46+00:00,2026-09-25T16:00:00+00:00,42.233333333333334,True,True,True,True
2026-09-26,Chicago,KMDW,KXHIGHCHI-26SEP26,1,prev18Z->00Z,prev18Z,00Z,2026-09-25T18:56:07+00:00,2026-09-26T01:16:28+00:00,2026-09-26T06:47:47+00:00,0.0,1.0,False,True,True,2026-09-26T01:00:00+00:00,16.466666666666665,True,True,True,2026-09-26T02:16:28+00:00,2026-09-26T03:00:00+00:00,43.53333333333333,True,True,True,True,2026-09-26T03:16:28+00:00,2026-09-26T04:00:00+00:00,43.53333333333333,True,True,True,True
2026-09-26,Chicago,KMDW,KXHIGHCHI-26SEP26,2,00Z->06Z,00Z,06Z,2026-09-26T01:16:28+00:00,2026-09-26T06:47:47+00:00,2026-09-26T13:42:51+00:00,0.0,-1.0,False,True,True,2026-09-26T06:00:00+00:00,47.78333333333333,True,True,True,2026-09-26T07:47:47+00:00,2026-09-26T08:00:00+00:00,12.216666666666667,True,True,True,True,2026-09-26T08:47:47+00:00,2026-09-26T09:00:00+00:00,12.216666666666667,True,True,True,True
2026-09-26,Chicago,KMDW,KXHIGHCHI-26SEP26,3,06Z->12Z,06Z,12Z,2026-09-26T06:47:47+00:00,2026-09-26T13:42:51+00:00,,1.0,0.0,True,False,True,2026-09-26T13:00:00+00:00,42.85,True,True,True,2026-09-26T14:42:51+00:00,2026-09-26T15:00:00+00:00,17.15,True,True,True,True,2026-09-26T15:42:51+00:00,2026-09-26T16:00:00+00:00,17.15,True,True,True,True
2026-09-26,Denver,KDEN,KXHIGHDEN-26SEP26,1,prev18Z->00Z,prev18Z,00Z,2026-09-25T18:56:07+00:00,2026-09-26T01:16:28+00:00,2026-09-26T06:47:47+00:00,0.0,0.0,False,False,False,2026-09-26T01:00:00+00:00,16.466666666666665,True,True,True,2026-09-26T02:16:28+00:00,2026-09-26T03:00:00+00:00,43.53333333333333,True,True,True,True,2026-09-26T03:16:28+00:00,2026-09-26T04:00:00+00:00,43.53333333333333,True,True,True,True
2026-09-26,Denver,KDEN,KXHIGHDEN-26SEP26,2,00Z->06Z,00Z,06Z,2026-09-26T01:16:28+00:00,2026-09-26T06:47:47+00:00,2026-09-26T13:42:51+00:00,0.0,0.0,False,False,False,2026-09-26T06:00:00+00:00,47.78333333333333,True,True,True,2026-09-26T07:47:47+00:00,2026-09-26T08:00:00+00:00,12.216666666666667,True,True,True,True,2026-09-26T08:47:47+00:00,2026-09-26T09:00:00+00:00,12.216666666666667,True,True,True,True
2026-09-26,Denver,KDEN,KXHIGHDEN-26SEP26,3,06Z->12Z,06Z,12Z,2026-09-26T06:47:47+00:00,2026-09-26T13:42:51+00:00,,1.0,-1.0,True,True,True,2026-09-26T13:00:00+00:00,42.85,True,True,True,2026-09-26T14:42:51+00:00,2026-09-26T15:00:00+00:00,17.15,True,True,True,True,2026-09-26T15:42:51+00:00,2026-09-26T16:00:00+00:00,17.15,True,True,True,True
2026-09-26,NYC,KNYC,KXHIGHNY-26SEP26,1,prev18Z->00Z,prev18Z,00Z,2026-09-25T18:56:07+00:00,2026-09-26T01:16:28+00:00,2026-09-26T06:47:47+00:00,0.0,0.0,False,False,False,2026-09-26T01:00:00+00:00,16.466666666666665,True,True,True,2026-09-26T02:16:28+00:00,2026-09-26T03:00:00+00:00,43.53333333333333,True,True,True,True,2026-09-26T03:16:28+00:00,2026-09-26T04:00:00+00:00,43.53333333333333,True,True,True,True
2026-09-26,NYC,KNYC,KXHIGHNY-26SEP26,2,00Z->06Z,00Z,06Z,2026-09-26T01:16:28+00:00,2026-09-26T06:47:47+00:00,2026-09-26T13:42:51+00:00,-1.0,-1.0,True,True,True,2026-09-26T06:00:00+00:00,47.78333333333333,True,True,True,2026-09-26T07:47:47+00:00,2026-09-26T08:00:00+00:00,12.216666666666667,True,True,True,True,2026-09-26T08:47:47+00:00,2026-09-26T09:00:00+00:00,12.216666666666667,True,True,True,True
2026-09-26,NYC,KNYC,KXHIGHNY-26SEP26,3,06Z->12Z,06Z,12Z,2026-09-26T06:47:47+00:00,2026-09-26T13:42:51+00:00,,2.0,1.0,True,True,True,2026-09-26T13:00:00+00:00,42.85,True,True,True,2026-09-26T14:42:51+00:00,2026-09-26T15:00:00+00:00,17.15,True,True,True,True,2026-09-26T15:42:51+00:00,2026-09-26T16:00:00+00:00,17.15,True,True,True,True
2026-09-27,Chicago,KMDW,KXHIGHCHI-26SEP27,1,prev18Z->00Z,prev18Z,00Z,2026-09-26T18:51:26+00:00,2026-09-27T01:26:03+00:00,2026-09-27T06:56:04+00:00,0.0,1.0,False,True,True,2026-09-27T01:00:00+00:00,26.05,True,True,True,2026-09-27T02:26:03+00:00,2026-09-27T03:00:00+00:00,33.95,True,True,True,True,2026-09-27T03:26:03+00:00,2026-09-27T04:00:00+00:00,33.95,True,True,True,True
2026-09-27,Chicago,KMDW,KXHIGHCHI-26SEP27,2,00Z->06Z,00Z,06Z,2026-09-27T01:26:03+00:00,2026-09-27T06:56:04+00:00,2026-09-27T13:29:36+00:00,0.0,-1.0,False,True,True,2026-09-27T06:00:00+00:00,56.06666666666667,True,True,True,2026-09-27T07:56:04+00:00,2026-09-27T08:00:00+00:00,3.933333333333333,True,True,True,True,2026-09-27T08:56:04+00:00,2026-09-27T09:00:00+00:00,3.933333333333333,True,True,True,True
2026-09-27,Chicago,KMDW,KXHIGHCHI-26SEP27,3,06Z->12Z,06Z,12Z,2026-09-27T06:56:04+00:00,2026-09-27T13:29:36+00:00,,1.0,0.0,True,False,True,2026-09-27T13:00:00+00:00,29.6,True,True,True,2026-09-27T14:29:36+00:00,2026-09-27T15:00:00+00:00,30.4,True,True,True,True,2026-09-27T15:29:36+00:00,2026-09-27T16:00:00+00:00,30.4,True,True,True,True
2026-09-27,Denver,KDEN,KXHIGHDEN-26SEP27,1,prev18Z->00Z,prev18Z,00Z,2026-09-26T18:51:26+00:00,2026-09-27T01:26:03+00:00,2026-09-27T06:56:04+00:00,-1.0,0.0,True,False,True,2026-09-27T01:00:00+00:00,26.05,True,True,True,2026-09-27T02:26:03+00:00,2026-09-27T03:00:00+00:00,33.95,True,True,True,True,2026-09-27T03:26:03+00:00,2026-09-27T04:00:00+00:00,33.95,True,True,True,True
2026-09-27,Denver,KDEN,KXHIGHDEN-26SEP27,2,00Z->06Z,00Z,06Z,2026-09-27T01:26:03+00:00,2026-09-27T06:56:04+00:00,2026-09-27T13:29:36+00:00,1.0,-1.0,True,True,True,2026-09-27T06:00:00+00:00,56.06666666666667,True,True,True,2026-09-27T07:56:04+00:00,2026-09-27T08:00:00+00:00,3.933333333333333,True,True,True,True,2026-09-27T08:56:04+00:00,2026-09-27T09:00:00+00:00,3.933333333333333,True,True,True,True
2026-09-27,Denver,KDEN,KXHIGHDEN-26SEP27,3,06Z->12Z,06Z,12Z,2026-09-27T06:56:04+00:00,2026-09-27T13:29:36+00:00,,1.0,1.0,True,True,True,2026-09-27T13:00:00+00:00,29.6,True,True,True,2026-09-27T14:29:36+00:00,2026-09-27T15:00:00+00:00,30.4,True,True,True,True,2026-09-27T15:29:36+00:00,2026-09-27T16:00:00+00:00,30.4,True,True,True,True
2026-09-27,NYC,KNYC,KXHIGHNY-26SEP27,1,prev18Z->00Z,prev18Z,00Z,2026-09-26T18:51:26+00:00,2026-09-27T01:26:03+00:00,2026-09-27T06:56:04+00:00,0.0,0.0,False,False,False,2026-09-27T01:00:00+00:00,26.05,True,True,True,2026-09-27T02:26:03+00:00,2026-09-27T03:00:00+00:00,33.95,True,True,True,True,2026-09-27T03:26:03+00:00,2026-09-27T04:00:00+00:00,33.95,True,True,True,True
2026-09-27,NYC,KNYC,KXHIGHNY-26SEP27,2,00Z->06Z,00Z,06Z,2026-09-27T01:26:03+00:00,2026-09-27T06:56:04+00:00,2026-09-27T13:29:36+00:00,0.0,0.0,False,False,False,2026-09-27T06:00:00+00:00,56.06666666666667,True,True,True,2026-09-27T07:56:04+00:00,2026-09-27T08:00:00+00:00,3.933333333333333,True,True,True,True,2026-09-27T08:56:04+00:00,2026-09-27T09:00:00+00:00,3.933333333333333,True,True,True,True
2026-09-27,NYC,KNYC,KXHIGHNY-26SEP27,3,06Z->12Z,06Z,12Z,2026-09-27T06:56:04+00:00,2026-09-27T13:29:36+00:00,,2.0,0.0,True,False,True,2026-09-27T13:00:00+00:00,29.6,True,True,True,2026-09-27T14:29:36+00:00,2026-09-27T15:00:00+00:00,30.4,True,True,True,True,2026-09-27T15:29:36+00:00,2026-09-27T16:00:00+00:00,30.4,True,True,True,True
2026-09-28,Chicago,KMDW,KXHIGHCHI-26SEP28,1,prev18Z->00Z,prev18Z,00Z,2026-09-27T18:55:48+00:00,2026-09-28T01:26:35+00:00,2026-09-28T06:45:15+00:00,0.0,0.0,False,False,False,2026-09-28T01:00:00+00:00,26.583333333333332,True,True,True,2026-09-28T02:26:35+00:00,2026-09-28T03:00:00+00:00,33.416666666666664,True,True,True,True,2026-09-28T03:26:35+00:00,2026-09-28T04:00:00+00:00,33.416666666666664,True,True,True,True
2026-09-28,Chicago,KMDW,KXHIGHCHI-26SEP28,2,00Z->06Z,00Z,06Z,2026-09-28T01:26:35+00:00,2026-09-28T06:45:15+00:00,2026-09-28T13:28:51+00:00,0.0,0.0,False,False,False,2026-09-28T06:00:00+00:00,45.25,True,True,True,2026-09-28T07:45:15+00:00,2026-09-28T08:00:00+00:00,14.75,True,True,True,True,2026-09-28T08:45:15+00:00,2026-09-28T09:00:00+00:00,14.75,True,True,True,True
2026-09-28,Chicago,KMDW,KXHIGHCHI-26SEP28,3,06Z->12Z,06Z,12Z,2026-09-28T06:45:15+00:00,2026-09-28T13:28:51+00:00,,1.0,0.0,True,False,True,2026-09-28T13:00:00+00:00,28.85,True,True,True,2026-09-28T14:28:51+00:00,2026-09-28T15:00:00+00:00,31.15,True,True,True,True,2026-09-28T15:28:51+00:00,2026-09-28T16:00:00+00:00,31.15,True,True,True,True
2026-09-28,Denver,KDEN,KXHIGHDEN-26SEP28,1,prev18Z->00Z,prev18Z,00Z,2026-09-27T18:55:48+00:00,2026-09-28T01:26:35+00:00,2026-09-28T06:45:15+00:00,0.0,0.0,False,False,False,2026-09-28T01:00:00+00:00,26.583333333333332,True,True,True,2026-09-28T02:26:35+00:00,2026-09-28T03:00:00+00:00,33.416666666666664,True,True,True,True,2026-09-28T03:26:35+00:00,2026-09-28T04:00:00+00:00,33.416666666666664,True,True,True,True
2026-09-28,Denver,KDEN,KXHIGHDEN-26SEP28,2,00Z->06Z,00Z,06Z,2026-09-28T01:26:35+00:00,2026-09-28T06:45:15+00:00,2026-09-28T13:28:51+00:00,0.0,1.0,False,True,True,2026-09-28T06:00:00+00:00,45.25,True,True,True,2026-09-28T07:45:15+00:00,2026-09-28T08:00:00+00:00,14.75,True,True,True,True,2026-09-28T08:45:15+00:00,2026-09-28T09:00:00+00:00,14.75,True,True,True,True
2026-09-28,Denver,KDEN,KXHIGHDEN-26SEP28,3,06Z->12Z,06Z,12Z,2026-09-28T06:45:15+00:00,2026-09-28T13:28:51+00:00,,1.0,-1.0,True,True,True,2026-09-28T13:00:00+00:00,28.85,True,True,True,2026-09-28T14:28:51+00:00,2026-09-28T15:00:00+00:00,31.15,True,True,True,True,2026-09-28T15:28:51+00:00,2026-09-28T16:00:00+00:00,31.15,True,True,True,True
2026-09-28,NYC,KNYC,KXHIGHNY-26SEP28,1,prev18Z->00Z,prev18Z,00Z,2026-09-27T18:55:48+00:00,2026-09-28T01:26:35+00:00,2026-09-28T06:45:15+00:00,0.0,0.0,False,False,False,2026-09-28T01:00:00+00:00,26.583333333333332,True,True,True,2026-09-28T02:26:35+00:00,2026-09-28T03:00:00+00:00,33.416666666666664,True,True,True,True,2026-09-28T03:26:35+00:00,2026-09-28T04:00:00+00:00,33.416666666666664,True,True,True,True
2026-09-28,NYC,KNYC,KXHIGHNY-26SEP28,2,00Z->06Z,00Z,06Z,2026-09-28T01:26:35+00:00,2026-09-28T06:45:15+00:00,2026-09-28T13:28:51+00:00,-1.0,0.0,True,False,True,2026-09-28T06:00:00+00:00,45.25,True,True,True,2026-09-28T07:45:15+00:00,2026-09-28T08:00:00+00:00,14.75,True,True,True,True,2026-09-28T08:45:15+00:00,2026-09-28T09:00:00+00:00,14.75,True,True,True,True
2026-09-28,NYC,KNYC,KXHIGHNY-26SEP28,3,06Z->12Z,06Z,12Z,2026-09-28T06:45:15+00:00,2026-09-28T13:28:51+00:00,,1.0,-1.0,True,True,True,2026-09-28T13:00:00+00:00,28.85,True,True,True,2026-09-28T14:28:51+00:00,2026-09-28T15:00:00+00:00,31.15,True,True,True,True,2026-09-28T15:28:51+00:00,2026-09-28T16:00:00+00:00,31.15,True,True,True,True
